ISO-10303-21;
HEADER;
FILE_DESCRIPTION (( 'STEP AP214' ),
    '1' );
FILE_NAME ('Ô²ÈóÒ¶×Ó°´Å¥0807.STEP',
    '2026-08-07T02:59:32',
    ( '' ),
    ( '' ),
    'SwSTEP 2.0',
    'SolidWorks 2024',
    '' );
FILE_SCHEMA (( 'AUTOMOTIVE_DESIGN' ));
ENDSEC;

DATA;
#1 = CARTESIAN_POINT ( 'NONE',  ( 18.50812598112392848, -35.51309390021345536, -1.100000000000000755 ) ) ;
#2 = CARTESIAN_POINT ( 'NONE',  ( 17.74964299547889013, -34.90081158914681225, -1.100000000000000089 ) ) ;
#3 = CARTESIAN_POINT ( 'NONE',  ( 22.23855376407080442, -36.96137897786795179, 0.000000000000000000 ) ) ;
#4 = CARTESIAN_POINT ( 'NONE',  ( 24.15513798092587550, -37.08235198053294823, -1.099999999999999867 ) ) ;
#5 = CARTESIAN_POINT ( 'NONE',  ( 23.51623108890957425, -36.56661855100701786, -1.600000000000000089 ) ) ;
#6 = CARTESIAN_POINT ( 'NONE',  ( 24.50917408072100301, -34.69536581075768567, -2.168404344971008868E-16 ) ) ;
#7 = CARTESIAN_POINT ( 'NONE',  ( 23.60822652396511145, -32.79301843988413623, 1.000000000000000444 ) ) ;
#8 = B_SPLINE_SURFACE_WITH_KNOTS ( 'NONE', 3, 1, ( 
 ( #401, #922 ),
 ( #183, #831 ),
 ( #523, #108 ),
 ( #1228, #621 ),
 ( #822, #188 ),
 ( #939, #607 ),
 ( #836, #613 ),
 ( #194, #1318 ),
 ( #1334, #1041 ),
 ( #392, #944 ),
 ( #406, #1035 ),
 ( #305, #732 ),
 ( #503, #300 ),
 ( #397, #1030 ),
 ( #1217, #928 ),
 ( #1139, #206 ),
 ( #634, #528 ),
 ( #727, #1047 ),
 ( #1135, #827 ),
 ( #95, #510 ),
 ( #720, #287 ),
 ( #714, #1222 ) ),
 .UNSPECIFIED., .F., .F., .F.,
 ( 4, 1, 1, 1, 1, 1, 1, 1, 1, 1, 1, 1, 1, 1, 1, 1, 1, 1, 1, 4 ),
 ( 2, 2 ),
 ( 0.5000000000000000000, 0.5312500000000000000, 0.5625000000000000000, 0.5937500000000000000, 0.6250000000000000000, 0.6406250000000000000, 0.6562500000000000000, 0.6718750000000000000, 0.6875000000000000000, 0.7187500000000000000, 0.7500000000000000000, 0.7812500000000000000, 0.8125000000000000000, 0.8750000000000000000, 0.9062500000000000000, 0.9375000000000000000, 0.9531250000000000000, 0.9687500000000000000, 0.9843750000000000000, 1.000000002245616360 ),
 ( 0.000000000000000000, 1.000000000000000000 ),
 .UNSPECIFIED. ) ;
#9 = DIRECTION ( 'NONE',  ( -0.000000000000000000, -0.000000000000000000, -1.000000000000000000 ) ) ;
#10 = CARTESIAN_POINT ( 'NONE',  ( 17.68034256771226254, -34.83792178698112707, -1.100000000000000533 ) ) ;
#11 = CARTESIAN_POINT ( 'NONE',  ( 22.54346354040798772, -36.93382257540268654, 1.000000000000000000 ) ) ;
#12 = CARTESIAN_POINT ( 'NONE',  ( 23.64901309545146901, -33.60958139282050894, 0.9999999999999997780 ) ) ;
#13 = CARTESIAN_POINT ( 'NONE',  ( 16.71337457062242038, -31.16225426047708780, -5.636640493397014851E-15 ) ) ;
#14 = CARTESIAN_POINT ( 'NONE',  ( 19.99919628113297421, -36.37633384845709372, -3.309025030370022779E-14 ) ) ;
#15 = DIRECTION ( 'NONE',  ( 0.000000000000000000, 0.000000000000000000, -1.000000000000000000 ) ) ;
#16 = CARTESIAN_POINT ( 'NONE',  ( 24.52942973664140780, -32.19914411060481996, 1.113704823941253067E-13 ) ) ;
#17 = CARTESIAN_POINT ( 'NONE',  ( 17.37847663290682121, -30.33338912793897535, -1.100000000000000755 ) ) ;
#18 = CARTESIAN_POINT ( 'NONE',  ( 16.64190871350758982, -33.40672512724947296, -1.100000000000000533 ) ) ;
#19 = CARTESIAN_POINT ( 'NONE',  ( 20.64186629884305546, -36.66674320832687073, 1.000000000000000000 ) ) ;
#20 = CARTESIAN_POINT ( 'NONE',  ( 16.33649408644694034, -30.25748168949909811, -1.600000000000000755 ) ) ;
#21 = CARTESIAN_POINT ( 'NONE',  ( 23.35172794130086160, -35.11133215338279712, 1.000000000000000000 ) ) ;
#22 = CARTESIAN_POINT ( 'NONE',  ( 24.59750450605080019, -34.16241106584244136, -2.168404344971008868E-16 ) ) ;
#23 = CARTESIAN_POINT ( 'NONE',  ( 24.13851798843538532, -30.92574341574665908, 2.168404345370734303E-16 ) ) ;
#24 = CARTESIAN_POINT ( 'NONE',  ( 17.28444964104831527, -34.44822513056061553, -1.100000000000000755 ) ) ;
#25 = CARTESIAN_POINT ( 'NONE',  ( 17.12887674279856398, -34.24472337427119584, -1.100000000000000311 ) ) ;
#26 = CARTESIAN_POINT ( 'NONE',  ( 21.40009348604872841, -36.88561850908497775, 2.171350355795957346E-14 ) ) ;
#27 = CARTESIAN_POINT ( 'NONE',  ( 22.54983166647106430, -30.16703755850734936, 0.9999999999999997780 ) ) ;
#28 = CARTESIAN_POINT ( 'NONE',  ( 24.15360115244448025, -35.78403075509487508, 0.9999999999999052980 ) ) ;
#29 = CARTESIAN_POINT ( 'NONE',  ( 0.000000000000000000, 0.000000000000000000, 0.000000000000000000 ) ) ;
#30 = CARTESIAN_POINT ( 'NONE',  ( 23.62637965022758380, -36.48853445129997652, -1.100000000000000755 ) ) ;
#31 = CARTESIAN_POINT ( 'NONE',  ( 17.13758887177812440, -34.25596166958159472, -1.100000000000000533 ) ) ;
#32 = CARTESIAN_POINT ( 'NONE',  ( 19.54016187280832639, -30.09921788344160376, 1.000000000000000000 ) ) ;
#33 = CARTESIAN_POINT ( 'NONE',  ( 19.41502543556408256, -36.06526014494544796, 0.9999999999999775735 ) ) ;
#34 =( NAMED_UNIT ( * ) PLANE_ANGLE_UNIT ( ) SI_UNIT ( $, .RADIAN. ) );
#35 = CARTESIAN_POINT ( 'NONE',  ( 23.03308033209089700, -29.22433385904758651, 3.252606517456513795E-16 ) ) ;
#36 = CARTESIAN_POINT ( 'NONE',  ( 17.60664709483862822, -30.14675028566473003, 1.112272211379304028E-14 ) ) ;
#37 = CARTESIAN_POINT ( 'NONE',  ( 22.64910328134538631, -36.92867136373926229, -3.252606517456513302E-16 ) ) ;
#38 = CARTESIAN_POINT ( 'NONE',  ( 20.65099361068335782, -37.53954153599529064, -1.099999999999999867 ) ) ;
#39 = ORIENTED_EDGE ( 'NONE', *, *, #800, .T. ) ;
#40 = CARTESIAN_POINT ( 'NONE',  ( 23.53933840213468542, -34.41693225855202343, 1.000000000000000000 ) ) ;
#41 = CARTESIAN_POINT ( 'NONE',  ( 24.60433821332505389, -32.54304767112508046, -2.168404344971008868E-16 ) ) ;
#42 = CARTESIAN_POINT ( 'NONE',  ( 21.19044344768085963, -28.55371724555523372, -0.000000000000000000 ) ) ;
#43 = CARTESIAN_POINT ( 'NONE',  ( 23.03700599252919901, -36.82073368393626112, 0.000000000000000000 ) ) ;
#44 = CARTESIAN_POINT ( 'NONE',  ( 18.23610002027330523, -30.92403197375500312, 1.000000000000000000 ) ) ;
#45 = CARTESIAN_POINT ( 'NONE',  ( 17.01940521700011288, -30.71113935908165971, -1.100000000000000311 ) ) ;
#46 = CARTESIAN_POINT ( 'NONE',  ( 22.17428830363978776, -28.66180283329501677, -1.100000000000000311 ) ) ;
#47 = CARTESIAN_POINT ( 'NONE',  ( 20.72121524525181968, -35.61233165151952562, 1.000000000000000000 ) ) ;
#48 =( NAMED_UNIT ( * ) SI_UNIT ( $, .STERADIAN. ) SOLID_ANGLE_UNIT ( ) );
#49 = CARTESIAN_POINT ( 'NONE',  ( 23.70365315311255827, -28.73123781753498207, -1.100000000000000089 ) ) ;
#50 = CARTESIAN_POINT ( 'NONE',  ( 17.89324679158045939, -31.23606292000192042, 1.000000000000000000 ) ) ;
#51 = CARTESIAN_POINT ( 'NONE',  ( 16.76451844637696453, -31.06436812314768758, -1.100000000000000089 ) ) ;
#52 = CARTESIAN_POINT ( 'NONE',  ( 23.41624723872607206, -29.63549945459721258, -1.100000000000000311 ) ) ;
#53 = ORIENTED_EDGE ( 'NONE', *, *, #597, .T. ) ;
#54 = CARTESIAN_POINT ( 'NONE',  ( 22.85179204112036899, -35.80529165020345062, 0.9999999999999995559 ) ) ;
#55 = CARTESIAN_POINT ( 'NONE',  ( 24.36723679087637251, -31.48054834630119458, -1.100000000000000755 ) ) ;
#56 = CARTESIAN_POINT ( 'NONE',  ( 22.51327369204238593, -35.92898384388995225, 0.9999999999999993339 ) ) ;
#57 = CARTESIAN_POINT ( 'NONE',  ( 17.36613329689127383, -30.35488352400585654, 6.013621646325573254E-15 ) ) ;
#58 = CARTESIAN_POINT ( 'NONE',  ( 21.94328922096359591, -36.96178094870258946, -3.252606517456513795E-16 ) ) ;
#59 = CARTESIAN_POINT ( 'NONE',  ( 21.06631202985925100, -28.56820752734084223, -1.100000000000000311 ) ) ;
#60 = CARTESIAN_POINT ( 'NONE',  ( 25.40437779054990841, -34.23864834058822026, -1.100000000000000089 ) ) ;
#61 = CARTESIAN_POINT ( 'NONE',  ( 22.84353502732436425, -36.87524127610380731, -1.100000000000000089 ) ) ;
#62 = CARTESIAN_POINT ( 'NONE',  ( 23.15068440698145125, -35.52723537229462636, 1.000000000000000000 ) ) ;
#63 = PLANE ( 'NONE',  #315 ) ;
#64 = CARTESIAN_POINT ( 'NONE',  ( 17.97609868116019527, -33.71503178532579881, 1.000000000000000000 ) ) ;
#65 = CARTESIAN_POINT ( 'NONE',  ( 18.18759363728995737, -29.72551122284368219, 0.9999999999997767341 ) ) ;
#66 = CARTESIAN_POINT ( 'NONE',  ( 22.97737926350973225, -29.18470275859452912, -1.100000000000000089 ) ) ;
#67 = ORIENTED_EDGE ( 'NONE', *, *, #1095, .F. ) ;
#68 = CARTESIAN_POINT ( 'NONE',  ( 16.53214625133802329, -33.09571614207496992, 1.000000000000023093 ) ) ;
#69 = CARTESIAN_POINT ( 'NONE',  ( 21.98376705115006402, -36.95545913124426107, -1.100000000000000311 ) ) ;
#70 = CARTESIAN_POINT ( 'NONE',  ( 23.89027211599563216, -36.20764240430612801, 0.9999999999999972244 ) ) ;
#71 = CARTESIAN_POINT ( 'NONE',  ( 18.69742191925247354, -29.41521318045237976, -2.168404344971008868E-16 ) ) ;
#72 = CARTESIAN_POINT ( 'NONE',  ( 20.08273185884341672, -35.29785308314196612, 1.000000000000000000 ) ) ;
#73 = CARTESIAN_POINT ( 'NONE',  ( 20.42391484937638779, -28.70215824844726527, 1.117763117058507757E-14 ) ) ;
#74 = CARTESIAN_POINT ( 'NONE',  ( 23.51623108890957425, -36.56661855100701786, -1.100000000000000533 ) ) ;
#75 = ORIENTED_EDGE ( 'NONE', *, *, #837, .T. ) ;
#76 = CARTESIAN_POINT ( 'NONE',  ( 16.44119735593457321, -31.99662239571399880, -5.416110262229811903E-15 ) ) ;
#77 = CARTESIAN_POINT ( 'NONE',  ( 20.81008325103167422, -32.43770605650531280, 0.6000000000000000888 ) ) ;
#78 = CARTESIAN_POINT ( 'NONE',  ( 22.66355758803218379, -35.88800402887319763, 1.000000000000000444 ) ) ;
#79 = CYLINDRICAL_SURFACE ( 'NONE', #549, 1.599999999999001554 ) ;
#80 = CARTESIAN_POINT ( 'NONE',  ( 21.53435276911669050, -29.56166829679675345, 1.000000000000000666 ) ) ;
#81 = EDGE_LOOP ( 'NONE', ( #606, #1094 ) ) ;
#82 = CARTESIAN_POINT ( 'NONE',  ( 22.70301779641698303, -36.90695519792856061, -3.227380927610727106E-15 ) ) ;
#83 = CARTESIAN_POINT ( 'NONE',  ( 16.92531466466574130, -30.82227946171590105, 0.9999999999999890088 ) ) ;
#84 = CARTESIAN_POINT ( 'NONE',  ( 17.63752780062283421, -33.19888530728167808, 1.000000000000000000 ) ) ;
#85 = CARTESIAN_POINT ( 'NONE',  ( 22.21306911209702406, -36.95964646980116441, -1.100000000000000311 ) ) ;
#86 = CARTESIAN_POINT ( 'NONE',  ( 23.62101640977210693, -36.48752057066341337, -2.806501515909105268E-15 ) ) ;
#87 = CARTESIAN_POINT ( 'NONE',  ( 17.73928237567036348, -33.38300469029882578, 1.000000000000000000 ) ) ;
#88 = CARTESIAN_POINT ( 'NONE',  ( 21.87075196041485370, -28.60208498553750545, 0.9999999999999159561 ) ) ;
#89 = ORIENTED_EDGE ( 'NONE', *, *, #450, .T. ) ;
#90 = CARTESIAN_POINT ( 'NONE',  ( 17.85783035440029565, -31.27427847238991276, 1.000000000000000000 ) ) ;
#91 = CARTESIAN_POINT ( 'NONE',  ( 17.20510364418545635, -34.35619122894830468, 2.167472976821156350E-14 ) ) ;
#92 = CARTESIAN_POINT ( 'NONE',  ( 23.82541113850444603, -36.34744141849515842, 9.629649721936181455E-32 ) ) ;
#93 = CARTESIAN_POINT ( 'NONE',  ( 22.43257447515901859, -28.80380330450206827, 1.000000000000010214 ) ) ;
#94 = VERTEX_POINT ( 'NONE', #176 ) ;
#95 = CARTESIAN_POINT ( 'NONE',  ( 24.72509901845013758, -36.45928315436848521, -1.099999999999999867 ) ) ;
#96 = CARTESIAN_POINT ( 'NONE',  ( 17.52402190960452444, -32.91008197707263605, 1.000000000000000000 ) ) ;
#97 = CARTESIAN_POINT ( 'NONE',  ( 24.15513798092587550, -37.08235198053294823, -1.600000000000000311 ) ) ;
#98 = CARTESIAN_POINT ( 'NONE',  ( 23.62727842745745832, -32.99850892286038118, 0.9999999999999995559 ) ) ;
#99 = CARTESIAN_POINT ( 'NONE',  ( 16.41953896652524492, -32.48827570490465177, 0.000000000000000000 ) ) ;
#100 = FACE_OUTER_BOUND ( 'NONE', #1303, .T. ) ;
#101 = APPLICATION_CONTEXT ( 'automotive_design' ) ;
#102 = B_SPLINE_CURVE_WITH_KNOTS ( 'NONE', 3,
 ( #378, #387, #901, #1120, #1018, #61, #1291, #1025, #484, #810, #85, #370, #505, #1195, #69, #1203, #1313, #924, #512, #1252, #967, #127, #930, #764, #771, #340, #551, #327, #1054, #113, #848, #1076, #232, #412, #738, #136, #422, #1062, #857, #210, #557, #1165, #869, #864, #653, #1260, #976, #2, #1071, #756, #10, #534, #119, #1171, #448, #659, #646, #31, #25, #541, #957, #1082, #1159, #841, #639, #18, #949, #433, #240, #1244, #318, #1267, #747, #1237, #309, #1144, #665, #226, #1150, #217, #334, #442, #778, #1086, #51, #149, #45, #791, #1100, #1289, #458, #576, #568, #466, #988, #679, #347, #883, #1176, #1187, #163, #258 ),
 .UNSPECIFIED., .F., .F.,
 ( 4, 1, 1, 1, 2, 2, 1, 1, 1, 2, 2, 1, 1, 1, 2, 2, 1, 1, 1, 1, 2, 2, 1, 1, 2, 2, 1, 1, 1, 2, 2, 1, 1, 1, 1, 1, 2, 2, 1, 1, 1, 2, 2, 1, 1, 2, 2, 1, 1, 2, 2, 1, 1, 2, 2, 1, 1, 1, 2, 2, 1, 1, 1, 1, 2, 2, 1, 1, 1, 2, 2, 4 ),
 ( 0.5000000000000000000, 0.5156249999999904521, 0.5234374999999855671, 0.5273437499999831246, 0.5292968749999817923, 0.5312499999999805711, 0.5468749999999712452, 0.5546874999999668043, 0.5585937499999644729, 0.5605468749999632516, 0.5624999999999619194, 0.5781249999999518163, 0.5859374999999468203, 0.5898437499999442668, 0.5917968749999430456, 0.5937499999999419353, 0.6093749999999309441, 0.6171874999999255040, 0.6210937499999226175, 0.6230468749999212852, 0.6240234374999207301, 0.6249999999999202860, 0.6406249999999161782, 0.6484374999999142908, 0.6523437499999131806, 0.6562499999999120703, 0.6718749999999065192, 0.6796874999999038547, 0.6835937499999027445, 0.6855468749999024114, 0.6874999999999019673, 0.7187499999999006350, 0.7343749999999000799, 0.7421874999998998579, 0.7460937499998998579, 0.7480468749998996358, 0.7490234374998993028, 0.7499999999998989697, 0.7656249999999014122, 0.7734374999999029665, 0.7773437499999036326, 0.7792968749999042988, 0.7812499999999050759, 0.7968749999999117373, 0.8046874999999150679, 0.8085937499999167333, 0.8124999999999183986, 0.8281249999999235056, 0.8359374999999260591, 0.8398437499999272804, 0.8437499999999285016, 0.8593749999999358291, 0.8671874999999393818, 0.8710937499999411582, 0.8749999999999430456, 0.8906249999999504841, 0.8984374999999547029, 0.9023437499999571454, 0.9042968749999580336, 0.9062499999999588107, 0.9218749999999681366, 0.9296874999999727995, 0.9335937499999750200, 0.9355468749999760192, 0.9365234374999764633, 0.9374999999999770184, 0.9531249999999822364, 0.9609374999999849010, 0.9648437499999862332, 0.9667968749999870104, 0.9687499999999877875, 1.000000000000000000 ),
 .UNSPECIFIED. ) ;
#103 = CARTESIAN_POINT ( 'NONE',  ( 25.28460307348648328, -34.90499973821052748, -1.600000000000000089 ) ) ;
#104 = CARTESIAN_POINT ( 'NONE',  ( 23.63520222328539333, -29.95249114397613255, -2.229485504242282422E-14 ) ) ;
#105 = AXIS2_PLACEMENT_3D ( 'NONE', #437, #860, #984 ) ;
#106 = CARTESIAN_POINT ( 'NONE',  ( 20.14965602706657322, -36.45401200268399577, 0.000000000000000000 ) ) ;
#107 = CARTESIAN_POINT ( 'NONE',  ( 15.62118692159971722, -32.71590768107549962, -1.600000000000000089 ) ) ;
#108 = CARTESIAN_POINT ( 'NONE',  ( 18.73238349217332654, -28.48908243508561000, -1.600000000000000533 ) ) ;
#109 = AXIS2_PLACEMENT_3D ( 'NONE', #29, #236, #774 ) ;
#110 = CARTESIAN_POINT ( 'NONE',  ( 24.36964865066939012, -36.89931722494762312, -1.600000000000000311 ) ) ;
#111 = CARTESIAN_POINT ( 'NONE',  ( 23.33168304545516136, -31.60084509756729787, 1.000000000000000444 ) ) ;
#112 = CARTESIAN_POINT ( 'NONE',  ( 16.41679585963011334, -32.21460845586250343, -1.100000000000000755 ) ) ;
#113 = CARTESIAN_POINT ( 'NONE',  ( 20.40603601959602287, -36.56532192259918190, -1.100000000000000311 ) ) ;
#114 = CARTESIAN_POINT ( 'NONE',  ( 22.08317826143666096, -36.96142938019559665, 1.000000000000011324 ) ) ;
#115 = CARTESIAN_POINT ( 'NONE',  ( 15.60179926650180171, -31.82903446960169802, -1.600000000000000755 ) ) ;
#116 = PLANE ( 'NONE',  #899 ) ;
#117 = CARTESIAN_POINT ( 'NONE',  ( 24.65107341753932957, -33.64947687969613810, 8.816575525184984447E-14 ) ) ;
#118 = CARTESIAN_POINT ( 'NONE',  ( 19.19782886885218076, -35.94076698222897193, 0.000000000000000000 ) ) ;
#119 = CARTESIAN_POINT ( 'NONE',  ( 17.56197253318952889, -34.72878386355673541, -1.100000000000000311 ) ) ;
#120 = CARTESIAN_POINT ( 'NONE',  ( 20.88238046493418665, -36.75592792026458255, 1.000000000000088818 ) ) ;
#121 = CARTESIAN_POINT ( 'NONE',  ( 21.44013989349065241, -37.72544600682950033, -1.600000000000000755 ) ) ;
#122 = CARTESIAN_POINT ( 'NONE',  ( 17.78700296966912120, -31.35070368254602613, 1.000000000000000222 ) ) ;
#123 = CARTESIAN_POINT ( 'NONE',  ( 19.89858148391770598, -36.32534087343096729, 0.9999999999999783507 ) ) ;
#124 = CARTESIAN_POINT ( 'NONE',  ( 24.59750450605080019, -34.16241106584244136, -1.100000000000000755 ) ) ;
#125 = CARTESIAN_POINT ( 'NONE',  ( 22.61075811958755466, -30.24936936580925817, 1.000000000000000000 ) ) ;
#126 = CARTESIAN_POINT ( 'NONE',  ( 16.58863489001569036, -33.28918556826177877, 0.000000000000000000 ) ) ;
#127 = CARTESIAN_POINT ( 'NONE',  ( 21.17987022148255605, -36.83386213588030955, -1.100000000000000311 ) ) ;
#128 = CARTESIAN_POINT ( 'NONE',  ( 22.66268178377416120, -36.91440881125442530, -1.353053475404556849E-30 ) ) ;
#129 = APPLICATION_CONTEXT ( 'automotive_design' ) ;
#130 = CARTESIAN_POINT ( 'NONE',  ( 21.61322289930496154, -29.56835689485051688, 1.000000000000000000 ) ) ;
#131 =( BOUNDED_SURFACE ( )  B_SPLINE_SURFACE ( 3, 2, ( 
 ( #452, #674, #133 ),
 ( #648, #962, #1088 ),
 ( #221, #572, #1270 ),
 ( #139, #1078, #990 ),
 ( #468, #322, #1168 ),
 ( #978, #873, #336 ),
 ( #752, #547, #1256 ),
 ( #21, #331, #228 ),
 ( #867, #342, #656 ),
 ( #554, #28, #1263 ),
 ( #773, #235, #661 ),
 ( #1173, #1026, #371 ),
 ( #62, #802, #380 ),
 ( #1205, #70, #254 ),
 ( #1115, #1182, #902 ),
 ( #1211, #704, #1121 ),
 ( #578, #262, #683 ),
 ( #268, #811, #689 ),
 ( #275, #695, #86 ),
 ( #788, #996, #1196 ),
 ( #1108, #609, #795 ),
 ( #362, #1096, #354 ),
 ( #885, #1299, #177 ),
 ( #159, #1284, #603 ),
 ( #54, #171, #593 ),
 ( #476, #892, #1292 ),
 ( #1189, #1019, #1102 ),
 ( #165, #492, #586 ),
 ( #78, #1003, #499 ),
 ( #485, #1314, #912 ),
 ( #388, #918, #817 ),
 ( #294, #701, #82 ),
 ( #719, #1129, #128 ),
 ( #968, #11, #626 ),
 ( #443, #552, #1055 ),
 ( #205, #835, #3 ),
 ( #522, #114, #748 ),
 ( #218, #1063, #423 ),
 ( #849, #938, #633 ),
 ( #310, #211, #26 ),
 ( #739, #542, #1145 ),
 ( #640, #120, #328 ),
 ( #958, #19, #434 ),
 ( #47, #787, #911 ),
 ( #1204, #475, #361 ),
 ( #642, #436, #14 ),
 ( #426, #123, #851 ),
 ( #321, #970, #138 ),
 ( #559, #33, #751 ),
 ( #451, #1153, #1066 ),
 ( #655, #733, #546 ),
 ( #859, #330, #759 ),
 ( #1161, #635, #132 ),
 ( #445, #866, #518 ),
 ( #693, #1010, #1131 ),
 ( #1107, #1031, #288 ),
 ( #608, #1024, #91 ),
 ( #195, #715, #816 ),
 ( #84, #504, #386 ),
 ( #96, #296, #1305 ),
 ( #511, #68, #377 ),
 ( #498, #923, #1202 ),
 ( #189, #1223, #1114 ),
 ( #1298, #929, #398 ),
 ( #170, #369, #283 ),
 ( #1312, #614, #1325 ),
 ( #721, #1036, #591 ),
 ( #809, #274, #702 ),
 ( #601, #1017, #76 ),
 ( #1042, #1048, #407 ),
 ( #960, #945, #414 ),
 ( #1239, #1262, #408 ),
 ( #951, #415, #843 ),
 ( #741, #1254, #13 ),
 ( #544, #961, #579 ),
 ( #242, #803, #893 ),
 ( #736, #878, #722 ),
 ( #1130, #83, #1119 ),
 ( #1232, #627, #1023 ),
 ( #90, #1324, #1125 ) ),
 .UNSPECIFIED., .F., .F., .F. ) 
 B_SPLINE_SURFACE_WITH_KNOTS ( ( 4, 2, 2, 2, 2, 2, 2, 2, 2, 2, 2, 2, 2, 2, 2, 2, 2, 2, 2, 2, 2, 2, 2, 2, 2, 2, 2, 2, 2, 2, 2, 2, 2, 2, 2, 2, 2, 2, 2, 4 ),
 ( 3, 3 ),
 ( 0.009847363987178765418, 0.01015509411177810406, 0.01030895917407777425, 0.01046282423637744444, 0.01077055436097678308, 0.01092441942327645327, 0.01107828448557612172, 0.01115521701672595595, 0.01123214954787579017, 0.01130908207902562440, 0.01134754834460054151, 0.01138601461017546036, 0.01146294714132529632, 0.01153987967247513055, 0.01169374473477479900, 0.01177067726592463323, 0.01184760979707446746, 0.01200147485937413765, 0.01230920498397347629, 0.01261693510857281493, 0.01292466523317215357, 0.01354012548237083259, 0.01384785560697017123, 0.01415558573156951161, 0.01477104598076818889, 0.01600196647916554693, 0.01630969660376488384, 0.01661742672836422421, 0.01723288697756290150, 0.01784834722676157878, 0.01815607735136091916, 0.01830994241366058761, 0.01846380747596025607, 0.01861767253825992452, 0.01877153760055959644, 0.01907926772515893682, 0.01923313278745860527, 0.01931006531860843950, 0.01938699784975827373, 0.01969472797435761410 ),
 ( 0.000000000000000000, 1.000000000000000000 ),
 .UNSPECIFIED. ) 
 GEOMETRIC_REPRESENTATION_ITEM ( )  RATIONAL_B_SPLINE_SURFACE ( (
 ( 1.000000000000000000, 0.7071067811865474617, 1.000000000000000000),
 ( 1.000000000000000000, 0.7071067811865474617, 1.000000000000000000),
 ( 1.000000000000000000, 0.7071067811865475727, 1.000000000000000000),
 ( 1.000000000000000000, 0.7071067811865475727, 1.000000000000000000),
 ( 1.000000000000000000, 0.7071067811865475727, 1.000000000000000000),
 ( 1.000000000000000000, 0.7071067811865475727, 1.000000000000000000),
 ( 1.000000000000000000, 0.7071067811865475727, 1.000000000000000000),
 ( 1.000000000000000000, 0.7071067811865475727, 1.000000000000000000),
 ( 1.000000000000000000, 0.7071067811865475727, 1.000000000000000000),
 ( 1.000000000000000000, 0.7071067811865475727, 1.000000000000000000),
 ( 1.000000000000000000, 0.7071067811865475727, 1.000000000000000000),
 ( 1.000000000000000000, 0.7071067811865475727, 1.000000000000000000),
 ( 1.000000000000000000, 0.7071067811865465735, 1.000000000000000000),
 ( 1.000000000000000000, 0.7071067811865465735, 1.000000000000000000),
 ( 1.000000000000000000, 0.7071067811865474617, 1.000000000000000000),
 ( 1.000000000000000000, 0.7071067811865474617, 1.000000000000000000),
 ( 1.000000000000000000, 0.7071067811865475727, 1.000000000000000000),
 ( 1.000000000000000000, 0.7071067811865475727, 1.000000000000000000),
 ( 1.000000000000000000, 0.7071067811865475727, 1.000000000000000000),
 ( 1.000000000000000000, 0.7071067811865475727, 1.000000000000000000),
 ( 1.000000000000000000, 0.7071067811865475727, 1.000000000000000000),
 ( 1.000000000000000000, 0.7071067811865475727, 1.000000000000000000),
 ( 1.000000000000000000, 0.7071067811865475727, 1.000000000000000000),
 ( 1.000000000000000000, 0.7071067811865475727, 1.000000000000000000),
 ( 1.000000000000000000, 0.7071067811865475727, 1.000000000000000000),
 ( 1.000000000000000000, 0.7071067811865475727, 1.000000000000000000),
 ( 1.000000000000000000, 0.7071067811865480168, 1.000000000000000000),
 ( 1.000000000000000000, 0.7071067811865480168, 1.000000000000000000),
 ( 1.000000000000000000, 0.7071067811865474617, 1.000000000000000000),
 ( 1.000000000000000000, 0.7071067811865474617, 1.000000000000000000),
 ( 1.000000000000000000, 0.7071067811865473507, 1.000000000000000000),
 ( 1.000000000000000000, 0.7071067811865473507, 1.000000000000000000),
 ( 1.000000000000000000, 0.7071067811865475727, 1.000000000000000000),
 ( 1.000000000000000000, 0.7071067811865475727, 1.000000000000000000),
 ( 1.000000000000000000, 0.7071067811865475727, 1.000000000000000000),
 ( 1.000000000000000000, 0.7071067811865475727, 1.000000000000000000),
 ( 1.000000000000000000, 0.7071067811865475727, 1.000000000000000000),
 ( 1.000000000000000000, 0.7071067811865475727, 1.000000000000000000),
 ( 1.000000000000000000, 0.7071067811865476838, 1.000000000000000000),
 ( 1.000000000000000000, 0.7071067811865476838, 1.000000000000000000),
 ( 1.000000000000000000, 0.7071067811865475727, 1.000000000000000000),
 ( 1.000000000000000000, 0.7071067811865475727, 1.000000000000000000),
 ( 1.000000000000000000, 0.7071067811865475727, 1.000000000000000000),
 ( 1.000000000000000000, 0.7071067811865475727, 1.000000000000000000),
 ( 1.000000000000000000, 0.7071067811865475727, 1.000000000000000000),
 ( 1.000000000000000000, 0.7071067811865475727, 1.000000000000000000),
 ( 1.000000000000000000, 0.7071067811865474617, 1.000000000000000000),
 ( 1.000000000000000000, 0.7071067811865474617, 1.000000000000000000),
 ( 1.000000000000000000, 0.7071067811865476838, 1.000000000000000000),
 ( 1.000000000000000000, 0.7071067811865476838, 1.000000000000000000),
 ( 1.000000000000000000, 0.7071067811865474617, 1.000000000000000000),
 ( 1.000000000000000000, 0.7071067811865474617, 1.000000000000000000),
 ( 1.000000000000000000, 0.7071067811865475727, 1.000000000000000000),
 ( 1.000000000000000000, 0.7071067811865475727, 1.000000000000000000),
 ( 1.000000000000000000, 0.7071067811865474617, 1.000000000000000000),
 ( 1.000000000000000000, 0.7071067811865474617, 1.000000000000000000),
 ( 1.000000000000000000, 0.7071067811865476838, 1.000000000000000000),
 ( 1.000000000000000000, 0.7071067811865476838, 1.000000000000000000),
 ( 1.000000000000000000, 0.7071067811865475727, 1.000000000000000000),
 ( 1.000000000000000000, 0.7071067811865475727, 1.000000000000000000),
 ( 1.000000000000000000, 0.7071067811865474617, 1.000000000000000000),
 ( 1.000000000000000000, 0.7071067811865474617, 1.000000000000000000),
 ( 1.000000000000000000, 0.7071067811865476838, 1.000000000000000000),
 ( 1.000000000000000000, 0.7071067811865476838, 1.000000000000000000),
 ( 1.000000000000000000, 0.7071067811865475727, 1.000000000000000000),
 ( 1.000000000000000000, 0.7071067811865475727, 1.000000000000000000),
 ( 1.000000000000000000, 0.7071067811865475727, 1.000000000000000000),
 ( 1.000000000000000000, 0.7071067811865475727, 1.000000000000000000),
 ( 1.000000000000000000, 0.7071067811865474617, 1.000000000000000000),
 ( 1.000000000000000000, 0.7071067811865474617, 1.000000000000000000),
 ( 1.000000000000000000, 0.7071067811865474617, 1.000000000000000000),
 ( 1.000000000000000000, 0.7071067811865474617, 1.000000000000000000),
 ( 1.000000000000000000, 0.7071067811865475727, 1.000000000000000000),
 ( 1.000000000000000000, 0.7071067811865475727, 1.000000000000000000),
 ( 1.000000000000000000, 0.7071067811865474617, 1.000000000000000000),
 ( 1.000000000000000000, 0.7071067811865474617, 1.000000000000000000),
 ( 1.000000000000000000, 0.7071067811865475727, 1.000000000000000000),
 ( 1.000000000000000000, 0.7071067811865475727, 1.000000000000000000),
 ( 1.000000000000000000, 0.7071067811865475727, 1.000000000000000000),
 ( 1.000000000000000000, 0.7071067811865475727, 1.000000000000000000) ) ) 
 REPRESENTATION_ITEM ( '' )  SURFACE ( )  );
#132 = CARTESIAN_POINT ( 'NONE',  ( 17.91899980514747170, -35.04842227218359341, 1.110912812480639250E-14 ) ) ;
#133 = CARTESIAN_POINT ( 'NONE',  ( 24.52052406717538346, -34.60999880334588141, 2.168404344971008621E-16 ) ) ;
#134 = CARTESIAN_POINT ( 'NONE',  ( 16.65566547069335357, -31.27338418189345859, 0.000000000000000000 ) ) ;
#135 = CARTESIAN_POINT ( 'NONE',  ( 22.07839323373113061, -28.65588208480944843, -0.000000000000000000 ) ) ;
#136 = CARTESIAN_POINT ( 'NONE',  ( 19.70046611994264651, -36.22079432719532832, -1.100000000000000089 ) ) ;
#137 = CARTESIAN_POINT ( 'NONE',  ( 23.34328152507198340, -31.59804893809211279, 0.9999999999999997780 ) ) ;
#138 = CARTESIAN_POINT ( 'NONE',  ( 19.60309967866164271, -36.17023821640326986, 2.223230872538096025E-14 ) ) ;
#139 = CARTESIAN_POINT ( 'NONE',  ( 23.45763277884770659, -34.76745093872828107, 1.000000000000000000 ) ) ;
#140 = CARTESIAN_POINT ( 'NONE',  ( 22.68441811069051184, -28.94334964359649831, 3.252606517456515274E-16 ) ) ;
#141 = CARTESIAN_POINT ( 'NONE',  ( 19.54289901427384279, -30.10853690661294735, 1.000000000000000000 ) ) ;
#142 = ADVANCED_FACE ( 'NONE', ( #600 ), #521, .F. ) ;
#143 = CARTESIAN_POINT ( 'NONE',  ( 16.41501626792880231, -32.30876756711283093, -3.252606517456513302E-16 ) ) ;
#144 = CARTESIAN_POINT ( 'NONE',  ( 17.61121958924066533, -35.86389191845238145, -1.099999999999999867 ) ) ;
#145 = ORIENTED_EDGE ( 'NONE', *, *, #416, .T. ) ;
#146 = VECTOR ( 'NONE', #737, 1000.000000000000000 ) ;
#147 = CARTESIAN_POINT ( 'NONE',  ( 23.28535286013854844, -36.71211285117021106, -1.100000000000000755 ) ) ;
#148 = CARTESIAN_POINT ( 'NONE',  ( 18.99559812087955279, -30.39790940147933895, 0.9999999999999995559 ) ) ;
#149 = CARTESIAN_POINT ( 'NONE',  ( 16.86822182579758334, -30.89969947950293161, -1.100000000000000311 ) ) ;
#150 = CARTESIAN_POINT ( 'NONE',  ( 20.60732013385884898, -28.65584146138303723, -1.100000000000000533 ) ) ;
#151 = ORIENTED_EDGE ( 'NONE', *, *, #279, .F. ) ;
#152 = CARTESIAN_POINT ( 'NONE',  ( 19.42840588799257517, -29.05943816159761184, -1.100000000000000755 ) ) ;
#153 = CARTESIAN_POINT ( 'NONE',  ( 20.52073343973517083, -28.65024213853052615, 0.000000000000000000 ) ) ;
#154 = CARTESIAN_POINT ( 'NONE',  ( 21.42612829824404486, -36.89701761310379169, -1.100000000000000755 ) ) ;
#155 = CARTESIAN_POINT ( 'NONE',  ( 19.43011433135680477, -29.06240262623859039, 2.229809018052549198E-14 ) ) ;
#156 = CARTESIAN_POINT ( 'NONE',  ( 20.34916588298175810, -36.56240441311159373, 3.252606517456510344E-16 ) ) ;
#157 = CARTESIAN_POINT ( 'NONE',  ( 24.37814369349109356, -35.18430953620128321, -1.100000000000000311 ) ) ;
#158 = VERTEX_POINT ( 'NONE', #965 ) ;
#159 = CARTESIAN_POINT ( 'NONE',  ( 22.87413050718399887, -35.79249187276860056, 0.9999999999999995559 ) ) ;
#160 = CARTESIAN_POINT ( 'NONE',  ( 18.93856024628037105, -29.28710762031146686, -2.168404344971008868E-16 ) ) ;
#161 = CARTESIAN_POINT ( 'NONE',  ( 20.43961870350402776, -35.49124460697084515, 1.000000000000000000 ) ) ;
#162 = DIRECTION ( 'NONE',  ( 0.000000000000000000, 0.000000000000000000, -1.000000000000000000 ) ) ;
#163 = CARTESIAN_POINT ( 'NONE',  ( 18.23058639441918061, -29.69307617767454843, -1.100000000000000533 ) ) ;
#164 = CARTESIAN_POINT ( 'NONE',  ( 24.37326859250662636, -35.20044459155821670, -1.100000000000000755 ) ) ;
#165 = CARTESIAN_POINT ( 'NONE',  ( 22.71256491289557289, -35.87111854251843113, 1.000000000000000000 ) ) ;
#166 = CARTESIAN_POINT ( 'NONE',  ( 22.05547929278256447, -28.63490061783337026, -1.100000000000000755 ) ) ;
#167 = CARTESIAN_POINT ( 'NONE',  ( 23.44774176480745354, -34.81813209583562951, 1.000000000000000000 ) ) ;
#168 = CARTESIAN_POINT ( 'NONE',  ( 16.33649408644694034, -30.25748168949909811, -1.600000000000000089 ) ) ;
#169 = CARTESIAN_POINT ( 'NONE',  ( 22.93506773044200742, -29.14740713415724116, -1.100000000000000533 ) ) ;
#170 = CARTESIAN_POINT ( 'NONE',  ( 17.42310028229442409, -32.45508338827465877, 1.000000000000000000 ) ) ;
#171 = CARTESIAN_POINT ( 'NONE',  ( 23.33883388537518044, -36.67901356913985467, 1.000000000000002442 ) ) ;
#172 = CARTESIAN_POINT ( 'NONE',  ( 23.69413950234247679, -30.01540874808984327, -1.100000000000000755 ) ) ;
#173 = CARTESIAN_POINT ( 'NONE',  ( 22.80846047553515277, -35.83373296471987146, 0.9999999999999995559 ) ) ;
#174 = CARTESIAN_POINT ( 'NONE',  ( 21.50873262205305636, -29.55925779887882854, 0.9999999999999993339 ) ) ;
#175 = CARTESIAN_POINT ( 'NONE',  ( 23.92026922426262558, -30.46161337464025465, -1.100000000000000755 ) ) ;
#176 = CARTESIAN_POINT ( 'NONE',  ( 23.51623108890957425, -36.56661855100701786, -1.100000000000000533 ) ) ;
#177 = CARTESIAN_POINT ( 'NONE',  ( 23.45027991390594480, -36.61151015511078555, -1.618090922741966183E-15 ) ) ;
#178 = CARTESIAN_POINT ( 'NONE',  ( 21.79344965469699957, -28.57238128803867028, -1.100000000000000755 ) ) ;
#179 = CARTESIAN_POINT ( 'NONE',  ( 15.60179926650180171, -31.82903446960169802, -1.100000000000000089 ) ) ;
#180 = CARTESIAN_POINT ( 'NONE',  ( 20.80596797150366584, -28.60990206020927218, 1.000000000000164757 ) ) ;
#181 = EDGE_CURVE ( 'NONE', #490, #509, #420, .T. ) ;
#182 = ORIENTED_EDGE ( 'NONE', *, *, #314, .T. ) ;
#183 = CARTESIAN_POINT ( 'NONE',  ( 18.27837242720159949, -28.73376853338848491, -1.099999999999999867 ) ) ;
#184 = CARTESIAN_POINT ( 'NONE',  ( 19.21008325103267467, -32.43770605650531280, -1.600000000000000089 ) ) ;
#185 = CARTESIAN_POINT ( 'NONE',  ( 17.42147043217316593, -32.19532008383821164, 0.9999999999999995559 ) ) ;
#186 = CARTESIAN_POINT ( 'NONE',  ( 20.59611486372123323, -29.69430495011492965, 0.9999999999999993339 ) ) ;
#187 = ORIENTED_EDGE ( 'NONE', *, *, #819, .F. ) ;
#188 = CARTESIAN_POINT ( 'NONE',  ( 20.16275830687267856, -27.92890454885306539, -1.600000000000000533 ) ) ;
#189 = CARTESIAN_POINT ( 'NONE',  ( 17.44498101596772699, -32.60857149085364171, 0.9999999999999993339 ) ) ;
#190 = CARTESIAN_POINT ( 'NONE',  ( 24.43938926185646210, -34.97719907936053829, 0.000000000000000000 ) ) ;
#191 = AXIS2_PLACEMENT_3D ( 'NONE', #973, #853, #874 ) ;
#192 = CARTESIAN_POINT ( 'NONE',  ( 22.39123789875577231, -28.78305637340062617, 2.770996840339371550E-15 ) ) ;
#193 = ORIENTED_EDGE ( 'NONE', *, *, #571, .F. ) ;
#194 = CARTESIAN_POINT ( 'NONE',  ( 22.51211291266151804, -27.93626380310850976, -1.099999999999999867 ) ) ;
#195 = CARTESIAN_POINT ( 'NONE',  ( 17.73928350872957438, -33.38300653505558557, 0.9999999999999993339 ) ) ;
#196 = LINE ( 'NONE', #643, #1185 ) ;
#197 = CARTESIAN_POINT ( 'NONE',  ( 21.81126449512882104, -29.62260611376668251, 0.9999999999999995559 ) ) ;
#198 = ORIENTED_EDGE ( 'NONE', *, *, #556, .F. ) ;
#199 = CARTESIAN_POINT ( 'NONE',  ( 23.94062731118236442, -37.26538673611825914, -1.099999999999999867 ) ) ;
#200 = CARTESIAN_POINT ( 'NONE',  ( 23.09878822096557727, -28.24462135927029038, -1.600000000000000089 ) ) ;
#201 = EDGE_CURVE ( 'NONE', #786, #158, #440, .T. ) ;
#202 = CARTESIAN_POINT ( 'NONE',  ( 23.17613897376974208, -31.22021437552204404, 0.9999999999999993339 ) ) ;
#203 = CARTESIAN_POINT ( 'NONE',  ( 18.06550314706130322, -35.19305574465095532, -1.100000000000000755 ) ) ;
#204 = CARTESIAN_POINT ( 'NONE',  ( 23.28535286013854844, -36.71211285117021106, 0.000000000000000000 ) ) ;
#205 = CARTESIAN_POINT ( 'NONE',  ( 22.20718204656102301, -35.96063402754508331, 1.000000000000000000 ) ) ;
#206 = CARTESIAN_POINT ( 'NONE',  ( 25.40437779054990841, -34.23864834058822026, -1.600000000000000533 ) ) ;
#207 = DIRECTION ( 'NONE',  ( -0.6797350482456606668, -0.7334577453312968176, -0.000000000000000000 ) ) ;
#208 = CARTESIAN_POINT ( 'NONE',  ( 23.76500276769105113, -30.16837237451762732, -4.431724869625748046E-14 ) ) ;
#209 = CARTESIAN_POINT ( 'NONE',  ( 17.00296207044755548, -30.71650707893417120, -1.100000000000000755 ) ) ;
#210 = CARTESIAN_POINT ( 'NONE',  ( 19.06613570573662031, -35.85857933070855097, -1.100000000000000311 ) ) ;
#211 = CARTESIAN_POINT ( 'NONE',  ( 21.40009348540110068, -36.88561851302703332, 1.000000000000032419 ) ) ;
#212 = CARTESIAN_POINT ( 'NONE',  ( 17.39998254633802688, -29.28141780778085490, -1.099999999999999867 ) ) ;
#213 = B_SPLINE_SURFACE_WITH_KNOTS ( 'NONE', 3, 1, ( 
 ( #942, #1158 ),
 ( #1333, #834 ),
 ( #526, #1142 ),
 ( #303, #652 ),
 ( #17, #533 ),
 ( #209, #638 ),
 ( #1149, #1242 ),
 ( #1138, #1053 ),
 ( #550, #755 ),
 ( #225, #216 ),
 ( #112, #762 ),
 ( #1070, #99 ),
 ( #1259, #431 ),
 ( #855, #333 ),
 ( #316, #126 ),
 ( #405, #1231 ),
 ( #730, #745 ),
 ( #24, #539 ),
 ( #840, #1236 ),
 ( #203, #1164 ),
 ( #1, #645 ),
 ( #631, #118 ),
 ( #1045, #956 ),
 ( #1251, #625 ),
 ( #1040, #106 ),
 ( #326, #230 ),
 ( #238, #669 ),
 ( #154, #1080 ),
 ( #677, #338 ),
 ( #470, #769 ),
 ( #356, #480 ),
 ( #256, #1075 ),
 ( #561, #574 ),
 ( #980, #456 ),
 ( #345, #43 ),
 ( #147, #204 ),
 ( #746, #1143 ),
 ( #447, #421 ) ),
 .UNSPECIFIED., .F., .F., .F.,
 ( 4, 2, 2, 2, 2, 2, 2, 2, 2, 2, 2, 2, 2, 2, 2, 2, 2, 2, 4 ),
 ( 2, 2 ),
 ( 0.000000000000000000, 0.03124999999999939632, 0.06249999999999879263, 0.09374999999999819589, 0.1249999999999979461, 0.1406249999999977796, 0.1562499999999976130, 0.1874999999999973077, 0.2187499999999970024, 0.2499999999999966693, 0.3124999999999968359, 0.3437499999999969469, 0.3749999999999970579, 0.4062499999999972244, 0.4374999999999973355, 0.4531249999999973355, 0.4687499999999973910, 0.4843749999999973910, 0.5000000013496217477 ),
 ( 0.000000000000000000, 1.000000000000000000 ),
 .UNSPECIFIED. ) ;
#214 = LINE ( 'NONE', #5, #792 ) ;
#215 = CARTESIAN_POINT ( 'NONE',  ( 23.54658905954194736, -32.38759253156973728, 1.000000000000000444 ) ) ;
#216 = CARTESIAN_POINT ( 'NONE',  ( 16.42801188582893346, -32.07959224527913022, 0.000000000000000000 ) ) ;
#217 = CARTESIAN_POINT ( 'NONE',  ( 16.60641042916585164, -31.38940388031867457, -1.100000000000000311 ) ) ;
#218 = CARTESIAN_POINT ( 'NONE',  ( 21.89766387952898796, -35.94895638851020436, 1.000000000000000000 ) ) ;
#219 = CARTESIAN_POINT ( 'NONE',  ( 16.14633689040233477, -34.29311633736719500, -1.099999999999999867 ) ) ;
#220 =( BOUNDED_SURFACE ( )  B_SPLINE_SURFACE ( 3, 2, ( 
 ( #1099, #1006, #670 ),
 ( #50, #562, #357 ),
 ( #887, #868, #582 ),
 ( #691, #1288, #251 ),
 ( #876, #1175, #57 ),
 ( #770, #1081, #481 ),
 ( #44, #1179, #36 ),
 ( #1295, #257, #1085 ),
 ( #589, #1273, #245 ),
 ( #777, #987, #265 ),
 ( #1105, #65, #1266 ),
 ( #148, #1091, #346 ),
 ( #567, #339, #1170 ),
 ( #239, #664, #686 ),
 ( #141, #465, #790 ),
 ( #882, #678, #1280 ),
 ( #352, #783, #155 ),
 ( #575, #1186, #993 ),
 ( #280, #1117, #596 ),
 ( #814, #1123, #1225 ),
 ( #698, #820, #623 ),
 ( #186, #920, #374 ),
 ( #829, #1013, #73 ),
 ( #1208, #707, #383 ),
 ( #611, #180, #1213 ),
 ( #1111, #271, #298 ),
 ( #806, #605, #1021 ),
 ( #1028, #1316, #1199 ),
 ( #725, #495, #915 ),
 ( #174, #1309, #1039 ),
 ( #80, #501, #619 ),
 ( #390, #285, #1133 ),
 ( #712, #88, #508 ),
 ( #926, #1322, #1219 ),
 ( #197, #399, #395 ),
 ( #931, #825, #488 ),
 ( #905, #290, #1301 ),
 ( #717, #1127, #192 ),
 ( #1033, #93, #514 ),
 ( #1327, #1235, #955 ),
 ( #1241, #658, #846 ),
 ( #629, #1044, #410 ),
 ( #1157, #1332, #302 ),
 ( #1337, #637, #419 ),
 ( #125, #754, #854 ),
 ( #1137, #1163, #104 ),
 ( #538, #839, #208 ),
 ( #548, #1250, #1230 ),
 ( #307, #1052, #735 ),
 ( #202, #1141, #525 ),
 ( #964, #935, #23 ),
 ( #111, #325, #761 ),
 ( #532, #1069, #313 ),
 ( #833, #947, #941 ),
 ( #215, #439, #16 ),
 ( #7, #744, #1148 ),
 ( #98, #644, #1060 ),
 ( #224, #729, #117 ),
 ( #429, #520, #651 ),
 ( #862, #1258, #332 ) ),
 .UNSPECIFIED., .F., .F., .F. ) 
 B_SPLINE_SURFACE_WITH_KNOTS ( ( 4, 2, 2, 2, 2, 2, 2, 2, 2, 2, 2, 2, 2, 2, 2, 2, 2, 2, 2, 2, 2, 2, 2, 2, 2, 2, 2, 2, 2, 4 ),
 ( 3, 3 ),
 ( 0.000000000000000000, 0.0001538650622999996232, 0.0003077301245999992463, 0.0006154602491999984926, 0.0009231903737999977390, 0.001230920498399996985, 0.001846380747599995478, 0.002154110872199994833, 0.002461840996799993971, 0.002769571121399993108, 0.003077301245999992246, 0.003385031370599991818, 0.003692761495199990956, 0.004000491619799990094, 0.004077424150949989987, 0.004154356682099989879, 0.004308221744399989665, 0.004462086806699988584, 0.004539019337849988477, 0.004615951868999988369, 0.004923681993599987941, 0.005231412118199987513, 0.005539142242799986217, 0.006154602491999984493, 0.006462332616599984064, 0.006770062741199983636, 0.007385522990399981912, 0.008000983239599980187, 0.008616443488799979331, 0.009847363987199975882 ),
 ( 0.000000000000000000, 1.000000000000000000 ),
 .UNSPECIFIED. ) 
 GEOMETRIC_REPRESENTATION_ITEM ( )  RATIONAL_B_SPLINE_SURFACE ( (
 ( 1.000000000000000000, 0.7071067811865475727, 1.000000000000000000),
 ( 1.000000000000000000, 0.7071067811865475727, 1.000000000000000000),
 ( 1.000000000000000000, 0.7071067811865474617, 1.000000000000000000),
 ( 1.000000000000000000, 0.7071067811865474617, 1.000000000000000000),
 ( 1.000000000000000000, 0.7071067811865474617, 1.000000000000000000),
 ( 1.000000000000000000, 0.7071067811865474617, 1.000000000000000000),
 ( 1.000000000000000000, 0.7071067811865484609, 1.000000000000000000),
 ( 1.000000000000000000, 0.7071067811865484609, 1.000000000000000000),
 ( 1.000000000000000000, 0.7071067811865475727, 1.000000000000000000),
 ( 1.000000000000000000, 0.7071067811865475727, 1.000000000000000000),
 ( 1.000000000000000000, 0.7071067811865475727, 1.000000000000000000),
 ( 1.000000000000000000, 0.7071067811865475727, 1.000000000000000000),
 ( 1.000000000000000000, 0.7071067811865474617, 1.000000000000000000),
 ( 1.000000000000000000, 0.7071067811865474617, 1.000000000000000000),
 ( 1.000000000000000000, 0.7071067811865486830, 1.000000000000000000),
 ( 1.000000000000000000, 0.7071067811865486830, 1.000000000000000000),
 ( 1.000000000000000000, 0.7071067811865475727, 1.000000000000000000),
 ( 1.000000000000000000, 0.7071067811865475727, 1.000000000000000000),
 ( 1.000000000000000000, 0.7071067811865475727, 1.000000000000000000),
 ( 1.000000000000000000, 0.7071067811865475727, 1.000000000000000000),
 ( 1.000000000000000000, 0.7071067811865476838, 1.000000000000000000),
 ( 1.000000000000000000, 0.7071067811865476838, 1.000000000000000000),
 ( 1.000000000000000000, 0.7071067811865475727, 1.000000000000000000),
 ( 1.000000000000000000, 0.7071067811865475727, 1.000000000000000000),
 ( 1.000000000000000000, 0.7071067811865485719, 1.000000000000000000),
 ( 1.000000000000000000, 0.7071067811865485719, 1.000000000000000000),
 ( 1.000000000000000000, 0.7071067811865475727, 1.000000000000000000),
 ( 1.000000000000000000, 0.7071067811865475727, 1.000000000000000000),
 ( 1.000000000000000000, 0.7071067811865475727, 1.000000000000000000),
 ( 1.000000000000000000, 0.7071067811865475727, 1.000000000000000000),
 ( 1.000000000000000000, 0.7071067811865474617, 1.000000000000000000),
 ( 1.000000000000000000, 0.7071067811865474617, 1.000000000000000000),
 ( 1.000000000000000000, 0.7071067811865475727, 1.000000000000000000),
 ( 1.000000000000000000, 0.7071067811865475727, 1.000000000000000000),
 ( 1.000000000000000000, 0.7071067811865475727, 1.000000000000000000),
 ( 1.000000000000000000, 0.7071067811865475727, 1.000000000000000000),
 ( 1.000000000000000000, 0.7071067811865491270, 1.000000000000000000),
 ( 1.000000000000000000, 0.7071067811865491270, 1.000000000000000000),
 ( 1.000000000000000000, 0.7071067811865469066, 1.000000000000000000),
 ( 1.000000000000000000, 0.7071067811865469066, 1.000000000000000000),
 ( 1.000000000000000000, 0.7071067811865465735, 1.000000000000000000),
 ( 1.000000000000000000, 0.7071067811865465735, 1.000000000000000000),
 ( 1.000000000000000000, 0.7071067811865483499, 1.000000000000000000),
 ( 1.000000000000000000, 0.7071067811865483499, 1.000000000000000000),
 ( 1.000000000000000000, 0.7071067811865475727, 1.000000000000000000),
 ( 1.000000000000000000, 0.7071067811865475727, 1.000000000000000000),
 ( 1.000000000000000000, 0.7071067811865481278, 1.000000000000000000),
 ( 1.000000000000000000, 0.7071067811865481278, 1.000000000000000000),
 ( 1.000000000000000000, 0.7071067811865476838, 1.000000000000000000),
 ( 1.000000000000000000, 0.7071067811865476838, 1.000000000000000000),
 ( 1.000000000000000000, 0.7071067811865486830, 1.000000000000000000),
 ( 1.000000000000000000, 0.7071067811865486830, 1.000000000000000000),
 ( 1.000000000000000000, 0.7071067811865475727, 1.000000000000000000),
 ( 1.000000000000000000, 0.7071067811865475727, 1.000000000000000000),
 ( 1.000000000000000000, 0.7071067811865474617, 1.000000000000000000),
 ( 1.000000000000000000, 0.7071067811865474617, 1.000000000000000000),
 ( 1.000000000000000000, 0.7071067811865475727, 1.000000000000000000),
 ( 1.000000000000000000, 0.7071067811865475727, 1.000000000000000000),
 ( 1.000000000000000000, 0.7071067811865487940, 1.000000000000000000),
 ( 1.000000000000000000, 0.7071067811865487940, 1.000000000000000000) ) ) 
 REPRESENTATION_ITEM ( '' )  SURFACE ( )  );
#221 = CARTESIAN_POINT ( 'NONE',  ( 23.49657011591131450, -34.61815824572935441, 1.000000000000000000 ) ) ;
#222 = CARTESIAN_POINT ( 'NONE',  ( 24.32156381082734242, -35.36911019611912366, -1.100000000000000311 ) ) ;
#223 = CARTESIAN_POINT ( 'NONE',  ( 23.98619384341284544, -36.08199742186370429, -2.168404344971008868E-16 ) ) ;
#224 = CARTESIAN_POINT ( 'NONE',  ( 23.64901859486500157, -33.60951144659382805, 0.9999999999999995559 ) ) ;
#225 = CARTESIAN_POINT ( 'NONE',  ( 16.42801188582893346, -32.07959224527913022, -1.100000000000000755 ) ) ;
#226 = CARTESIAN_POINT ( 'NONE',  ( 16.47368253269263860, -31.80946384086463041, -1.100000000000000311 ) ) ;
#227 = CARTESIAN_POINT ( 'NONE',  ( 17.83423877859605966, -28.99788032428304518, -1.099999999999999867 ) ) ;
#228 = CARTESIAN_POINT ( 'NONE',  ( 24.29474917721309524, -35.44489527131515416, 0.000000000000000000 ) ) ;
#229 = FACE_OUTER_BOUND ( 'NONE', #932, .T. ) ;
#230 = CARTESIAN_POINT ( 'NONE',  ( 20.64827029625850585, -36.67048916284524296, 0.000000000000000000 ) ) ;
#231 = CARTESIAN_POINT ( 'NONE',  ( 24.15513798092587550, -37.08235198053294823, -1.600000000000000311 ) ) ;
#232 = CARTESIAN_POINT ( 'NONE',  ( 19.89347704703686048, -36.32248283737613548, -1.100000000000000311 ) ) ;
#233 = CARTESIAN_POINT ( 'NONE',  ( 22.90038278596706434, -30.67228374721847217, 1.000000000000000444 ) ) ;
#234 = CIRCLE ( 'NONE', #742, 1.599999999999001554 ) ;
#235 = CARTESIAN_POINT ( 'NONE',  ( 24.11731494591524694, -35.85760310091514924, 0.9999999999999328315 ) ) ;
#236 = DIRECTION ( 'NONE',  ( 0.000000000000000000, 0.000000000000000000, 1.000000000000000000 ) ) ;
#237 = CARTESIAN_POINT ( 'NONE',  ( 21.86148779181382906, -28.59926285675053492, 0.000000000000000000 ) ) ;
#238 = CARTESIAN_POINT ( 'NONE',  ( 20.90321684232591437, -36.76290706462877722, -1.100000000000000755 ) ) ;
#239 = CARTESIAN_POINT ( 'NONE',  ( 19.45037441161070291, -30.15355007390724396, 1.000000000000000444 ) ) ;
#240 = CARTESIAN_POINT ( 'NONE',  ( 16.48223382537510773, -32.88848608904638127, -1.100000000000000533 ) ) ;
#241 = CARTESIAN_POINT ( 'NONE',  ( 19.63039012243672587, -37.11137766282580230, -1.099999999999999867 ) ) ;
#242 = CARTESIAN_POINT ( 'NONE',  ( 17.63701286580213790, -31.56027356491442148, 1.000000000000000666 ) ) ;
#243 = CARTESIAN_POINT ( 'NONE',  ( 23.51623108890958491, -36.56661855100701075, 0.000000000000000000 ) ) ;
#244 = CARTESIAN_POINT ( 'NONE',  ( 24.21465791780686061, -31.10657906951819029, -1.203706215242016797E-32 ) ) ;
#245 = CARTESIAN_POINT ( 'NONE',  ( 17.89448068877132059, -29.92702621810287411, 2.203994170967306393E-14 ) ) ;
#246 = CARTESIAN_POINT ( 'NONE',  ( 16.50421723949095565, -33.01353034123229691, 4.333342374871251768E-31 ) ) ;
#247 = CARTESIAN_POINT ( 'NONE',  ( 20.68243549096649048, -28.63858001476693005, -1.100000000000000533 ) ) ;
#248 = VERTEX_POINT ( 'NONE', #847 ) ;
#249 = PLANE ( 'NONE',  #105 ) ;
#250 = CARTESIAN_POINT ( 'NONE',  ( 20.16275830687267856, -27.92890454885306539, -1.100000000000000089 ) ) ;
#251 = CARTESIAN_POINT ( 'NONE',  ( 17.31828067965923879, -30.39927230854982554, -5.170202404978382686E-15 ) ) ;
#252 = CARTESIAN_POINT ( 'NONE',  ( 23.16237213921989735, -29.35117761579368789, -1.099999999999999867 ) ) ;
#253 = CIRCLE ( 'NONE', #617, 0.9999999999999981126 ) ;
#254 = CARTESIAN_POINT ( 'NONE',  ( 23.89027212864307259, -36.20764241380861392, -2.794674287660502949E-15 ) ) ;
#255 = CARTESIAN_POINT ( 'NONE',  ( 24.71069010408935540, -30.21593817832684792, -1.100000000000000089 ) ) ;
#256 = CARTESIAN_POINT ( 'NONE',  ( 22.50685299887759072, -36.94034405241779240, -1.100000000000000755 ) ) ;
#257 = CARTESIAN_POINT ( 'NONE',  ( 17.79925757986830348, -29.99687467674354835, 0.9999999999999749090 ) ) ;
#258 = CARTESIAN_POINT ( 'NONE',  ( 18.46524826509473982, -29.55340417918437979, -1.100000000000000533 ) ) ;
#259 = CARTESIAN_POINT ( 'NONE',  ( 21.78928680680803609, -28.57222698476738287, -1.100000000000000089 ) ) ;
#260 = B_SPLINE_CURVE_WITH_KNOTS ( 'NONE', 3,
 ( #535, #1238, #12, #1077, #757, #1056, #740, #137, #870, #233, #641, #27, #858, #1253, #654, #1072, #950, #130, #850, #558, #1172, #977, #424, #1146, #319, #32, #969, #1261, #765, #1166, #449, #459 ),
 .UNSPECIFIED., .F., .F.,
 ( 4, 2, 2, 2, 2, 2, 2, 2, 2, 2, 2, 2, 2, 2, 2, 4 ),
 ( 0.01127572279967833414, 0.01250856130703437846, 0.01312498056071241016, 0.01374139981439044186, 0.01497423832174651047, 0.01559065757542454564, 0.01620707682910258254, 0.01651528645594160100, 0.01682349608278061598, 0.01713170570961963443, 0.01743991533645865288, 0.01805633459013669673, 0.01867275384381474057, 0.01990559235117084561, 0.02052201160484889986, 0.02113843085852695064 ),
 .UNSPECIFIED. ) ;
#261 = ADVANCED_FACE ( 'NONE', ( #937 ), #213, .T. ) ;
#262 = CARTESIAN_POINT ( 'NONE',  ( 23.75268874026899368, -36.36554183382318683, 1.000000000000005551 ) ) ;
#263 = CARTESIAN_POINT ( 'NONE',  ( 21.83326250296625304, -27.75936686288351751, -1.100000000000000089 ) ) ;
#264 = CARTESIAN_POINT ( 'NONE',  ( 17.45859153215083381, -31.99084070012256475, 0.9999999999999993339 ) ) ;
#265 = CARTESIAN_POINT ( 'NONE',  ( 18.08895790048785202, -29.79101484936115796, -2.247362257866726570E-14 ) ) ;
#266 = CARTESIAN_POINT ( 'NONE',  ( 20.07380749639550643, -28.81234100675328591, -1.100000000000000533 ) ) ;
#267 = CARTESIAN_POINT ( 'NONE',  ( 24.52052406717381672, -34.60999880335387502, 0.000000000000000000 ) ) ;
#268 = CARTESIAN_POINT ( 'NONE',  ( 22.99994992270924854, -35.70181020539301642, 1.000000000000000000 ) ) ;
#269 = CARTESIAN_POINT ( 'NONE',  ( 24.36723679087637251, -31.48054834630119458, -2.168404344971008868E-16 ) ) ;
#270 = CARTESIAN_POINT ( 'NONE',  ( 23.43803499998904982, -37.55749168788039327, -1.100000000000000089 ) ) ;
#271 = CARTESIAN_POINT ( 'NONE',  ( 21.09533867415514052, -28.56673757123163782, 0.9999999999998282485 ) ) ;
#272 = DIRECTION ( 'NONE',  ( 0.000000000000000000, 0.000000000000000000, 1.000000000000000000 ) ) ;
#273 = EDGE_LOOP ( 'NONE', ( #193, #1328, #53, #400, #921 ) ) ;
#274 = CARTESIAN_POINT ( 'NONE',  ( 16.42874934787858621, -32.09103068040201379, 1.000000000000005551 ) ) ;
#275 = CARTESIAN_POINT ( 'NONE',  ( 22.98052034714163128, -35.71864108477055311, 1.000000000000000000 ) ) ;
#276 = CARTESIAN_POINT ( 'NONE',  ( 24.25395799933564334, -29.40184508990834189, -1.100000000000000089 ) ) ;
#277 = B_SPLINE_CURVE_WITH_KNOTS ( 'NONE', 3,
 ( #231, #966, #763, #1243, #317, #540, #432, #304, #856, #441, #731, #1046, #632, #107, #527, #943, #168, #471, #457, #366, #798 ),
 .UNSPECIFIED., .F., .F.,
 ( 4, 1, 1, 1, 1, 1, 1, 1, 1, 1, 1, 1, 1, 1, 1, 1, 1, 1, 4 ),
 ( 0.000000000000000000, 0.01562499999999998786, 0.03124999999999997571, 0.04687499999999996531, 0.06249999999999995143, 0.09374999999999993061, 0.1249999999999999029, 0.1874999999999998612, 0.2499999999999998057, 0.2812499999999997780, 0.3124999999999997780, 0.3437499999999997224, 0.3593749999999997224, 0.3749999999999997224, 0.4062499999999996669, 0.4218749999999996669, 0.4374999999999996669, 0.4687499999999996114, 0.4999999999999996114 ),
 .UNSPECIFIED. ) ;
#278 = CARTESIAN_POINT ( 'NONE',  ( 17.48643453697349770, -31.89113308470891539, 0.9999999999999997780 ) ) ;
#279 = EDGE_CURVE ( 'NONE', #1283, #248, #277, .T. ) ;
#280 = CARTESIAN_POINT ( 'NONE',  ( 20.10976919903370330, -29.86521769841012741, 0.9999999999999995559 ) ) ;
#281 = ORIENTED_EDGE ( 'NONE', *, *, #616, .F. ) ;
#282 = CARTESIAN_POINT ( 'NONE',  ( 22.75810050823479003, -37.72803205856744313, -1.600000000000000755 ) ) ;
#283 = CARTESIAN_POINT ( 'NONE',  ( 16.42674994279857970, -32.54801568273388312, 0.000000000000000000 ) ) ;
#284 = CARTESIAN_POINT ( 'NONE',  ( 21.44013989349065241, -37.72544600682950033, -1.100000000000000089 ) ) ;
#285 = CARTESIAN_POINT ( 'NONE',  ( 21.77679375535746331, -28.58425909868944004, 1.000000000000000666 ) ) ;
#286 = EDGE_LOOP ( 'NONE', ( #1009, #1016 ) ) ;
#287 = CARTESIAN_POINT ( 'NONE',  ( 24.36964865066939012, -36.89931722494762312, -1.600000000000000533 ) ) ;
#288 = CARTESIAN_POINT ( 'NONE',  ( 17.38185333771146546, -34.55128424812514254, -2.186081456987252116E-14 ) ) ;
#289 = CARTESIAN_POINT ( 'NONE',  ( 24.62945924835421252, -32.84151465899684297, 0.000000000000000000 ) ) ;
#290 = CARTESIAN_POINT ( 'NONE',  ( 22.30618748311028554, -28.74376454995633523, 0.9999999999999288347 ) ) ;
#291 = ORIENTED_EDGE ( 'NONE', *, *, #775, .T. ) ;
#292 = VECTOR ( 'NONE', #162, 1000.000000000000000 ) ;
#293 = B_SPLINE_CURVE_WITH_KNOTS ( 'NONE', 3,
 ( #992, #1265, #1272, #1174, #153, #42, #1090, #364, #237, #135, #663, #463, #140, #35, #668, #455, #676, #344, #244, #1032, #823, #710, #289, #801, #585, #267 ),
 .UNSPECIFIED., .F., .F.,
 ( 4, 2, 2, 2, 2, 2, 2, 2, 2, 2, 2, 2, 4 ),
 ( 0.000000000000000000, 0.001352767074129511285, 0.002705534148259022571, 0.003381917685323778539, 0.003720109453856150234, 0.004058301222388521930, 0.004734684759453271392, 0.005411068296518021722, 0.006763835370647519780, 0.007440218907712277049, 0.008116602444777035186, 0.009469369518906544519, 0.01082213659303605732 ),
 .UNSPECIFIED. ) ;
#294 = CARTESIAN_POINT ( 'NONE',  ( 22.51284433507295191, -35.92506950924038023, 0.9999999999999993339 ) ) ;
#295 = FACE_OUTER_BOUND ( 'NONE', #299, .T. ) ;
#296 = CARTESIAN_POINT ( 'NONE',  ( 16.57784870073952632, -33.23649550297453459, 1.000000000000000000 ) ) ;
#297 = CARTESIAN_POINT ( 'NONE',  ( 23.51623108890957425, -36.56661855100701786, -1.600000000000000089 ) ) ;
#298 = CARTESIAN_POINT ( 'NONE',  ( 21.09533867043081656, -28.56673754626417150, 1.099786552457843331E-14 ) ) ;
#299 = EDGE_LOOP ( 'NONE', ( #75, #1124, #151, #1209 ) ) ;
#300 = CARTESIAN_POINT ( 'NONE',  ( 25.04451952374249757, -31.00659504189439275, -1.600000000000000533 ) ) ;
#301 = CARTESIAN_POINT ( 'NONE',  ( 23.56822120666113918, -36.52864433472590378, -1.100000000000000089 ) ) ;
#302 = CARTESIAN_POINT ( 'NONE',  ( 23.11525696736871538, -29.31150316155949653, -1.093415900267889230E-14 ) ) ;
#303 = CARTESIAN_POINT ( 'NONE',  ( 17.58222504263432029, -30.16104410706822847, -1.100000000000000755 ) ) ;
#304 = CARTESIAN_POINT ( 'NONE',  ( 19.63039012243672587, -37.11137766282580230, -1.600000000000000089 ) ) ;
#305 = CARTESIAN_POINT ( 'NONE',  ( 24.71069010408935540, -30.21593817832684792, -1.099999999999999867 ) ) ;
#306 = DIRECTION ( 'NONE',  ( -1.000000000000000000, 0.000000000000000000, -0.000000000000000000 ) ) ;
#307 = CARTESIAN_POINT ( 'NONE',  ( 23.08966407887758976, -31.03431151646860897, 0.9999999999999993339 ) ) ;
#308 = DIRECTION ( 'NONE',  ( 0.000000000000000000, 0.000000000000000000, -1.000000000000000000 ) ) ;
#309 = CARTESIAN_POINT ( 'NONE',  ( 16.43188316183800879, -32.07863791009433641, -1.100000000000000311 ) ) ;
#310 = CARTESIAN_POINT ( 'NONE',  ( 21.59435018987185728, -35.90412709091896915, 0.9999999999999993339 ) ) ;
#311 = CARTESIAN_POINT ( 'NONE',  ( 15.60179926650180171, -31.82903446960169802, -1.099999999999999867 ) ) ;
#312 = CARTESIAN_POINT ( 'NONE',  ( 23.98039916795870496, -36.09170715364918891, -1.100000000000000089 ) ) ;
#313 = CARTESIAN_POINT ( 'NONE',  ( 24.35133227187557736, -31.49345715408168900, 2.210609903124538122E-14 ) ) ;
#314 = EDGE_CURVE ( 'NONE', #1226, #1283, #1193, .T. ) ;
#315 = AXIS2_PLACEMENT_3D ( 'NONE', #789, #363, #1279 ) ;
#316 = CARTESIAN_POINT ( 'NONE',  ( 16.58863489001569036, -33.28918556826177877, -1.100000000000000755 ) ) ;
#317 = CARTESIAN_POINT ( 'NONE',  ( 22.16605044982880202, -37.77150042667190633, -1.600000000000000089 ) ) ;
#318 = CARTESIAN_POINT ( 'NONE',  ( 16.46274055355882382, -32.79324178701390480, -1.100000000000000311 ) ) ;
#319 = CARTESIAN_POINT ( 'NONE',  ( 20.10971280443223819, -29.86326175996991594, 1.000000000000000000 ) ) ;
#320 = B_SPLINE_SURFACE_WITH_KNOTS ( 'NONE', 3, 1, ( 
 ( #1169, #1249 ),
 ( #30, #324 ),
 ( #560, #1156 ),
 ( #454, #343 ),
 ( #776, #223 ),
 ( #650, #1068 ),
 ( #1162, #446 ),
 ( #1271, #667 ),
 ( #566, #6 ),
 ( #124, #22 ),
 ( #845, #438 ),
 ( #1257, #657 ),
 ( #462, #41 ),
 ( #55, #269 ),
 ( #372, #1103 ),
 ( #172, #986 ),
 ( #1190, #469 ),
 ( #580, #812 ),
 ( #1109, #1097 ),
 ( #166, #998 ),
 ( #178, #594 ),
 ( #696, #573 ),
 ( #886, #782 ),
 ( #684, #477 ),
 ( #804, #881 ),
 ( #587, #1197 ),
 ( #152, #1285 ),
 ( #355, #160 ),
 ( #1011, #71 ),
 ( #1004, #1184 ) ),
 .UNSPECIFIED., .F., .F., .F.,
 ( 4, 2, 2, 2, 2, 2, 2, 2, 2, 2, 2, 2, 2, 2, 4 ),
 ( 2, 2 ),
 ( 0.4999999999999974465, 0.5156249999999974465, 0.5312499999999975575, 0.5624999999999975575, 0.5937499999999976685, 0.6249999999999976685, 0.6874999999999978906, 0.7499999999999981126, 0.8124999999999984457, 0.8437499999999985567, 0.8749999999999988898, 0.9062499999999991118, 0.9374999999999994449, 0.9687499999999996669, 1.000000000000000000 ),
 ( 0.000000000000000000, 1.000000000000000000 ),
 .UNSPECIFIED. ) ;
#321 = CARTESIAN_POINT ( 'NONE',  ( 20.08506959414486559, -35.29383525681799227, 1.000000000000000444 ) ) ;
#322 = CARTESIAN_POINT ( 'NONE',  ( 24.40624100599795199, -35.08902807256645673, 0.9999999999999720224 ) ) ;
#323 = CARTESIAN_POINT ( 'NONE',  ( 17.53419246165568879, -30.19966634847285647, -0.000000000000000000 ) ) ;
#324 = CARTESIAN_POINT ( 'NONE',  ( 23.62637965022758380, -36.48853445129997652, -2.168404344971008868E-16 ) ) ;
#325 = CARTESIAN_POINT ( 'NONE',  ( 24.27377811425300891, -31.26345602924090983, 0.9999999999999974465 ) ) ;
#326 = CARTESIAN_POINT ( 'NONE',  ( 20.64827029625850585, -36.67048916284524296, -1.100000000000000755 ) ) ;
#327 = CARTESIAN_POINT ( 'NONE',  ( 20.43231802132867614, -36.57662924461714482, -1.100000000000000311 ) ) ;
#328 = CARTESIAN_POINT ( 'NONE',  ( 20.88238046877812337, -36.75592790562006940, 0.000000000000000000 ) ) ;
#329 = CARTESIAN_POINT ( 'NONE',  ( 16.81750555056988716, -29.75093000462242188, -1.099999999999999867 ) ) ;
#330 = CARTESIAN_POINT ( 'NONE',  ( 18.01062843519308387, -35.12386743779455855, 1.000000000000000222 ) ) ;
#331 = CARTESIAN_POINT ( 'NONE',  ( 24.29474916002525475, -35.44489526568667515, 0.9999999999998328004 ) ) ;
#332 = CARTESIAN_POINT ( 'NONE',  ( 24.52052406717048427, -34.60999880337078594, -2.168404344971010840E-16 ) ) ;
#333 = CARTESIAN_POINT ( 'NONE',  ( 16.50359147865323806, -33.02598246889242262, 0.000000000000000000 ) ) ;
#334 = CARTESIAN_POINT ( 'NONE',  ( 16.65450573452961436, -31.28154509308411235, -1.100000000000000089 ) ) ;
#335 = CARTESIAN_POINT ( 'NONE',  ( 15.86941109067288558, -30.95528737153826881, -1.600000000000000755 ) ) ;
#336 = CARTESIAN_POINT ( 'NONE',  ( 24.37153710698018827, -35.20718825653145245, 1.671851605555964639E-14 ) ) ;
#337 = CARTESIAN_POINT ( 'NONE',  ( 16.60781489059160165, -31.38376913798736467, -0.000000000000000000 ) ) ;
#338 = CARTESIAN_POINT ( 'NONE',  ( 21.69705673922950595, -36.94071036190229762, 0.000000000000000000 ) ) ;
#339 = CARTESIAN_POINT ( 'NONE',  ( 18.69131501266965500, -29.41969224061782739, 1.000000000000402345 ) ) ;
#340 = CARTESIAN_POINT ( 'NONE',  ( 20.51525121449808253, -36.61156675936291549, -1.100000000000000533 ) ) ;
#341 = CARTESIAN_POINT ( 'NONE',  ( 16.75695791971383031, -35.08670307652996456, -1.099999999999999867 ) ) ;
#342 = CARTESIAN_POINT ( 'NONE',  ( 24.24891048716316533, -35.57304496691941154, 1.000000000000189182 ) ) ;
#343 = CARTESIAN_POINT ( 'NONE',  ( 23.90635299191040630, -36.19349150860315945, -2.168404344971008868E-16 ) ) ;
#344 = CARTESIAN_POINT ( 'NONE',  ( 24.12954024705397771, -30.89798725343467112, -3.252606517456513795E-16 ) ) ;
#345 = CARTESIAN_POINT ( 'NONE',  ( 23.03700599252919901, -36.82073368393626112, -1.100000000000000755 ) ) ;
#346 = CARTESIAN_POINT ( 'NONE',  ( 18.48731499180824756, -29.53617979435497176, 8.905704053475953464E-14 ) ) ;
#347 = CARTESIAN_POINT ( 'NONE',  ( 17.73909202879589841, -30.04387671400066395, -1.100000000000000533 ) ) ;
#348 = CARTESIAN_POINT ( 'NONE',  ( 20.85682827708616571, -28.60086349310055454, -1.099999999999999867 ) ) ;
#349 = SURFACE_SIDE_STYLE ('',( #1074 ) ) ;
#350 = SHAPE_DEFINITION_REPRESENTATION ( #536, #393 ) ;
#351 = CARTESIAN_POINT ( 'NONE',  ( 17.85783035440029565, -31.27427847238991276, 1.000000000000000000 ) ) ;
#352 = CARTESIAN_POINT ( 'NONE',  ( 19.82403365888510294, -29.98162593540878262, 1.000000000000000000 ) ) ;
#353 = CARTESIAN_POINT ( 'NONE',  ( 20.49995567770335825, -28.68249186998385980, -1.100000000000000311 ) ) ;
#354 = CARTESIAN_POINT ( 'NONE',  ( 23.47289193262260554, -36.59668043314017183, -1.409662050055383695E-15 ) ) ;
#355 = CARTESIAN_POINT ( 'NONE',  ( 18.93856024628037105, -29.28710762031146686, -1.100000000000000755 ) ) ;
#356 = CARTESIAN_POINT ( 'NONE',  ( 22.23728896794755983, -36.96061448383485271, -1.100000000000000755 ) ) ;
#357 = CARTESIAN_POINT ( 'NONE',  ( 17.17646258476905530, -30.53833652966392265, -5.829244287826062690E-15 ) ) ;
#358 = ADVANCED_FACE ( 'NONE', ( #981 ), #220, .T. ) ;
#359 = CARTESIAN_POINT ( 'NONE',  ( 16.76019844831733963, -33.67863310505109098, -0.000000000000000000 ) ) ;
#360 = CARTESIAN_POINT ( 'NONE',  ( 24.58425115171099762, -34.29957415164954426, -1.100000000000000311 ) ) ;
#361 = CARTESIAN_POINT ( 'NONE',  ( 20.20544352251315701, -36.47588672661274245, 3.309025030370004477E-14 ) ) ;
#362 = CARTESIAN_POINT ( 'NONE',  ( 22.91779738064141725, -35.76475963387093060, 1.000000000000000000 ) ) ;
#363 = DIRECTION ( 'NONE',  ( 0.000000000000000000, 0.000000000000000000, -1.000000000000000000 ) ) ;
#364 = CARTESIAN_POINT ( 'NONE',  ( 21.74923928722976640, -28.57893589158981840, -0.000000000000000000 ) ) ;
#365 = CARTESIAN_POINT ( 'NONE',  ( 20.65099361068335782, -37.53954153599529064, -1.100000000000000089 ) ) ;
#366 = CARTESIAN_POINT ( 'NONE',  ( 17.83423877858847817, -28.99788032428799767, -1.599999999999999867 ) ) ;
#367 = CARTESIAN_POINT ( 'NONE',  ( 23.10768617611682529, -36.80319303289371646, -3.252606517456513795E-16 ) ) ;
#368 = CARTESIAN_POINT ( 'NONE',  ( 24.45611749991849848, -31.87905687757565332, -1.100000000000000311 ) ) ;
#369 = CARTESIAN_POINT ( 'NONE',  ( 16.42674991706811838, -32.54801568418331215, 1.000000000000000000 ) ) ;
#370 = CARTESIAN_POINT ( 'NONE',  ( 22.09100080595926485, -36.95908014299634203, -1.100000000000000089 ) ) ;
#371 = CARTESIAN_POINT ( 'NONE',  ( 24.02740801075569621, -36.01463054884434456, -5.782358936076591358E-15 ) ) ;
#372 = CARTESIAN_POINT ( 'NONE',  ( 24.18118793431287372, -30.97607360055901538, -1.100000000000000755 ) ) ;
#373 = CARTESIAN_POINT ( 'NONE',  ( 23.08875052716781795, -35.60966697330663777, 1.000000000000000000 ) ) ;
#374 = CARTESIAN_POINT ( 'NONE',  ( 20.30398673686748623, -28.73774966268465647, 1.076701994955860825E-14 ) ) ;
#375 = CARTESIAN_POINT ( 'NONE',  ( 24.34814076431177554, -31.49429830505966166, -1.100000000000000533 ) ) ;
#376 = ORIENTED_EDGE ( 'NONE', *, *, #513, .F. ) ;
#377 = CARTESIAN_POINT ( 'NONE',  ( 16.53214626713632640, -33.09571613824574143, 1.151626593087138484E-14 ) ) ;
#378 = CARTESIAN_POINT ( 'NONE',  ( 23.51623108890957425, -36.56661855100701786, -1.100000000000000533 ) ) ;
#379 = ADVANCED_FACE ( 'NONE', ( #229 ), #404, .F. ) ;
#380 = CARTESIAN_POINT ( 'NONE',  ( 23.97706922603502377, -36.09211877626295717, 5.589348575321005899E-15 ) ) ;
#381 = DIRECTION ( 'NONE',  ( -1.000000000000000000, 0.000000000000000000, 0.000000000000000000 ) ) ;
#382 = CARTESIAN_POINT ( 'NONE',  ( 19.04321288702047710, -34.66412240362219421, 1.000000000000000444 ) ) ;
#383 = CARTESIAN_POINT ( 'NONE',  ( 20.67451524833193233, -28.63857277540904533, -1.117763117058506021E-14 ) ) ;
#384 = CARTESIAN_POINT ( 'NONE',  ( 18.05630560289503705, -28.86582442883824484, -1.600000000000000311 ) ) ;
#385 = VERTEX_POINT ( 'NONE', #478 ) ;
#386 = CARTESIAN_POINT ( 'NONE',  ( 16.73777588965833374, -33.64341273832626911, 0.000000000000000000 ) ) ;
#387 = CARTESIAN_POINT ( 'NONE',  ( 23.40672475742351111, -36.64419974615022824, -1.100000000000000311 ) ) ;
#388 = CARTESIAN_POINT ( 'NONE',  ( 22.56327242299117231, -35.91444735079026884, 0.9999999999999993339 ) ) ;
#389 = DIRECTION ( 'NONE',  ( -0.000000000000000000, -0.000000000000000000, -1.000000000000000000 ) ) ;
#390 = CARTESIAN_POINT ( 'NONE',  ( 21.61118189056632843, -29.57131609474184586, 1.000000000000000666 ) ) ;
#391 = EDGE_LOOP ( 'NONE', ( #376, #1317, #1113, #708 ) ) ;
#392 = CARTESIAN_POINT ( 'NONE',  ( 23.70365315311255827, -28.73123781753498207, -1.099999999999999867 ) ) ;
#393 = ADVANCED_BREP_SHAPE_REPRESENTATION ( '\X2\57066da653f65b50630994ae\X0\0807', ( #908, #109 ), #1050 ) ;
#394 = CARTESIAN_POINT ( 'NONE',  ( 23.94062731118236442, -37.26538673611825914, -1.100000000000000089 ) ) ;
#395 = CARTESIAN_POINT ( 'NONE',  ( 22.13958311278508972, -28.67723927113040361, -1.129234817046625792E-14 ) ) ;
#396 = EDGE_LOOP ( 'NONE', ( #871, #1134, #826, #718, #713 ) ) ;
#397 = CARTESIAN_POINT ( 'NONE',  ( 25.35619483024440513, -32.08592320891038696, -1.099999999999999867 ) ) ;
#398 = CARTESIAN_POINT ( 'NONE',  ( 16.43627486017897965, -32.63215358766693441, 5.175703797610453716E-15 ) ) ;
#399 = CARTESIAN_POINT ( 'NONE',  ( 22.13958310750851055, -28.67723928460973681, 1.000000000000066169 ) ) ;
#400 = ORIENTED_EDGE ( 'NONE', *, *, #1335, .T. ) ;
#401 = CARTESIAN_POINT ( 'NONE',  ( 18.05630560289503350, -28.86582442883824129, -1.099999999999999867 ) ) ;
#402 = CARTESIAN_POINT ( 'NONE',  ( 18.27837242720159949, -28.73376853338848491, -1.599999999999999867 ) ) ;
#403 = CIRCLE ( 'NONE', #592, 1.599999999999001554 ) ;
#404 = CYLINDRICAL_SURFACE ( 'NONE', #1167, 1.599999999999001554 ) ;
#405 = CARTESIAN_POINT ( 'NONE',  ( 16.81205088178665008, -33.78233307704756783, -1.100000000000000755 ) ) ;
#406 = CARTESIAN_POINT ( 'NONE',  ( 24.25395799933564334, -29.40184508990834189, -1.099999999999999867 ) ) ;
#407 = CARTESIAN_POINT ( 'NONE',  ( 16.48594114027266144, -31.75015120525499768, 1.148274182795079709E-14 ) ) ;
#408 = CARTESIAN_POINT ( 'NONE',  ( 16.62029618117973584, -31.35711447788273887, 2.168404337235113426E-16 ) ) ;
#409 = FACE_BOUND ( 'NONE', #700, .T. ) ;
#410 = CARTESIAN_POINT ( 'NONE',  ( 23.01200217048164021, -29.21074567678127565, 0.000000000000000000 ) ) ;
#411 = CARTESIAN_POINT ( 'NONE',  ( 23.51623108890957425, -36.56661855100701786, 1.000000000000000000 ) ) ;
#412 = CARTESIAN_POINT ( 'NONE',  ( 19.79842467491041447, -36.27279964415963320, -1.100000000000000533 ) ) ;
#413 = CARTESIAN_POINT ( 'NONE',  ( 23.43803499998904982, -37.55749168788039327, -1.600000000000000755 ) ) ;
#414 = CARTESIAN_POINT ( 'NONE',  ( 16.52992135866177037, -31.59249537377065309, 2.168404360442799505E-16 ) ) ;
#415 = CARTESIAN_POINT ( 'NONE',  ( 16.65482170410354712, -31.27848992438351772, 1.000000000000016875 ) ) ;
#416 = EDGE_CURVE ( 'NONE', #490, #786, #1073, .T. ) ;
#417 = CARTESIAN_POINT ( 'NONE',  ( 23.54360767178108560, -36.54722325222121526, -1.100000000000000311 ) ) ;
#418 = CARTESIAN_POINT ( 'NONE',  ( 16.96225549916512776, -30.76947342108438477, -0.000000000000000000 ) ) ;
#419 = CARTESIAN_POINT ( 'NONE',  ( 23.30799823743370425, -29.52113904637644026, 1.136783987167306252E-14 ) ) ;
#420 = LINE ( 'NONE', #863, #1286 ) ;
#421 = CARTESIAN_POINT ( 'NONE',  ( 23.51623108890952452, -36.56661855100705338, 0.000000000000000000 ) ) ;
#422 = CARTESIAN_POINT ( 'NONE',  ( 19.54744224233858318, -36.13808811026374457, -1.100000000000000311 ) ) ;
#423 = CARTESIAN_POINT ( 'NONE',  ( 21.80183683547016216, -36.94507393709750431, 0.000000000000000000 ) ) ;
#424 = CARTESIAN_POINT ( 'NONE',  ( 20.69488910698568063, -29.66216939764276006, 0.9999999999999995559 ) ) ;
#425 = B_SPLINE_CURVE_WITH_KNOTS ( 'NONE', 3,
 ( #583, #1001, #367, #37, #1281, #58, #784, #1180, #1092, #156, #994, #671, #472, #563, #1274, #877, #482, #888, #982, #359, #687, #246, #1296, #898, #143, #963, #861, #1264, #428, #337, #134, #1059, #418, #662 ),
 .UNSPECIFIED., .F., .F.,
 ( 4, 2, 2, 2, 2, 2, 2, 2, 2, 2, 2, 2, 2, 2, 2, 2, 4 ),
 ( 0.01308834974663282413, 0.01380103992683785231, 0.01451373010704288223, 0.01522642028724791041, 0.01593911046745294033, 0.01736449082786299669, 0.01878987118827305305, 0.01950256136847808297, 0.02021525154868310942, 0.02092794172888813933, 0.02164063190909316925, 0.02235332208929819570, 0.02270966717940071933, 0.02306601226950324643, 0.02342235735960577353, 0.02377870244970829369, 0.02449139262991333402 ),
 .UNSPECIFIED. ) ;
#426 = CARTESIAN_POINT ( 'NONE',  ( 20.35475826509678754, -35.43539872263247759, 1.000000000000000444 ) ) ;
#427 = CARTESIAN_POINT ( 'NONE',  ( 17.31928375184178392, -30.38422752578497565, 0.000000000000000000 ) ) ;
#428 = CARTESIAN_POINT ( 'NONE',  ( 16.52820763226303313, -31.60713278876441734, 3.851859888774499732E-31 ) ) ;
#429 = CARTESIAN_POINT ( 'NONE',  ( 23.61851749845582304, -34.01453526086903167, 0.9999999999999995559 ) ) ;
#430 = MECHANICAL_DESIGN_GEOMETRIC_PRESENTATION_REPRESENTATION (  '', ( #723 ), #569 ) ;
#431 = CARTESIAN_POINT ( 'NONE',  ( 16.43318546516525203, -32.62478773603409365, 0.000000000000000000 ) ) ;
#432 = CARTESIAN_POINT ( 'NONE',  ( 20.65099361068335782, -37.53954153599529064, -1.600000000000000089 ) ) ;
#433 = CARTESIAN_POINT ( 'NONE',  ( 16.50434208432266558, -32.98587818677852823, -1.100000000000000533 ) ) ;
#434 = CARTESIAN_POINT ( 'NONE',  ( 20.64186629502902903, -36.66674321719667518, 0.000000000000000000 ) ) ;
#435 = CARTESIAN_POINT ( 'NONE',  ( 18.05630560290666864, -28.86582442883132771, -1.099999999999999867 ) ) ;
#436 = CARTESIAN_POINT ( 'NONE',  ( 19.99919628008369443, -36.37633385063092817, 0.9999999999999560352 ) ) ;
#437 = CARTESIAN_POINT ( 'NONE',  ( 18.05630560289504061, -28.86582442883824129, -1.100000000000000311 ) ) ;
#438 = CARTESIAN_POINT ( 'NONE',  ( 24.62473761938392869, -33.89043323513724459, -2.168404344971008868E-16 ) ) ;
#439 = CARTESIAN_POINT ( 'NONE',  ( 24.52942973724848130, -32.19914411051252756, 0.9999999999998226974 ) ) ;
#440 = LINE ( 'NONE', #948, #146 ) ;
#441 = CARTESIAN_POINT ( 'NONE',  ( 17.61121958924066533, -35.86389191845238145, -1.600000000000000089 ) ) ;
#442 = CARTESIAN_POINT ( 'NONE',  ( 16.67649536253186326, -31.23590314679382018, -1.100000000000000533 ) ) ;
#443 = CARTESIAN_POINT ( 'NONE',  ( 22.36059767648758623, -35.94817346104571243, 1.000000000000000000 ) ) ;
#444 = CARTESIAN_POINT ( 'NONE',  ( 17.61121958924066533, -35.86389191845238145, -1.600000000000000755 ) ) ;
#445 = CARTESIAN_POINT ( 'NONE',  ( 18.40639280255734178, -34.14757578913881275, 1.000000000000000000 ) ) ;
#446 = CARTESIAN_POINT ( 'NONE',  ( 24.28905793644588584, -35.47518321120761442, -2.168404344971008868E-16 ) ) ;
#447 = CARTESIAN_POINT ( 'NONE',  ( 23.51623108890952452, -36.56661855100705338, -1.100000000000000755 ) ) ;
#448 = CARTESIAN_POINT ( 'NONE',  ( 17.25898269685029973, -34.40592653584938176, -1.100000000000000089 ) ) ;
#449 = CARTESIAN_POINT ( 'NONE',  ( 17.99947284859658936, -31.12144129751652244, 1.000000000000000444 ) ) ;
#450 = EDGE_CURVE ( 'NONE', #1118, #515, #293, .T. ) ;
#451 = CARTESIAN_POINT ( 'NONE',  ( 19.38330475604604430, -34.88640028949148331, 0.9999999999999993339 ) ) ;
#452 = CARTESIAN_POINT ( 'NONE',  ( 23.53933840213877460, -34.41693225853124005, 1.000000000000000444 ) ) ;
#453 = PRODUCT_CONTEXT ( 'NONE', #101, 'mechanical' ) ;
#454 = CARTESIAN_POINT ( 'NONE',  ( 23.90635299191040630, -36.19349150860315945, -1.100000000000000755 ) ) ;
#455 = CARTESIAN_POINT ( 'NONE',  ( 23.62236057083156382, -29.90322812674259723, 1.604941620322676692E-31 ) ) ;
#456 = CARTESIAN_POINT ( 'NONE',  ( 22.90817682183197945, -36.86180283866146112, 0.000000000000000000 ) ) ;
#457 = CARTESIAN_POINT ( 'NONE',  ( 17.39998254633395902, -29.28141780778413406, -1.600000000000000089 ) ) ;
#458 = CARTESIAN_POINT ( 'NONE',  ( 17.17780860734282555, -30.53816816417096547, -1.100000000000000311 ) ) ;
#459 = CARTESIAN_POINT ( 'NONE',  ( 17.85783035440029565, -31.27427847238991276, 1.000000000000000000 ) ) ;
#460 = EDGE_LOOP ( 'NONE', ( #1022, #187, #815, #682, #198 ) ) ;
#461 = FILL_AREA_STYLE ('',( #1154 ) ) ;
#462 = CARTESIAN_POINT ( 'NONE',  ( 24.60433821332505389, -32.54304767112508046, -1.100000000000000755 ) ) ;
#463 = CARTESIAN_POINT ( 'NONE',  ( 22.49036386233924745, -28.82251959466882241, -1.765435782354944449E-31 ) ) ;
#464 = B_SPLINE_CURVE_WITH_KNOTS ( 'NONE', 3,
 ( #995, #1290, #1297, #467, #799, #584, #1177, #879, #692, #780, #473, #590, #807, #266, #1200, #353, #150, #1181, #247, #1275, #1188, #348, #59, #672, #1106, #699, #1112, #483, #259, #46, #884, #785, #1007, #169, #1087, #570, #66, #252, #52, #793, #1282, #889, #906, #175, #1194, #1002, #1302, #375, #900, #368, #688, #1101, #681, #360, #599, #1014, #1093, #577, #157, #164, #1043, #222, #1058, #832, #954, #743, #1037, #649, #622, #312, #537, #1136, #524, #301, #417, #74 ),
 .UNSPECIFIED., .F., .F.,
 ( 4, 1, 2, 2, 1, 1, 1, 2, 2, 1, 1, 1, 1, 2, 2, 1, 1, 1, 2, 2, 1, 1, 1, 1, 1, 2, 2, 1, 1, 1, 1, 2, 2, 1, 2, 2, 2, 1, 1, 1, 1, 1, 2, 2, 1, 1, 1, 1, 2, 2, 1, 1, 2, 4 ),
 ( 0.000000000000000000, 0.01562500000000090206, 0.02343750000000108247, 0.03125000000000126288, 0.04687500000000124900, 0.05468750000000142941, 0.05859375000000144329, 0.06054687500000145717, 0.06250000000000145717, 0.07812500000000177636, 0.08593750000000206779, 0.08984375000000216493, 0.09179687500000216493, 0.09277343750000237310, 0.09375000000000258127, 0.1093750000000035943, 0.1171875000000038997, 0.1210937500000042744, 0.1230468750000042466, 0.1250000000000042188, 0.1562500000000043021, 0.1718750000000043299, 0.1796875000000044686, 0.1835937500000044131, 0.1855468750000044964, 0.1865234375000046629, 0.1875000000000048295, 0.2187500000000077716, 0.2343750000000091038, 0.2421875000000099643, 0.2460937500000102973, 0.2480468750000102973, 0.2500000000000102696, 0.2812500000000117684, 0.2968750000000123790, 0.3125000000000129341, 0.3750000000000134337, 0.4062500000000132672, 0.4218750000000132117, 0.4296875000000128231, 0.4335937500000126565, 0.4355468750000126565, 0.4365234375000123235, 0.4375000000000119904, 0.4531250000000119349, 0.4609375000000119904, 0.4648437500000119904, 0.4667968750000119904, 0.4677734375000119904, 0.4687500000000119904, 0.4843750000000062172, 0.4921875000000031641, 0.4960937500000016098, 0.5000000000000000000 ),
 .UNSPECIFIED. ) ;
#465 = CARTESIAN_POINT ( 'NONE',  ( 19.11348857484003005, -29.20533136640001715, 0.9999999999999968914 ) ) ;
#466 = CARTESIAN_POINT ( 'NONE',  ( 17.41834993275884003, -30.30441443175051930, -1.100000000000000089 ) ) ;
#467 = CARTESIAN_POINT ( 'NONE',  ( 18.94231388080820366, -29.29017475902956136, -1.100000000000000533 ) ) ;
#468 = CARTESIAN_POINT ( 'NONE',  ( 23.44390029649026275, -34.81699150692497824, 1.000000000000000000 ) ) ;
#469 = CARTESIAN_POINT ( 'NONE',  ( 23.38811584561340240, -29.55420153081643164, -2.168404344971008868E-16 ) ) ;
#470 = CARTESIAN_POINT ( 'NONE',  ( 22.10233899454784279, -36.96155524244561974, -1.100000000000000755 ) ) ;
#471 = CARTESIAN_POINT ( 'NONE',  ( 16.81750555056988716, -29.75093000462242188, -1.600000000000000089 ) ) ;
#472 = CARTESIAN_POINT ( 'NONE',  ( 18.72137864056899659, -35.65492981848112208, -3.252606517456514288E-16 ) ) ;
#473 = CARTESIAN_POINT ( 'NONE',  ( 19.86681645076797409, -28.88833063238462984, -1.100000000000000311 ) ) ;
#474 = EDGE_LOOP ( 'NONE', ( #907, #1029, #1311, #89, #1215 ) ) ;
#475 = CARTESIAN_POINT ( 'NONE',  ( 20.20544352356244033, -36.47588672443890800, 1.000000000000044187 ) ) ;
#476 = CARTESIAN_POINT ( 'NONE',  ( 22.80631504243348573, -35.82920190804206584, 0.9999999999999995559 ) ) ;
#477 = CARTESIAN_POINT ( 'NONE',  ( 20.44699275523235826, -28.68929114841097316, -2.168404344971008868E-16 ) ) ;
#478 = CARTESIAN_POINT ( 'NONE',  ( 18.46524826509473982, -29.55340417918437979, -1.100000000000000533 ) ) ;
#479 = CARTESIAN_POINT ( 'NONE',  ( 23.49974484648395645, -34.61815111430349390, 1.000000000000000666 ) ) ;
#480 = CARTESIAN_POINT ( 'NONE',  ( 22.23728896794755983, -36.96061448383485271, 0.000000000000000000 ) ) ;
#481 = CARTESIAN_POINT ( 'NONE',  ( 17.51011662997834151, -30.22632589200570763, -1.072620068566854276E-14 ) ) ;
#482 = CARTESIAN_POINT ( 'NONE',  ( 17.44825935782454351, -34.62095910656165643, 0.000000000000000000 ) ) ;
#483 = CARTESIAN_POINT ( 'NONE',  ( 21.50297133854932952, -28.55718709664436616, -1.100000000000000089 ) ) ;
#484 = CARTESIAN_POINT ( 'NONE',  ( 22.64838435225492930, -36.91989067728698615, -1.100000000000000089 ) ) ;
#485 = CARTESIAN_POINT ( 'NONE',  ( 22.58841591483482958, -35.90849390052438395, 1.000000000000000444 ) ) ;
#486 = CARTESIAN_POINT ( 'NONE',  ( 22.51211291266151804, -27.93626380310850976, -1.100000000000000089 ) ) ;
#487 = CARTESIAN_POINT ( 'NONE',  ( 18.11165783867946999, -33.86608089654895082, 1.000000000000000666 ) ) ;
#488 = CARTESIAN_POINT ( 'NONE',  ( 22.26523252496360072, -28.72642559216833291, 5.320913433487508397E-15 ) ) ;
#489 = CARTESIAN_POINT ( 'NONE',  ( 18.46524826509473982, -29.55340417918437979, -1.600000000000000089 ) ) ;
#490 = VERTEX_POINT ( 'NONE', #794 ) ;
#491 = DIRECTION ( 'NONE',  ( 0.000000000000000000, 0.000000000000000000, -1.000000000000000000 ) ) ;
#492 = CARTESIAN_POINT ( 'NONE',  ( 23.06410450160542069, -36.80877573196206498, 0.9999999999999987788 ) ) ;
#493 = DIRECTION ( 'NONE',  ( 0.000000000000000000, 0.000000000000000000, -1.000000000000000000 ) ) ;
#494 = CARTESIAN_POINT ( 'NONE',  ( 15.78632932796701560, -33.47077998712710212, -1.100000000000000089 ) ) ;
#495 = CARTESIAN_POINT ( 'NONE',  ( 21.50183882577679739, -28.55675277586292538, 0.9999999999999996669 ) ) ;
#496 = DIRECTION ( 'NONE',  ( 0.000000000000000000, 0.000000000000000000, -1.000000000000000000 ) ) ;
#497 = EDGE_LOOP ( 'NONE', ( #1323, #565 ) ) ;
#498 = CARTESIAN_POINT ( 'NONE',  ( 17.45539614898486391, -32.65960576690274308, 1.000000000000000444 ) ) ;
#499 = CARTESIAN_POINT ( 'NONE',  ( 22.96836282592291667, -36.84140030761331275, 5.846394415124767741E-15 ) ) ;
#500 = CARTESIAN_POINT ( 'NONE',  ( 20.81008325103167422, -32.43770605650531280, 0.6000000000000000888 ) ) ;
#501 = CARTESIAN_POINT ( 'NONE',  ( 21.63844103180678147, -28.56688548335506184, 1.000000000000000666 ) ) ;
#502 = EDGE_LOOP ( 'NONE', ( #917, #1034 ) ) ;
#503 = CARTESIAN_POINT ( 'NONE',  ( 25.04451952374249757, -31.00659504189439275, -1.099999999999999867 ) ) ;
#504 = CARTESIAN_POINT ( 'NONE',  ( 16.73777588006065287, -33.64341274209836286, 1.000000000000000000 ) ) ;
#505 = CARTESIAN_POINT ( 'NONE',  ( 22.03814337784959676, -36.95758165274631324, -1.100000000000000311 ) ) ;
#506 = CIRCLE ( 'NONE', #680, 0.9999999999999997780 ) ;
#507 = CARTESIAN_POINT ( 'NONE',  ( 22.20718140274846775, -35.96063404287179566, 1.000000000000000000 ) ) ;
#508 = CARTESIAN_POINT ( 'NONE',  ( 21.87075196255938181, -28.60208497718574705, 5.590702868297079834E-15 ) ) ;
#509 = VERTEX_POINT ( 'NONE', #184 ) ;
#510 = CARTESIAN_POINT ( 'NONE',  ( 24.72509901845013758, -36.45928315436848521, -1.600000000000000533 ) ) ;
#511 = CARTESIAN_POINT ( 'NONE',  ( 17.49222109969118222, -32.81153480281474089, 1.000000000000000444 ) ) ;
#512 = CARTESIAN_POINT ( 'NONE',  ( 21.28292782631007540, -36.85882523276328726, -1.100000000000000533 ) ) ;
#513 = EDGE_CURVE ( 'NONE', #786, #490, #234, .T. ) ;
#514 = CARTESIAN_POINT ( 'NONE',  ( 22.43257448010401944, -28.80380329533220518, -8.350932712688223100E-15 ) ) ;
#515 = VERTEX_POINT ( 'NONE', #1319 ) ;
#516 = UNCERTAINTY_MEASURE_WITH_UNIT (LENGTH_MEASURE( 1.000000000000000082E-05 ), #766, 'distance_accuracy_value', 'NONE');
#517 = CARTESIAN_POINT ( 'NONE',  ( 24.15513798092587550, -37.08235198053294823, -1.600000000000000755 ) ) ;
#518 = CARTESIAN_POINT ( 'NONE',  ( 17.73902059812664334, -34.89248521474325315, -1.110912812480651872E-14 ) ) ;
#519 = DIRECTION ( 'NONE',  ( 0.7334577453312978168, -0.6797350482456595566, 0.000000000000000000 ) ) ;
#520 = CARTESIAN_POINT ( 'NONE',  ( 24.61520707267032648, -34.12880920727699419, 0.9999999999999071854 ) ) ;
#521 = PLANE ( 'NONE',  #716 ) ;
#522 = CARTESIAN_POINT ( 'NONE',  ( 22.10342288847515846, -35.96091793671086378, 1.000000000000000000 ) ) ;
#523 = CARTESIAN_POINT ( 'NONE',  ( 18.73238349217332654, -28.48908243508561000, -1.099999999999999867 ) ) ;
#524 = CARTESIAN_POINT ( 'NONE',  ( 23.61879438123135699, -36.48825056163430247, -1.100000000000000533 ) ) ;
#525 = CARTESIAN_POINT ( 'NONE',  ( 24.09030415286667193, -30.81448680325597067, 2.179584305567640467E-14 ) ) ;
#526 = CARTESIAN_POINT ( 'NONE',  ( 18.00978378952529013, -29.84045924111425308, -1.100000000000000755 ) ) ;
#527 = CARTESIAN_POINT ( 'NONE',  ( 15.60179926650180171, -31.82903446960169802, -1.600000000000000089 ) ) ;
#528 = CARTESIAN_POINT ( 'NONE',  ( 25.28460307348648328, -34.90499973821052748, -1.600000000000000533 ) ) ;
#529 = PRODUCT_DEFINITION ( 'æœ', '', #1008, #1329 ) ;
#530 = B_SPLINE_CURVE_WITH_KNOTS ( 'NONE', 3,
 ( #545, #122, #824, #797, #1320, #278, #264, #185, #610, #1218, #1000, #1005, #87, #64, #487, #588, #1198, #382, #904, #72, #161, #1027, #1300, #1122, #685, #1212, #507, #711, #56, #1098, #173, #1104, #595, #925, #373, #805, #919, #167, #479, #581 ),
 .UNSPECIFIED., .F., .F.,
 ( 4, 2, 2, 2, 2, 2, 2, 2, 2, 2, 2, 2, 2, 2, 2, 2, 2, 2, 2, 4 ),
 ( 0.001412160001817216060, 0.001720396339250378779, 0.002028632676683541497, 0.002336869014116703999, 0.002645105351549866934, 0.003261578026416172421, 0.003878050701282477475, 0.004494523376148782529, 0.005110996051015087582, 0.006343941400747720241, 0.007576886750480351165, 0.008193359425346663158, 0.008809832100212976885, 0.009118068437646131147, 0.009426304775079285408, 0.009734541112512439670, 0.009888659281229023740, 0.01004277744994560781, 0.01065925012481197184, 0.01127572279967833414 ),
 .UNSPECIFIED. ) ;
#531 = CARTESIAN_POINT ( 'NONE',  ( 24.98021288462322786, -35.91004892491110212, -1.600000000000000089 ) ) ;
#532 = CARTESIAN_POINT ( 'NONE',  ( 23.39692879064714148, -31.79450171575507511, 1.000000000000000000 ) ) ;
#533 = CARTESIAN_POINT ( 'NONE',  ( 17.37847663290682121, -30.33338912793897535, 0.000000000000000000 ) ) ;
#534 = CARTESIAN_POINT ( 'NONE',  ( 17.67561340711133511, -34.83357921346809860, -1.100000000000000089 ) ) ;
#535 = CARTESIAN_POINT ( 'NONE',  ( 23.53933840213468542, -34.41693225855202343, 1.000000000000000000 ) ) ;
#536 = PRODUCT_DEFINITION_SHAPE ( 'NONE', 'NONE',  #529 ) ;
#537 = CARTESIAN_POINT ( 'NONE',  ( 23.85701850787511447, -36.26127960913427017, -1.100000000000000533 ) ) ;
#538 = CARTESIAN_POINT ( 'NONE',  ( 22.90021467256143595, -30.67199373569197718, 1.000000000000000000 ) ) ;
#539 = CARTESIAN_POINT ( 'NONE',  ( 17.28444964104831527, -34.44822513056061553, 0.000000000000000000 ) ) ;
#540 = CARTESIAN_POINT ( 'NONE',  ( 21.44013989349065241, -37.72544600682950033, -1.600000000000000089 ) ) ;
#541 = CARTESIAN_POINT ( 'NONE',  ( 17.03391694629784681, -34.12046979342503761, -1.100000000000000311 ) ) ;
#542 = CARTESIAN_POINT ( 'NONE',  ( 21.27135404653695616, -36.85803629170881379, 0.9999999999999555911 ) ) ;
#543 = CARTESIAN_POINT ( 'NONE',  ( 15.62118692159971722, -32.71590768107549962, -1.600000000000000755 ) ) ;
#544 = CARTESIAN_POINT ( 'NONE',  ( 17.61096426665558567, -31.60488651111274905, 1.000000000000000666 ) ) ;
#545 = CARTESIAN_POINT ( 'NONE',  ( 17.85783035440029565, -31.27427847238991276, 1.000000000000000000 ) ) ;
#546 = CARTESIAN_POINT ( 'NONE',  ( 18.47070975609388555, -35.48612386276150232, 2.168404351837632840E-16 ) ) ;
#547 = CARTESIAN_POINT ( 'NONE',  ( 24.35373741207824594, -35.26476126522028665, 1.000000000000083933 ) ) ;
#548 = CARTESIAN_POINT ( 'NONE',  ( 23.04414934600712428, -30.94266961685397987, 1.000000000000000000 ) ) ;
#549 = AXIS2_PLACEMENT_3D ( 'NONE', #500, #389, #818 ) ;
#550 = CARTESIAN_POINT ( 'NONE',  ( 16.49562219966185239, -31.67944713282590996, -1.100000000000000755 ) ) ;
#551 = CARTESIAN_POINT ( 'NONE',  ( 20.45727226298788892, -36.58727563102212343, -1.100000000000000533 ) ) ;
#552 = CARTESIAN_POINT ( 'NONE',  ( 22.46634330722213946, -36.94287769610237149, 1.000000000000000000 ) ) ;
#553 = CARTESIAN_POINT ( 'NONE',  ( 15.62118692159971722, -32.71590768107549962, -1.099999999999999867 ) ) ;
#554 = CARTESIAN_POINT ( 'NONE',  ( 23.25291104409107490, -35.34880068942781861, 0.9999999999999995559 ) ) ;
#555 = CARTESIAN_POINT ( 'NONE',  ( 18.05630560289503705, -28.86582442883824484, -1.100000000000000089 ) ) ;
#556 = EDGE_CURVE ( 'NONE', #515, #620, #975, .T. ) ;
#557 = CARTESIAN_POINT ( 'NONE',  ( 19.02391937861267124, -35.83274182236700511, -1.100000000000000089 ) ) ;
#558 = CARTESIAN_POINT ( 'NONE',  ( 21.30411100599912544, -29.55343250879657901, 1.000000000000000000 ) ) ;
#559 = CARTESIAN_POINT ( 'NONE',  ( 19.90787592019250596, -35.19499033858929948, 0.9999999999999993339 ) ) ;
#560 = CARTESIAN_POINT ( 'NONE',  ( 23.72607808149906106, -36.39786385169235672, -1.100000000000000755 ) ) ;
#561 = CARTESIAN_POINT ( 'NONE',  ( 22.64253238249438738, -36.92122809217009660, -1.100000000000000755 ) ) ;
#562 = CARTESIAN_POINT ( 'NONE',  ( 17.17646260069936659, -30.53833654418678023, 0.9999999999999942268 ) ) ;
#563 = CARTESIAN_POINT ( 'NONE',  ( 18.15428506039557277, -35.24068572356534190, -3.252606517456515767E-16 ) ) ;
#564 = CARTESIAN_POINT ( 'NONE',  ( 17.39998254633802688, -29.28141780778085490, -1.600000000000000755 ) ) ;
#565 = ORIENTED_EDGE ( 'NONE', *, *, #1095, .T. ) ;
#566 = CARTESIAN_POINT ( 'NONE',  ( 24.50917408072100301, -34.69536581075768567, -1.100000000000000755 ) ) ;
#567 = CARTESIAN_POINT ( 'NONE',  ( 19.17564413469916218, -30.29508067102823787, 1.000000000000000444 ) ) ;
#568 = CARTESIAN_POINT ( 'NONE',  ( 17.27755932198078881, -30.43637146456921272, -1.100000000000000089 ) ) ;
#569 =( GEOMETRIC_REPRESENTATION_CONTEXT ( 3 ) GLOBAL_UNCERTAINTY_ASSIGNED_CONTEXT ( ( #516 ) ) GLOBAL_UNIT_ASSIGNED_CONTEXT ( ( #766, #34, #1247 ) ) REPRESENTATION_CONTEXT ( 'NONE', 'WORKASPACE' ) );
#570 = CARTESIAN_POINT ( 'NONE',  ( 22.96933194561074032, -29.17751673523619260, -1.100000000000000089 ) ) ;
#571 = EDGE_CURVE ( 'NONE', #94, #385, #102, .T. ) ;
#572 = CARTESIAN_POINT ( 'NONE',  ( 24.46933968856342290, -34.85082531081883417, 0.9999999999998328004 ) ) ;
#573 = CARTESIAN_POINT ( 'NONE',  ( 21.24617719513802427, -28.54376230385278390, -2.168404344971008868E-16 ) ) ;
#574 = CARTESIAN_POINT ( 'NONE',  ( 22.64253238249438738, -36.92122809217009660, 0.000000000000000000 ) ) ;
#575 = CARTESIAN_POINT ( 'NONE',  ( 20.01402900405704344, -29.90289044445911060, 1.000000000000000000 ) ) ;
#576 = CARTESIAN_POINT ( 'NONE',  ( 17.18529185353319022, -30.53048414336581473, -1.100000000000000533 ) ) ;
#577 = CARTESIAN_POINT ( 'NONE',  ( 24.38540536548969229, -35.16009496173383297, -1.100000000000000311 ) ) ;
#578 = CARTESIAN_POINT ( 'NONE',  ( 23.03695431767389223, -35.66637322312390523, 1.000000000000000000 ) ) ;
#579 = CARTESIAN_POINT ( 'NONE',  ( 16.73728297930063746, -31.11797492500666706, 6.034762441521575251E-15 ) ) ;
#580 = CARTESIAN_POINT ( 'NONE',  ( 22.78041973953567023, -29.00752041144721360, -1.100000000000000755 ) ) ;
#581 = CARTESIAN_POINT ( 'NONE',  ( 23.53933840213468542, -34.41693225855202343, 1.000000000000000000 ) ) ;
#582 = CARTESIAN_POINT ( 'NONE',  ( 17.22315289725480270, -30.49151674180078686, 6.037564142966786234E-15 ) ) ;
#583 = CARTESIAN_POINT ( 'NONE',  ( 23.51623108890958491, -36.56661855100701075, 0.000000000000000000 ) ) ;
#584 = CARTESIAN_POINT ( 'NONE',  ( 19.12427154005499119, -29.20078869808587285, -1.100000000000000311 ) ) ;
#585 = CARTESIAN_POINT ( 'NONE',  ( 24.60690835054739978, -34.17098426247926568, -0.000000000000000000 ) ) ;
#586 = CARTESIAN_POINT ( 'NONE',  ( 23.06410459432804672, -36.80877594449236057, 0.000000000000000000 ) ) ;
#587 = CARTESIAN_POINT ( 'NONE',  ( 19.67826372801071955, -28.95713297097489658, -1.100000000000000755 ) ) ;
#588 = CARTESIAN_POINT ( 'NONE',  ( 18.40377437229850699, -34.14985794724486112, 1.000000000000000666 ) ) ;
#589 = CARTESIAN_POINT ( 'NONE',  ( 18.48072270777509729, -30.73732053789135321, 0.9999999999999995559 ) ) ;
#590 = CARTESIAN_POINT ( 'NONE',  ( 19.89939957112129676, -28.87622218183055622, -1.100000000000000089 ) ) ;
#591 = CARTESIAN_POINT ( 'NONE',  ( 16.41674929226482860, -32.27679300372080462, -5.647605391668744054E-15 ) ) ;
#592 = AXIS2_PLACEMENT_3D ( 'NONE', #1307, #493, #381 ) ;
#593 = CARTESIAN_POINT ( 'NONE',  ( 23.33883389065559655, -36.67901357918314886, -2.168404332668687059E-16 ) ) ;
#594 = CARTESIAN_POINT ( 'NONE',  ( 21.79344965469699957, -28.57238128803867028, -2.168404344971008868E-16 ) ) ;
#595 = CARTESIAN_POINT ( 'NONE',  ( 22.98144742760974069, -35.71952897574900732, 1.000000000000000444 ) ) ;
#596 = CARTESIAN_POINT ( 'NONE',  ( 19.74863491784702063, -28.93264109754905533, -2.168404344093106767E-16 ) ) ;
#597 = EDGE_CURVE ( 'NONE', #620, #890, #425, .T. ) ;
#598 = B_SPLINE_CURVE_WITH_KNOTS ( 'NONE', 3,
 ( #384, #402, #852, #1229, #728, #1331, #628, #1140, #200, #838, #916, #1132, #1224, #1248, #946, #1310, #103, #940, #531, #1336, #110, #97 ),
 .UNSPECIFIED., .F., .F.,
 ( 4, 1, 1, 1, 1, 1, 1, 1, 1, 1, 1, 1, 1, 1, 1, 1, 1, 1, 1, 4 ),
 ( 0.4999999999999996114, 0.5312499999999996669, 0.5624999999999996669, 0.5937499999999996669, 0.6249999999999997780, 0.6406249999999997780, 0.6562499999999997780, 0.6718749999999997780, 0.6874999999999997780, 0.7187499999999997780, 0.7499999999999997780, 0.7812499999999997780, 0.8124999999999998890, 0.8750000000000000000, 0.9062500000000000000, 0.9375000000000000000, 0.9531250000000000000, 0.9687500000000000000, 0.9843750000000000000, 1.000000000000000000 ),
 .UNSPECIFIED. ) ;
#599 = CARTESIAN_POINT ( 'NONE',  ( 24.49152270266766607, -34.76165234459154618, -1.100000000000000089 ) ) ;
#600 = FACE_OUTER_BOUND ( 'NONE', #81, .T. ) ;
#601 = CARTESIAN_POINT ( 'NONE',  ( 17.43075034602521001, -32.14420280039498579, 1.000000000000000444 ) ) ;
#602 = CARTESIAN_POINT ( 'NONE',  ( 24.33294159017555103, -35.33750965734678573, -8.024708101613345419E-33 ) ) ;
#603 = CARTESIAN_POINT ( 'NONE',  ( 23.38298574560986864, -36.65377128284433894, 2.585660541992565808E-15 ) ) ;
#604 = FACE_OUTER_BOUND ( 'NONE', #391, .T. ) ;
#605 = CARTESIAN_POINT ( 'NONE',  ( 21.25162118991205773, -28.55273539161744978, 0.9999999999998221423 ) ) ;
#606 = ORIENTED_EDGE ( 'NONE', *, *, #819, .T. ) ;
#607 = CARTESIAN_POINT ( 'NONE',  ( 20.97878421976119512, -27.74084369457317578, -1.600000000000000533 ) ) ;
#608 = CARTESIAN_POINT ( 'NONE',  ( 17.97609997212474298, -33.71503333915647715, 0.9999999999999993339 ) ) ;
#609 = CARTESIAN_POINT ( 'NONE',  ( 23.51885437785079347, -36.56501210685576808, 1.000000000000002887 ) ) ;
#610 = CARTESIAN_POINT ( 'NONE',  ( 17.41439705035671892, -32.30057966600612218, 0.9999999999999995559 ) ) ;
#611 = CARTESIAN_POINT ( 'NONE',  ( 20.99588242430286655, -29.59263729657007147, 0.9999999999999995559 ) ) ;
#612 = VERTEX_POINT ( 'NONE', #555 ) ;
#613 = CARTESIAN_POINT ( 'NONE',  ( 21.83326250296625304, -27.75936686288351751, -1.600000000000000533 ) ) ;
#614 = CARTESIAN_POINT ( 'NONE',  ( 16.41681417933803999, -32.37163488848781157, 1.000000000000000000 ) ) ;
#615 = CARTESIAN_POINT ( 'NONE',  ( 23.51623108890958491, -36.56661855100701075, 0.000000000000000000 ) ) ;
#616 = EDGE_CURVE ( 'NONE', #158, #509, #703, .T. ) ;
#617 = AXIS2_PLACEMENT_3D ( 'NONE', #1051, #207, #519 ) ;
#618 = B_SPLINE_CURVE_WITH_KNOTS ( 'NONE', 3,
 ( #1178, #1206, #913, #1293, #250, #796, #263, #486, #991, #49, #276, #255, #903, #705, #1326, #60, #1214, #624, #1152, #1065, #1255, #750 ),
 .UNSPECIFIED., .F., .F.,
 ( 4, 1, 1, 1, 1, 1, 1, 1, 1, 1, 1, 1, 1, 1, 1, 1, 1, 1, 1, 4 ),
 ( 0.4999999999999996114, 0.5312499999999996669, 0.5624999999999996669, 0.5937499999999996669, 0.6249999999999997780, 0.6406249999999997780, 0.6562499999999997780, 0.6718749999999997780, 0.6874999999999997780, 0.7187499999999997780, 0.7499999999999997780, 0.7812499999999997780, 0.8124999999999998890, 0.8750000000000000000, 0.9062500000000000000, 0.9375000000000000000, 0.9531250000000000000, 0.9687500000000000000, 0.9843750000000000000, 1.000000000000000000 ),
 .UNSPECIFIED. ) ;
#619 = CARTESIAN_POINT ( 'NONE',  ( 21.63844103105046202, -28.56688548937828287, -2.364735692057942298E-15 ) ) ;
#620 = VERTEX_POINT ( 'NONE', #243 ) ;
#621 = CARTESIAN_POINT ( 'NONE',  ( 19.42084480922110856, -28.19452662574494184, -1.600000000000000533 ) ) ;
#622 = CARTESIAN_POINT ( 'NONE',  ( 24.05976445749025316, -35.95788250908771033, -1.100000000000000311 ) ) ;
#623 = CARTESIAN_POINT ( 'NONE',  ( 20.07261683968395616, -28.81307777621736932, -1.163438168754699602E-14 ) ) ;
#624 = CARTESIAN_POINT ( 'NONE',  ( 25.13826530933419434, -35.46419926586274585, -1.100000000000000089 ) ) ;
#625 = CARTESIAN_POINT ( 'NONE',  ( 19.90769323916119404, -36.33278521088814017, 0.000000000000000000 ) ) ;
#626 = CARTESIAN_POINT ( 'NONE',  ( 22.54346353763552457, -36.93382255837720862, 2.706106950809144177E-30 ) ) ;
#627 = CARTESIAN_POINT ( 'NONE',  ( 17.02316722721321440, -30.70374750022674348, 0.9999999999999886757 ) ) ;
#628 = CARTESIAN_POINT ( 'NONE',  ( 21.83326250296625304, -27.75936686288351751, -1.600000000000000089 ) ) ;
#629 = CARTESIAN_POINT ( 'NONE',  ( 22.33220362460873432, -29.94605728288248514, 1.000000000000000000 ) ) ;
#630 = ADVANCED_FACE ( 'NONE', ( #767 ), #320, .T. ) ;
#631 = CARTESIAN_POINT ( 'NONE',  ( 19.19782886885218076, -35.94076698222897193, -1.100000000000000755 ) ) ;
#632 = CARTESIAN_POINT ( 'NONE',  ( 15.78632932796701560, -33.47077998712710212, -1.600000000000000089 ) ) ;
#633 = CARTESIAN_POINT ( 'NONE',  ( 21.66594964975516646, -36.92929511571088597, -2.258086529594797701E-14 ) ) ;
#634 = CARTESIAN_POINT ( 'NONE',  ( 25.28460307348648328, -34.90499973821052748, -1.099999999999999867 ) ) ;
#635 = CARTESIAN_POINT ( 'NONE',  ( 17.91899980422509131, -35.04842227324818538, 1.000000000000022204 ) ) ;
#636 = CARTESIAN_POINT ( 'NONE',  ( 23.53933840213878170, -34.41693225853125426, -3.252606517456513302E-16 ) ) ;
#637 = CARTESIAN_POINT ( 'NONE',  ( 23.30799824449941937, -29.52113903988015409, 1.000000000000009326 ) ) ;
#638 = CARTESIAN_POINT ( 'NONE',  ( 17.00296207044755548, -30.71650707893417120, 0.000000000000000000 ) ) ;
#639 = CARTESIAN_POINT ( 'NONE',  ( 16.71495142899959774, -33.56801787150605776, -1.100000000000000311 ) ) ;
#640 = CARTESIAN_POINT ( 'NONE',  ( 21.19775843523038006, -35.80483585286418702, 1.000000000000000000 ) ) ;
#641 = CARTESIAN_POINT ( 'NONE',  ( 22.79448699186523797, -30.49756903126781893, 0.9999999999999997780 ) ) ;
#642 = CARTESIAN_POINT ( 'NONE',  ( 20.44539692009620069, -35.48130973854941317, 1.000000000000000000 ) ) ;
#643 = CARTESIAN_POINT ( 'NONE',  ( 18.05630560289504061, -28.86582442883824129, -1.100000000000000089 ) ) ;
#644 = CARTESIAN_POINT ( 'NONE',  ( 24.62530240271505377, -32.92518825160470186, 0.9999999999999332756 ) ) ;
#645 = CARTESIAN_POINT ( 'NONE',  ( 18.50812598112392848, -35.51309390021345536, 0.000000000000000000 ) ) ;
#646 = CARTESIAN_POINT ( 'NONE',  ( 17.15720808029006861, -34.28098751263613053, -1.100000000000000089 ) ) ;
#647 = CARTESIAN_POINT ( 'NONE',  ( 21.44013989349065241, -37.72544600682950033, -1.099999999999999867 ) ) ;
#648 = CARTESIAN_POINT ( 'NONE',  ( 23.51954254497817587, -34.51753701228852833, 1.000000000000000444 ) ) ;
#649 = CARTESIAN_POINT ( 'NONE',  ( 24.06228991145956186, -35.95355218539417308, -1.100000000000000533 ) ) ;
#650 = CARTESIAN_POINT ( 'NONE',  ( 24.19290004631587365, -35.73326879728206507, -1.100000000000000755 ) ) ;
#651 = CARTESIAN_POINT ( 'NONE',  ( 24.61520707764143978, -34.12880920791924666, 3.109925430033226553E-13 ) ) ;
#652 = CARTESIAN_POINT ( 'NONE',  ( 17.58222504263432029, -30.16104410706822847, 0.000000000000000000 ) ) ;
#653 = CARTESIAN_POINT ( 'NONE',  ( 18.36692632221568644, -35.40484633341133502, -1.100000000000000533 ) ) ;
#654 = CARTESIAN_POINT ( 'NONE',  ( 22.08878198533917114, -29.75458521778569576, 1.000000000000000222 ) ) ;
#655 = CARTESIAN_POINT ( 'NONE',  ( 19.04321421832161931, -34.66412332706708099, 1.000000000000000444 ) ) ;
#656 = CARTESIAN_POINT ( 'NONE',  ( 24.24891043719843964, -35.57304494434869468, 2.204286715299140128E-14 ) ) ;
#657 = CARTESIAN_POINT ( 'NONE',  ( 24.65272167368291889, -33.07919454679810656, -2.168404344971008868E-16 ) ) ;
#658 = CARTESIAN_POINT ( 'NONE',  ( 22.77243427812245713, -29.01171459285750842, 0.9999999999998691047 ) ) ;
#659 = CARTESIAN_POINT ( 'NONE',  ( 17.18699288409029435, -34.31850787153477711, -1.100000000000000089 ) ) ;
#660 = CARTESIAN_POINT ( 'NONE',  ( 19.63039012243672587, -37.11137766282580230, -1.600000000000000755 ) ) ;
#661 = CARTESIAN_POINT ( 'NONE',  ( 24.11731489198702150, -35.85760307003827307, 5.348678067082452693E-15 ) ) ;
#662 = CARTESIAN_POINT ( 'NONE',  ( 17.12437260906899894, -30.59454342414425199, 0.000000000000000000 ) ) ;
#663 = CARTESIAN_POINT ( 'NONE',  ( 22.18362145467621005, -28.69207554670323645, 0.000000000000000000 ) ) ;
#664 = CARTESIAN_POINT ( 'NONE',  ( 19.00559304125023985, -29.25778814533904537, 0.9999999999997994937 ) ) ;
#665 = CARTESIAN_POINT ( 'NONE',  ( 16.44476518821004518, -31.98039721619399245, -1.100000000000000311 ) ) ;
#666 = CARTESIAN_POINT ( 'NONE',  ( 16.14633689040233477, -34.29311633736719500, -1.600000000000000755 ) ) ;
#667 = CARTESIAN_POINT ( 'NONE',  ( 24.44762708764221415, -34.95795209975883466, -2.168404344971008868E-16 ) ) ;
#668 = CARTESIAN_POINT ( 'NONE',  ( 23.19024028610838073, -29.38340865597235307, 1.203706215242021040E-32 ) ) ;
#669 = CARTESIAN_POINT ( 'NONE',  ( 20.90321684232591437, -36.76290706462877722, 0.000000000000000000 ) ) ;
#670 = CARTESIAN_POINT ( 'NONE',  ( 17.12437260906899894, -30.59454342414425199, 0.000000000000000000 ) ) ;
#671 = CARTESIAN_POINT ( 'NONE',  ( 19.11805556673080631, -35.89900008825801336, -2.728400754548558873E-31 ) ) ;
#672 = CARTESIAN_POINT ( 'NONE',  ( 21.29747448089823081, -28.55488197138776130, -1.100000000000000089 ) ) ;
#673 = ORIENTED_EDGE ( 'NONE', *, *, #416, .F. ) ;
#674 = CARTESIAN_POINT ( 'NONE',  ( 24.52052406717538702, -34.60999880334587431, 1.000000000000000222 ) ) ;
#675 = FACE_OUTER_BOUND ( 'NONE', #1128, .T. ) ;
#676 = CARTESIAN_POINT ( 'NONE',  ( 23.84558593093892043, -30.29015708570837973, -3.252606517456515274E-16 ) ) ;
#677 = CARTESIAN_POINT ( 'NONE',  ( 21.69705673922950595, -36.94071036190229762, -1.100000000000000755 ) ) ;
#678 = CARTESIAN_POINT ( 'NONE',  ( 19.32431199741062855, -29.10848388191275049, 0.9999999999999968914 ) ) ;
#679 = CARTESIAN_POINT ( 'NONE',  ( 17.69698363354591564, -30.07627014610753946, -1.100000000000000089 ) ) ;
#680 = AXIS2_PLACEMENT_3D ( 'NONE', #636, #724, #1147 ) ;
#681 = CARTESIAN_POINT ( 'NONE',  ( 24.62458044028779369, -33.89429770934872010, -1.100000000000000089 ) ) ;
#682 = ORIENTED_EDGE ( 'NONE', *, *, #597, .F. ) ;
#683 = CARTESIAN_POINT ( 'NONE',  ( 23.75268870455083103, -36.36554179652519991, 2.777497043494750456E-15 ) ) ;
#684 = CARTESIAN_POINT ( 'NONE',  ( 20.44699275523235826, -28.68929114841097316, -1.100000000000000755 ) ) ;
#685 = CARTESIAN_POINT ( 'NONE',  ( 21.79478362671395431, -35.94297550851612044, 1.000000000000000000 ) ) ;
#686 = CARTESIAN_POINT ( 'NONE',  ( 19.00559304099556002, -29.25778814484468171, -3.328967914347118398E-14 ) ) ;
#687 = CARTESIAN_POINT ( 'NONE',  ( 16.65864358750966190, -33.46116247749772299, 0.000000000000000000 ) ) ;
#688 = CARTESIAN_POINT ( 'NONE',  ( 24.60348683073171472, -32.53665503191578523, -1.100000000000000311 ) ) ;
#689 = CARTESIAN_POINT ( 'NONE',  ( 23.66750664621007161, -36.44711582835171271, -2.777497043494750456E-15 ) ) ;
#690 = CARTESIAN_POINT ( 'NONE',  ( 18.63625441591394249, -36.55753941445311739, -1.100000000000000089 ) ) ;
#691 = CARTESIAN_POINT ( 'NONE',  ( 18.00396597997750803, -31.12731617326032207, 1.000000000000000666 ) ) ;
#692 = CARTESIAN_POINT ( 'NONE',  ( 19.70543915002118496, -28.94972510254426368, -1.100000000000000311 ) ) ;
#693 = CARTESIAN_POINT ( 'NONE',  ( 18.33074661916137060, -34.07891496903983608, 1.000000000000000444 ) ) ;
#694 = CARTESIAN_POINT ( 'NONE',  ( 24.04545547324622845, -36.03151243556583694, 3.252606517456513302E-16 ) ) ;
#695 = CARTESIAN_POINT ( 'NONE',  ( 23.62101643436770360, -36.48752060255071683, 0.9999999999999972244 ) ) ;
#696 = CARTESIAN_POINT ( 'NONE',  ( 21.24617719513802427, -28.54376230385278390, -1.100000000000000755 ) ) ;
#697 = CARTESIAN_POINT ( 'NONE',  ( 17.61121958924066533, -35.86389191845238145, -1.100000000000000089 ) ) ;
#698 = CARTESIAN_POINT ( 'NONE',  ( 20.39964876512477687, -29.75826927257367416, 0.9999999999999993339 ) ) ;
#699 = CARTESIAN_POINT ( 'NONE',  ( 21.45715460677999786, -28.55553837120040939, -1.100000000000000311 ) ) ;
#700 = EDGE_LOOP ( 'NONE', ( #808, #281 ) ) ;
#701 = CARTESIAN_POINT ( 'NONE',  ( 22.70301779906293049, -36.90695521048985484, 0.9999999999999862332 ) ) ;
#702 = CARTESIAN_POINT ( 'NONE',  ( 16.42874935501885147, -32.09103068086326260, 5.647605391668871061E-15 ) ) ;
#703 = CIRCLE ( 'NONE', #191, 1.599999999999001554 ) ;
#704 = CARTESIAN_POINT ( 'NONE',  ( 23.79295855415248795, -36.32253532845042798, 1.000000000000000666 ) ) ;
#705 = CARTESIAN_POINT ( 'NONE',  ( 25.35619483024440513, -32.08592320891038696, -1.100000000000000089 ) ) ;
#706 = CARTESIAN_POINT ( 'NONE',  ( 17.83423877858847817, -28.99788032428799767, -1.100000000000000089 ) ) ;
#707 = CARTESIAN_POINT ( 'NONE',  ( 20.67451525043088623, -28.63857278368135795, 0.9999999999999776845 ) ) ;
#708 = ORIENTED_EDGE ( 'NONE', *, *, #181, .F. ) ;
#709 = CARTESIAN_POINT ( 'NONE',  ( 22.16605044982880202, -37.77150042667190633, -1.099999999999999867 ) ) ;
#710 = CARTESIAN_POINT ( 'NONE',  ( 24.57439926965146171, -32.39196518356435206, -0.000000000000000000 ) ) ;
#711 = CARTESIAN_POINT ( 'NONE',  ( 22.41173564220058978, -35.94402002275622721, 1.000000000000000222 ) ) ;
#712 = CARTESIAN_POINT ( 'NONE',  ( 21.66267780872796322, -29.58109726188197186, 1.000000000000000000 ) ) ;
#713 = ORIENTED_EDGE ( 'NONE', *, *, #1233, .F. ) ;
#714 = CARTESIAN_POINT ( 'NONE',  ( 24.15513798092587550, -37.08235198053294823, -1.099999999999999867 ) ) ;
#715 = CARTESIAN_POINT ( 'NONE',  ( 16.88201185781789349, -33.90320274288644953, 0.9999999999999772404 ) ) ;
#716 = AXIS2_PLACEMENT_3D ( 'NONE', #411, #308, #1061 ) ;
#717 = CARTESIAN_POINT ( 'NONE',  ( 21.95252360775262090, -29.68193504152066353, 1.000000000000000000 ) ) ;
#718 = ORIENTED_EDGE ( 'NONE', *, *, #1335, .F. ) ;
#719 = CARTESIAN_POINT ( 'NONE',  ( 22.48756144470735663, -35.92975374774057684, 1.000000000000000000 ) ) ;
#720 = CARTESIAN_POINT ( 'NONE',  ( 24.36964865066939012, -36.89931722494762312, -1.099999999999999867 ) ) ;
#721 = CARTESIAN_POINT ( 'NONE',  ( 17.41731135491359339, -32.30035810702037224, 1.000000000000000000 ) ) ;
#722 = CARTESIAN_POINT ( 'NONE',  ( 16.80698350296295729, -31.00130540297613280, -2.793814837878951275E-15 ) ) ;
#723 = STYLED_ITEM ( 'NONE', ( #1276 ), #908 ) ;
#724 = DIRECTION ( 'NONE',  ( 0.1930665448146696717, 0.9811856650366052035, 0.000000000000000000 ) ) ;
#725 = CARTESIAN_POINT ( 'NONE',  ( 21.45747253002073407, -29.55596420227083598, 0.9999999999999993339 ) ) ;
#726 = VERTEX_POINT ( 'NONE', #351 ) ;
#727 = CARTESIAN_POINT ( 'NONE',  ( 25.13826530933419434, -35.46419926586274585, -1.099999999999999867 ) ) ;
#728 = CARTESIAN_POINT ( 'NONE',  ( 20.16275830687267856, -27.92890454885306539, -1.600000000000000089 ) ) ;
#729 = CARTESIAN_POINT ( 'NONE',  ( 24.65107341949559938, -33.64947687962653333, 1.000000000000132117 ) ) ;
#730 = CARTESIAN_POINT ( 'NONE',  ( 16.95220166754854318, -34.01360971112693221, -1.100000000000000755 ) ) ;
#731 = CARTESIAN_POINT ( 'NONE',  ( 16.75695791971383031, -35.08670307652996456, -1.600000000000000089 ) ) ;
#732 = CARTESIAN_POINT ( 'NONE',  ( 24.71069010408935540, -30.21593817832684792, -1.600000000000000533 ) ) ;
#733 = CARTESIAN_POINT ( 'NONE',  ( 18.47070975217590671, -35.48612386773750416, 1.000000000000000222 ) ) ;
#734 = CARTESIAN_POINT ( 'NONE',  ( 24.15513798092587550, -37.08235198053294823, -1.100000000000000089 ) ) ;
#735 = CARTESIAN_POINT ( 'NONE',  ( 23.98890960244697013, -30.59650982222681392, -2.266320479366480822E-14 ) ) ;
#736 = CARTESIAN_POINT ( 'NONE',  ( 17.65067707227196792, -31.53840440664305333, 1.000000000000000222 ) ) ;
#737 = DIRECTION ( 'NONE',  ( -0.000000000000000000, -0.000000000000000000, -1.000000000000000000 ) ) ;
#738 = CARTESIAN_POINT ( 'NONE',  ( 19.73453447416325446, -36.23901971456901094, -1.100000000000000089 ) ) ;
#739 = CARTESIAN_POINT ( 'NONE',  ( 21.49452212837313780, -35.88273846939688383, 1.000000000000000000 ) ) ;
#740 = CARTESIAN_POINT ( 'NONE',  ( 23.50442814654504886, -32.18806353855852365, 0.9999999999999993339 ) ) ;
#741 = CARTESIAN_POINT ( 'NONE',  ( 17.59863767274859114, -31.62766979894361796, 1.000000000000000000 ) ) ;
#742 = AXIS2_PLACEMENT_3D ( 'NONE', #77, #491, #910 ) ;
#743 = CARTESIAN_POINT ( 'NONE',  ( 24.08016357423066722, -35.92247866493332253, -1.100000000000000311 ) ) ;
#744 = CARTESIAN_POINT ( 'NONE',  ( 24.60266541424354969, -32.68085829481397298, 1.000000000000178302 ) ) ;
#745 = CARTESIAN_POINT ( 'NONE',  ( 16.95220166754854318, -34.01360971112693221, 0.000000000000000000 ) ) ;
#746 = CARTESIAN_POINT ( 'NONE',  ( 23.40608252759149721, -36.64470265071410893, -1.100000000000000755 ) ) ;
#747 = CARTESIAN_POINT ( 'NONE',  ( 16.41328603080895121, -32.41392340356564716, -1.100000000000000533 ) ) ;
#748 = CARTESIAN_POINT ( 'NONE',  ( 22.08317826092596903, -36.96142938897728669, 0.000000000000000000 ) ) ;
#749 = CARTESIAN_POINT ( 'NONE',  ( 15.78632932796701560, -33.47077998712710212, -1.600000000000000755 ) ) ;
#750 = CARTESIAN_POINT ( 'NONE',  ( 24.15513798092587550, -37.08235198053294823, -1.100000000000000089 ) ) ;
#751 = CARTESIAN_POINT ( 'NONE',  ( 19.41502543596927310, -36.06526014425666915, -2.242878917187871080E-14 ) ) ;
#752 = CARTESIAN_POINT ( 'NONE',  ( 23.39973487760094528, -34.96473207091671753, 1.000000000000000000 ) ) ;
#753 = CARTESIAN_POINT ( 'NONE',  ( 17.98463031986930005, -29.85710090662481164, -0.000000000000000000 ) ) ;
#754 = CARTESIAN_POINT ( 'NONE',  ( 23.39585844266541770, -29.62921229119817568, 1.000000000000022204 ) ) ;
#755 = CARTESIAN_POINT ( 'NONE',  ( 16.49562219966185239, -31.67944713282590996, 0.000000000000000000 ) ) ;
#756 = CARTESIAN_POINT ( 'NONE',  ( 17.69180650113885278, -34.84841947245417515, -1.100000000000000089 ) ) ;
#757 = CARTESIAN_POINT ( 'NONE',  ( 23.60824183649694774, -32.79316008326886589, 1.000000000000000444 ) ) ;
#758 = ADVANCED_FACE ( 'NONE', ( #675 ), #63, .T. ) ;
#759 = CARTESIAN_POINT ( 'NONE',  ( 18.01062843421359005, -35.12386743903855546, 2.168404343254352875E-16 ) ) ;
#760 = FACE_OUTER_BOUND ( 'NONE', #460, .T. ) ;
#761 = CARTESIAN_POINT ( 'NONE',  ( 24.27377811493751025, -31.26345602896675402, 2.168404344171558245E-16 ) ) ;
#762 = CARTESIAN_POINT ( 'NONE',  ( 16.41679585963011334, -32.21460845586250343, 0.000000000000000000 ) ) ;
#763 = CARTESIAN_POINT ( 'NONE',  ( 23.43803499998904982, -37.55749168788039327, -1.600000000000000089 ) ) ;
#764 = CARTESIAN_POINT ( 'NONE',  ( 20.85619177744217367, -36.74190121115756114, -1.100000000000000311 ) ) ;
#765 = CARTESIAN_POINT ( 'NONE',  ( 18.47958272649954026, -30.73459266955374147, 1.000000000000000222 ) ) ;
#766 =( LENGTH_UNIT ( ) NAMED_UNIT ( * ) SI_UNIT ( .MILLI., .METRE. ) );
#767 = FACE_OUTER_BOUND ( 'NONE', #474, .T. ) ;
#768 = DIRECTION ( 'NONE',  ( 0.000000000000000000, 0.000000000000000000, -1.000000000000000000 ) ) ;
#769 = CARTESIAN_POINT ( 'NONE',  ( 22.10233899454784279, -36.96155524244561974, 0.000000000000000000 ) ) ;
#770 = CARTESIAN_POINT ( 'NONE',  ( 18.15692700852929420, -30.98941136357687043, 1.000000000000000666 ) ) ;
#771 = CARTESIAN_POINT ( 'NONE',  ( 20.63021866807317295, -36.65794725629451278, -1.100000000000000311 ) ) ;
#772 = CARTESIAN_POINT ( 'NONE',  ( 16.75695791971383031, -35.08670307652996456, -1.600000000000000755 ) ) ;
#773 = CARTESIAN_POINT ( 'NONE',  ( 23.23004581030308557, -35.39469333037442311, 0.9999999999999995559 ) ) ;
#774 = DIRECTION ( 'NONE',  ( 1.000000000000000000, 0.000000000000000000, 0.000000000000000000 ) ) ;
#775 = EDGE_CURVE ( 'NONE', #509, #158, #403, .T. ) ;
#776 = CARTESIAN_POINT ( 'NONE',  ( 23.98619384341284544, -36.08199742186370429, -1.100000000000000755 ) ) ;
#777 = CARTESIAN_POINT ( 'NONE',  ( 18.64894659048559333, -30.61966993749895849, 0.9999999999999995559 ) ) ;
#778 = CARTESIAN_POINT ( 'NONE',  ( 16.69146119326109812, -31.20560479332003112, -1.100000000000000089 ) ) ;
#779 = UNCERTAINTY_MEASURE_WITH_UNIT (LENGTH_MEASURE( 1.000000000000000082E-05 ), #781, 'distance_accuracy_value', 'NONE');
#780 = CARTESIAN_POINT ( 'NONE',  ( 19.81809063807862259, -28.90657578086630863, -1.100000000000000533 ) ) ;
#781 =( LENGTH_UNIT ( ) NAMED_UNIT ( * ) SI_UNIT ( .MILLI., .METRE. ) );
#782 = CARTESIAN_POINT ( 'NONE',  ( 20.97726812055336865, -28.57485184605380368, -2.168404344971008868E-16 ) ) ;
#783 = CARTESIAN_POINT ( 'NONE',  ( 19.43011433168296165, -29.06240262702562660, 1.000000000000022204 ) ) ;
#784 = CARTESIAN_POINT ( 'NONE',  ( 21.70704743443314655, -36.93891703735769028, 8.425943506694162331E-32 ) ) ;
#785 = CARTESIAN_POINT ( 'NONE',  ( 22.78921465908290500, -29.02786120568482175, -1.100000000000000533 ) ) ;
#786 = VERTEX_POINT ( 'NONE', #894 ) ;
#787 = CARTESIAN_POINT ( 'NONE',  ( 20.30914402012615128, -36.52367212002829433, 1.000000000000000000 ) ) ;
#788 = CARTESIAN_POINT ( 'NONE',  ( 22.94977544131134195, -35.74235549331798723, 1.000000000000000000 ) ) ;
#789 = CARTESIAN_POINT ( 'NONE',  ( 20.81008325103167422, -32.43770605650531280, 0.6000000000000000888 ) ) ;
#790 = CARTESIAN_POINT ( 'NONE',  ( 19.11348857447020322, -29.20533136559494736, 0.000000000000000000 ) ) ;
#791 = CARTESIAN_POINT ( 'NONE',  ( 17.10254594140432616, -30.61774762316210996, -1.100000000000000311 ) ) ;
#792 = VECTOR ( 'NONE', #844, 1000.000000000000000 ) ;
#793 = CARTESIAN_POINT ( 'NONE',  ( 23.68582532259930673, -30.04101730247925772, -1.100000000000000311 ) ) ;
#794 = CARTESIAN_POINT ( 'NONE',  ( 19.21008325103267467, -32.43770605650531280, 0.6000000000000000888 ) ) ;
#795 = CARTESIAN_POINT ( 'NONE',  ( 23.51885439644656728, -36.56501213384513704, 1.409662050055320192E-15 ) ) ;
#796 = CARTESIAN_POINT ( 'NONE',  ( 20.97878421976119512, -27.74084369457317578, -1.100000000000000089 ) ) ;
#797 = CARTESIAN_POINT ( 'NONE',  ( 17.60805450046917286, -31.60288842756857264, 1.000000000000000444 ) ) ;
#798 = CARTESIAN_POINT ( 'NONE',  ( 18.05630560289503705, -28.86582442883824484, -1.600000000000000311 ) ) ;
#799 = CARTESIAN_POINT ( 'NONE',  ( 19.06265880320220063, -29.23038629390092069, -1.100000000000000755 ) ) ;
#800 = EDGE_CURVE ( 'NONE', #612, #1226, #618, .T. ) ;
#801 = CARTESIAN_POINT ( 'NONE',  ( 24.64457552321225364, -33.72941117177352766, -0.000000000000000000 ) ) ;
#802 = CARTESIAN_POINT ( 'NONE',  ( 23.97706925132991174, -36.09211879526792188, 1.000000000000014211 ) ) ;
#803 = CARTESIAN_POINT ( 'NONE',  ( 16.78354757551100107, -31.03873842568282271, 0.9999999999999950040 ) ) ;
#804 = CARTESIAN_POINT ( 'NONE',  ( 20.18599939061980564, -28.77125943687926934, -1.100000000000000755 ) ) ;
#805 = CARTESIAN_POINT ( 'NONE',  ( 23.24358473513204970, -35.40358865875184335, 1.000000000000000222 ) ) ;
#806 = CARTESIAN_POINT ( 'NONE',  ( 21.30359665838370731, -29.55345856591996068, 1.000000000000000000 ) ) ;
#807 = CARTESIAN_POINT ( 'NONE',  ( 19.91442206718022234, -28.87067810357380537, -1.100000000000000311 ) ) ;
#808 = ORIENTED_EDGE ( 'NONE', *, *, #775, .F. ) ;
#809 = CARTESIAN_POINT ( 'NONE',  ( 17.42402727525503892, -32.19639487104574727, 1.000000000000000000 ) ) ;
#810 = CARTESIAN_POINT ( 'NONE',  ( 22.45214295323350129, -36.94905852162985127, -1.100000000000000533 ) ) ;
#811 = CARTESIAN_POINT ( 'NONE',  ( 23.66750661049190896, -36.44711579105373289, 0.9999999999999943379 ) ) ;
#812 = CARTESIAN_POINT ( 'NONE',  ( 22.78041973953567023, -29.00752041144721360, -2.168404344971008868E-16 ) ) ;
#813 = CARTESIAN_POINT ( 'NONE',  ( 16.81750555056988716, -29.75093000462242188, -1.100000000000000089 ) ) ;
#814 = CARTESIAN_POINT ( 'NONE',  ( 20.30259238332222438, -29.79293748172093359, 0.9999999999999995559 ) ) ;
#815 = ORIENTED_EDGE ( 'NONE', *, *, #1233, .T. ) ;
#816 = CARTESIAN_POINT ( 'NONE',  ( 16.88201184784809783, -33.90320274999735517, -2.254209150619996705E-14 ) ) ;
#817 = CARTESIAN_POINT ( 'NONE',  ( 22.78533209191988362, -36.88961655308126808, 2.360019189622324348E-15 ) ) ;
#818 = DIRECTION ( 'NONE',  ( -1.000000000000000000, 0.000000000000000000, 0.000000000000000000 ) ) ;
#819 = EDGE_CURVE ( 'NONE', #726, #927, #530, .T. ) ;
#820 = CARTESIAN_POINT ( 'NONE',  ( 20.07261683787828943, -28.81307777067127063, 0.9999999999998090416 ) ) ;
#821 = ORIENTED_EDGE ( 'NONE', *, *, #1321, .F. ) ;
#822 = CARTESIAN_POINT ( 'NONE',  ( 20.16275830687267856, -27.92890454885306539, -1.099999999999999867 ) ) ;
#823 = CARTESIAN_POINT ( 'NONE',  ( 24.42325925243035201, -31.74171826785269346, 0.000000000000000000 ) ) ;
#824 = CARTESIAN_POINT ( 'NONE',  ( 17.72172269906455355, -31.43091849927223080, 1.000000000000000222 ) ) ;
#825 = CARTESIAN_POINT ( 'NONE',  ( 22.26523252760189209, -28.72642558542866453, 0.9999999999999666933 ) ) ;
#826 = ORIENTED_EDGE ( 'NONE', *, *, #450, .F. ) ;
#827 = CARTESIAN_POINT ( 'NONE',  ( 24.98021288462322786, -35.91004892491110212, -1.600000000000000533 ) ) ;
#828 = CARTESIAN_POINT ( 'NONE',  ( 18.46524826509473982, -29.55340417918437979, 0.000000000000000000 ) ) ;
#829 = CARTESIAN_POINT ( 'NONE',  ( 20.69522534703790129, -29.66500597718260224, 1.000000000000000000 ) ) ;
#830 = ORIENTED_EDGE ( 'NONE', *, *, #181, .T. ) ;
#831 = CARTESIAN_POINT ( 'NONE',  ( 18.27837242720159949, -28.73376853338848491, -1.600000000000000533 ) ) ;
#832 = CARTESIAN_POINT ( 'NONE',  ( 24.15358515162574804, -35.78356915570783769, -1.100000000000000533 ) ) ;
#833 = CARTESIAN_POINT ( 'NONE',  ( 23.50438505526347654, -32.18787457581425571, 1.000000000000000000 ) ) ;
#834 = CARTESIAN_POINT ( 'NONE',  ( 18.23307461093701676, -29.69159517791637271, 0.000000000000000000 ) ) ;
#835 = CARTESIAN_POINT ( 'NONE',  ( 22.23855376536196360, -36.96137899376481784, 1.000000000000000000 ) ) ;
#836 = CARTESIAN_POINT ( 'NONE',  ( 21.83326250296625304, -27.75936686288351751, -1.099999999999999867 ) ) ;
#837 = EDGE_CURVE ( 'NONE', #1226, #612, #909, .T. ) ;
#838 = CARTESIAN_POINT ( 'NONE',  ( 23.70365315311255827, -28.73123781753498207, -1.600000000000000089 ) ) ;
#839 = CARTESIAN_POINT ( 'NONE',  ( 23.76500276085855035, -30.16837237815087391, 0.9999999999994222399 ) ) ;
#840 = CARTESIAN_POINT ( 'NONE',  ( 17.47064140120197706, -34.64459429935499202, -1.100000000000000755 ) ) ;
#841 = CARTESIAN_POINT ( 'NONE',  ( 16.72826310517337234, -33.59622606523895172, -1.100000000000000533 ) ) ;
#842 = CARTESIAN_POINT ( 'NONE',  ( 18.05630560290666864, -28.86582442883132771, -1.600000000000000755 ) ) ;
#843 = CARTESIAN_POINT ( 'NONE',  ( 16.65482171272102718, -31.27848992872451461, 1.127328098679402970E-14 ) ) ;
#844 = DIRECTION ( 'NONE',  ( 0.000000000000000000, 0.000000000000000000, 1.000000000000000000 ) ) ;
#845 = CARTESIAN_POINT ( 'NONE',  ( 24.62473761938392869, -33.89043323513724459, -1.100000000000000755 ) ) ;
#846 = CARTESIAN_POINT ( 'NONE',  ( 22.77243429905000127, -29.01171456766763868, 0.000000000000000000 ) ) ;
#847 = CARTESIAN_POINT ( 'NONE',  ( 18.05630560289503705, -28.86582442883824484, -1.600000000000000311 ) ) ;
#848 = CARTESIAN_POINT ( 'NONE',  ( 20.28579743472804253, -36.51310914541241459, -1.100000000000000311 ) ) ;
#849 = CARTESIAN_POINT ( 'NONE',  ( 21.79591983193747851, -35.93724227889014600, 0.9999999999999993339 ) ) ;
#850 = CARTESIAN_POINT ( 'NONE',  ( 21.50927052220527358, -29.55604723879566009, 0.9999999999999997780 ) ) ;
#851 = CARTESIAN_POINT ( 'NONE',  ( 19.89858148294085893, -36.32534087529192846, -1.079089371094489032E-14 ) ) ;
#852 = CARTESIAN_POINT ( 'NONE',  ( 18.73238349217332654, -28.48908243508561000, -1.600000000000000089 ) ) ;
#853 = DIRECTION ( 'NONE',  ( 0.000000000000000000, 0.000000000000000000, -1.000000000000000000 ) ) ;
#854 = CARTESIAN_POINT ( 'NONE',  ( 23.39585844942102355, -29.62921228619657299, 1.114742752121139791E-14 ) ) ;
#855 = CARTESIAN_POINT ( 'NONE',  ( 16.50359147865323806, -33.02598246889242262, -1.100000000000000755 ) ) ;
#856 = CARTESIAN_POINT ( 'NONE',  ( 18.63625441591394249, -36.55753941445311739, -1.600000000000000089 ) ) ;
#857 = CARTESIAN_POINT ( 'NONE',  ( 19.16553136051206963, -35.91861928110893132, -1.100000000000000311 ) ) ;
#858 = CARTESIAN_POINT ( 'NONE',  ( 22.41150217161117197, -30.01199664210605889, 1.000000000000000000 ) ) ;
#859 = CARTESIAN_POINT ( 'NONE',  ( 18.64078715009596365, -34.34726240065836578, 1.000000000000000444 ) ) ;
#860 = DIRECTION ( 'NONE',  ( 0.000000000000000000, 0.000000000000000000, 1.000000000000000000 ) ) ;
#861 = CARTESIAN_POINT ( 'NONE',  ( 16.44682183819080379, -31.95249584818381905, -3.252606517456512809E-16 ) ) ;
#862 = CARTESIAN_POINT ( 'NONE',  ( 23.53933840213467121, -34.41693225855208738, 0.9999999999999995559 ) ) ;
#863 = CARTESIAN_POINT ( 'NONE',  ( 19.21008325103267467, -32.43770605650531280, 0.6000000000000000888 ) ) ;
#864 = CARTESIAN_POINT ( 'NONE',  ( 18.71728409084548872, -35.64277292169552425, -1.100000000000000533 ) ) ;
#865 = CARTESIAN_POINT ( 'NONE',  ( 16.81750555056988716, -29.75093000462242188, -1.600000000000000755 ) ) ;
#866 = CARTESIAN_POINT ( 'NONE',  ( 17.73902059904902728, -34.89248521367866118, 0.9999999999999779066 ) ) ;
#867 = CARTESIAN_POINT ( 'NONE',  ( 23.31630208961581374, -35.20847220106876563, 0.9999999999999995559 ) ) ;
#868 = CARTESIAN_POINT ( 'NONE',  ( 17.22315289973705532, -30.49151674436053483, 0.9999999999999390488 ) ) ;
#869 = CARTESIAN_POINT ( 'NONE',  ( 18.98359314474057413, -35.80792406113185677, -1.100000000000000089 ) ) ;
#870 = CARTESIAN_POINT ( 'NONE',  ( 23.18819531666695966, -31.21360712583495101, 1.000000000000000666 ) ) ;
#871 = ORIENTED_EDGE ( 'NONE', *, *, #1015, .F. ) ;
#872 = ADVANCED_FACE ( 'NONE', ( #604 ), #79, .F. ) ;
#873 = CARTESIAN_POINT ( 'NONE',  ( 24.37153710701220177, -35.20718825654085293, 1.000000000000027978 ) ) ;
#874 = DIRECTION ( 'NONE',  ( -1.000000000000000000, 0.000000000000000000, 0.000000000000000000 ) ) ;
#875 = CARTESIAN_POINT ( 'NONE',  ( 20.81008325103167422, -32.43770605650531280, 0.6000000000000000888 ) ) ;
#876 = CARTESIAN_POINT ( 'NONE',  ( 18.04175645137769024, -31.09224309332128655, 1.000000000000000666 ) ) ;
#877 = CARTESIAN_POINT ( 'NONE',  ( 17.61598234223378867, -34.78354911012661432, -0.000000000000000000 ) ) ;
#878 = CARTESIAN_POINT ( 'NONE',  ( 16.80698351631876619, -31.00130541180395838, 1.000000000000002887 ) ) ;
#879 = CARTESIAN_POINT ( 'NONE',  ( 19.48430447344396654, -29.03833298011644715, -1.100000000000000311 ) ) ;
#880 = FACE_OUTER_BOUND ( 'NONE', #286, .T. ) ;
#881 = CARTESIAN_POINT ( 'NONE',  ( 20.18599939061980564, -28.77125943687926934, -2.168404344971008868E-16 ) ) ;
#882 = CARTESIAN_POINT ( 'NONE',  ( 19.72977852256112996, -30.02268871198125311, 1.000000000000000000 ) ) ;
#883 = CARTESIAN_POINT ( 'NONE',  ( 17.76738368094842713, -30.02230000771028529, -1.100000000000000311 ) ) ;
#884 = CARTESIAN_POINT ( 'NONE',  ( 22.58984170860303919, -28.88590835417712555, -1.100000000000000089 ) ) ;
#885 = CARTESIAN_POINT ( 'NONE',  ( 22.90696530472467529, -35.77187141152542438, 0.9999999999999995559 ) ) ;
#886 = CARTESIAN_POINT ( 'NONE',  ( 20.97726812055336865, -28.57485184605380368, -1.100000000000000755 ) ) ;
#887 = CARTESIAN_POINT ( 'NONE',  ( 17.92975390880268804, -31.19927886182156485, 1.000000000000000666 ) ) ;
#888 = CARTESIAN_POINT ( 'NONE',  ( 17.14141714648259196, -34.27119895574624309, -0.000000000000000000 ) ) ;
#889 = CARTESIAN_POINT ( 'NONE',  ( 23.87636721515915283, -30.37744714161656034, -1.100000000000000311 ) ) ;
#890 = VERTEX_POINT ( 'NONE', #1067 ) ;
#891 = CARTESIAN_POINT ( 'NONE',  ( 24.27240937982228530, -35.51651401244872375, 3.252606517456513795E-16 ) ) ;
#892 = CARTESIAN_POINT ( 'NONE',  ( 23.25000356276921210, -36.72571754051766391, 0.9999999999999966693 ) ) ;
#893 = CARTESIAN_POINT ( 'NONE',  ( 16.78354759678056851, -31.03873843810170285, -5.167400703533171704E-15 ) ) ;
#894 = CARTESIAN_POINT ( 'NONE',  ( 22.41008325103067733, -32.43770605650531280, 0.6000000000000000888 ) ) ;
#895 = CARTESIAN_POINT ( 'NONE',  ( 22.75810050823479003, -37.72803205856744313, -1.100000000000000089 ) ) ;
#896 = CARTESIAN_POINT ( 'NONE',  ( 24.15513798092587550, -37.08235198053294823, -1.100000000000000089 ) ) ;
#897 = ADVANCED_FACE ( 'NONE', ( #1084, #880 ), #249, .T. ) ;
#898 = CARTESIAN_POINT ( 'NONE',  ( 16.41731455664912076, -32.42677990832310542, 3.252606517456513795E-16 ) ) ;
#899 = AXIS2_PLACEMENT_3D ( 'NONE', #297, #496, #306 ) ;
#900 = CARTESIAN_POINT ( 'NONE',  ( 24.42254975851963295, -31.74896077778969428, -1.100000000000000089 ) ) ;
#901 = CARTESIAN_POINT ( 'NONE',  ( 23.23198544796566978, -36.74299775680872671, -1.100000000000000311 ) ) ;
#902 = CARTESIAN_POINT ( 'NONE',  ( 23.85949358777821061, -36.24594909340284232, 4.336808751618455814E-16 ) ) ;
#903 = CARTESIAN_POINT ( 'NONE',  ( 25.04451952374249757, -31.00659504189439275, -1.100000000000000089 ) ) ;
#904 = CARTESIAN_POINT ( 'NONE',  ( 19.38330348567722794, -34.88639949076813451, 1.000000000000000222 ) ) ;
#905 = CARTESIAN_POINT ( 'NONE',  ( 21.90612032165389067, -29.66049752447548826, 1.000000000000000000 ) ) ;
#906 = CARTESIAN_POINT ( 'NONE',  ( 23.90275593764305384, -30.42781507958088838, -1.100000000000000533 ) ) ;
#907 = ORIENTED_EDGE ( 'NONE', *, *, #1278, .F. ) ;
#908 = MANIFOLD_SOLID_BREP ( 'Ô²½Ç2', #1287 ) ;
#909 = B_SPLINE_CURVE_WITH_KNOTS ( 'NONE', 3,
 ( #1116, #394, #270, #895, #1294, #284, #365, #1192, #690, #697, #1012, #1110, #494, #914, #179, #1308, #1020, #813, #1207, #706, #1315 ),
 .UNSPECIFIED., .F., .F.,
 ( 4, 1, 1, 1, 1, 1, 1, 1, 1, 1, 1, 1, 1, 1, 1, 1, 1, 1, 4 ),
 ( 0.000000000000000000, 0.01562499999999998786, 0.03124999999999997571, 0.04687499999999996531, 0.06249999999999995143, 0.09374999999999993061, 0.1249999999999999029, 0.1874999999999998612, 0.2499999999999998057, 0.2812499999999997780, 0.3124999999999997780, 0.3437499999999997224, 0.3593749999999997224, 0.3749999999999997224, 0.4062499999999996669, 0.4218749999999996669, 0.4374999999999996669, 0.4687499999999996114, 0.4999999999999996114 ),
 .UNSPECIFIED. ) ;
#910 = DIRECTION ( 'NONE',  ( -1.000000000000000000, 0.000000000000000000, 0.000000000000000000 ) ) ;
#911 = CARTESIAN_POINT ( 'NONE',  ( 20.30914402203316627, -36.52367211559339921, 0.000000000000000000 ) ) ;
#912 = CARTESIAN_POINT ( 'NONE',  ( 22.83062962495277048, -36.87895779521844020, -2.597936555816732540E-15 ) ) ;
#913 = CARTESIAN_POINT ( 'NONE',  ( 18.73238349217332654, -28.48908243508561000, -1.100000000000000089 ) ) ;
#914 = CARTESIAN_POINT ( 'NONE',  ( 15.62118692159971722, -32.71590768107549962, -1.100000000000000089 ) ) ;
#915 = CARTESIAN_POINT ( 'NONE',  ( 21.50183882530648560, -28.55675278318343047, -3.218226140340523780E-15 ) ) ;
#916 = CARTESIAN_POINT ( 'NONE',  ( 24.25395799933564334, -29.40184508990834189, -1.600000000000000089 ) ) ;
#917 = ORIENTED_EDGE ( 'NONE', *, *, #1057, .T. ) ;
#918 = CARTESIAN_POINT ( 'NONE',  ( 22.78533208927392906, -36.88961654051997385, 1.000000000000013767 ) ) ;
#919 = CARTESIAN_POINT ( 'NONE',  ( 23.31972325698382420, -35.20906576780788555, 1.000000000000000000 ) ) ;
#920 = CARTESIAN_POINT ( 'NONE',  ( 20.30398673867315651, -28.73774966823075516, 1.000000000000189626 ) ) ;
#921 = ORIENTED_EDGE ( 'NONE', *, *, #1038, .F. ) ;
#922 = CARTESIAN_POINT ( 'NONE',  ( 18.05630560289503350, -28.86582442883824129, -1.600000000000000533 ) ) ;
#923 = CARTESIAN_POINT ( 'NONE',  ( 16.47764453177225263, -32.87085786400997023, 0.9999999999999891198 ) ) ;
#924 = CARTESIAN_POINT ( 'NONE',  ( 21.40083638045948788, -36.88463511096620806, -1.100000000000000533 ) ) ;
#925 = CARTESIAN_POINT ( 'NONE',  ( 23.05545624458992293, -35.64865499688478678, 0.9999999999999997780 ) ) ;
#926 = CARTESIAN_POINT ( 'NONE',  ( 21.76256759237143257, -29.60674648979113854, 1.000000000000000000 ) ) ;
#927 = VERTEX_POINT ( 'NONE', #40 ) ;
#928 = CARTESIAN_POINT ( 'NONE',  ( 25.46852742973275596, -33.16034497938846215, -1.600000000000000533 ) ) ;
#929 = CARTESIAN_POINT ( 'NONE',  ( 16.43627487291194100, -32.63215358565251734, 1.000000000000010658 ) ) ;
#930 = CARTESIAN_POINT ( 'NONE',  ( 21.04309136070500585, -36.79876396275426487, -1.100000000000000311 ) ) ;
#931 = CARTESIAN_POINT ( 'NONE',  ( 21.88260810717850546, -29.65053405094934647, 0.9999999999999995559 ) ) ;
#932 = EDGE_LOOP ( 'NONE', ( #1201, #673, #830, #291 ) ) ;
#933 = CARTESIAN_POINT ( 'NONE',  ( 23.94062731118236442, -37.26538673611825914, -1.600000000000000755 ) ) ;
#934 = CARTESIAN_POINT ( 'NONE',  ( 17.12437260906899894, -30.59454342414425199, 0.000000000000000000 ) ) ;
#935 = CARTESIAN_POINT ( 'NONE',  ( 24.13851798877763954, -30.92574341560957762, 0.9999999999999974465 ) ) ;
#936 = ADVANCED_FACE ( 'NONE', ( #760 ), #131, .T. ) ;
#937 = FACE_OUTER_BOUND ( 'NONE', #273, .T. ) ;
#938 = CARTESIAN_POINT ( 'NONE',  ( 21.66594965040279419, -36.92929511176883040, 0.9999999999999662492 ) ) ;
#939 = CARTESIAN_POINT ( 'NONE',  ( 20.97878421976119512, -27.74084369457317578, -1.099999999999999867 ) ) ;
#940 = CARTESIAN_POINT ( 'NONE',  ( 25.13826530933419434, -35.46419926586274585, -1.600000000000000089 ) ) ;
#941 = CARTESIAN_POINT ( 'NONE',  ( 24.47929397201028223, -31.96189573096850367, -2.210609903124538122E-14 ) ) ;
#942 = CARTESIAN_POINT ( 'NONE',  ( 18.46524826509473982, -29.55340417918437979, -1.100000000000000755 ) ) ;
#943 = CARTESIAN_POINT ( 'NONE',  ( 15.86941109067288558, -30.95528737153826881, -1.600000000000000089 ) ) ;
#944 = CARTESIAN_POINT ( 'NONE',  ( 23.70365315311255827, -28.73123781753498207, -1.600000000000000533 ) ) ;
#945 = CARTESIAN_POINT ( 'NONE',  ( 16.52992134533977264, -31.59249536865565489, 1.000000000000000222 ) ) ;
#946 = CARTESIAN_POINT ( 'NONE',  ( 25.46852742973275596, -33.16034497938846215, -1.600000000000000089 ) ) ;
#947 = CARTESIAN_POINT ( 'NONE',  ( 24.47929397155166598, -31.96189573109377591, 0.9999999999999779066 ) ) ;
#948 = CARTESIAN_POINT ( 'NONE',  ( 22.41008325103067733, -32.43770605650531280, 0.6000000000000000888 ) ) ;
#949 = CARTESIAN_POINT ( 'NONE',  ( 16.56762199051572182, -33.21279447957037689, -1.100000000000000533 ) ) ;
#950 = CARTESIAN_POINT ( 'NONE',  ( 21.81295421804954415, -29.61972629292374748, 1.000000000000000444 ) ) ;
#951 = CARTESIAN_POINT ( 'NONE',  ( 17.56355413145355371, -31.69731556042564691, 1.000000000000000000 ) ) ;
#952 = B_SPLINE_SURFACE_WITH_KNOTS ( 'NONE', 3, 1, ( 
 ( #4, #517 ),
 ( #199, #933 ),
 ( #1330, #413 ),
 ( #1210, #282 ),
 ( #709, #1268 ),
 ( #647, #121 ),
 ( #38, #1151 ),
 ( #241, #660 ),
 ( #1160, #983 ),
 ( #144, #444 ),
 ( #341, #772 ),
 ( #219, #666 ),
 ( #1064, #749 ),
 ( #553, #543 ),
 ( #311, #115 ),
 ( #1083, #335 ),
 ( #959, #20 ),
 ( #329, #865 ),
 ( #212, #564 ),
 ( #227, #1245 ),
 ( #435, #842 ) ),
 .UNSPECIFIED., .F., .F., .F.,
 ( 4, 1, 1, 1, 1, 1, 1, 1, 1, 1, 1, 1, 1, 1, 1, 1, 1, 1, 4 ),
 ( 2, 2 ),
 ( 0.000000000000000000, 0.01562500000000000000, 0.03125000000000000000, 0.04687500000000000000, 0.06250000000000000000, 0.09375000000000000000, 0.1250000000000000000, 0.1875000000000000000, 0.2500000000000000000, 0.2812500000000000000, 0.3125000000000000000, 0.3437500000000000000, 0.3593750000000000000, 0.3750000000000000000, 0.4062500000000000000, 0.4218750000000000000, 0.4375000000000000000, 0.4687500000000000000, 0.5000000000000000000 ),
 ( 0.000000000000000000, 1.000000000000000000 ),
 .UNSPECIFIED. ) ;
#953 = ADVANCED_FACE ( 'NONE', ( #100 ), #8, .T. ) ;
#954 = CARTESIAN_POINT ( 'NONE',  ( 24.10493433538825414, -35.87768913902752388, -1.100000000000000533 ) ) ;
#955 = CARTESIAN_POINT ( 'NONE',  ( 22.63299215502395967, -28.91188076823681286, 3.340373085075289240E-14 ) ) ;
#956 = CARTESIAN_POINT ( 'NONE',  ( 19.43202944968232160, -36.07572095672978207, 0.000000000000000000 ) ) ;
#957 = CARTESIAN_POINT ( 'NONE',  ( 16.91836256924769444, -33.95073931058728789, -1.100000000000000089 ) ) ;
#958 = CARTESIAN_POINT ( 'NONE',  ( 21.00281076516462164, -35.73341815838289648, 1.000000000000000000 ) ) ;
#959 = CARTESIAN_POINT ( 'NONE',  ( 16.33649408644694034, -30.25748168949909811, -1.099999999999999867 ) ) ;
#960 = CARTESIAN_POINT ( 'NONE',  ( 17.48643271326866611, -31.89113979633383167, 1.000000000000000444 ) ) ;
#961 = CARTESIAN_POINT ( 'NONE',  ( 16.73728300057020846, -31.11797493742554721, 1.000000000000006217 ) ) ;
#962 = CARTESIAN_POINT ( 'NONE',  ( 24.49684891539605758, -34.73031856571767406, 0.9999999999998778755 ) ) ;
#963 = CARTESIAN_POINT ( 'NONE',  ( 16.42970323255689280, -32.07137778363097169, -3.252606517456512809E-16 ) ) ;
#964 = CARTESIAN_POINT ( 'NONE',  ( 23.21709955681929216, -31.31475716768276740, 1.000000000000000444 ) ) ;
#965 = CARTESIAN_POINT ( 'NONE',  ( 22.41008325103067733, -32.43770605650531280, -1.600000000000000089 ) ) ;
#966 = CARTESIAN_POINT ( 'NONE',  ( 23.94062731118236442, -37.26538673611825914, -1.600000000000000311 ) ) ;
#967 = CARTESIAN_POINT ( 'NONE',  ( 21.19849693292172432, -36.83853598880409663, -1.100000000000000089 ) ) ;
#968 = CARTESIAN_POINT ( 'NONE',  ( 22.41152919626960838, -35.94213500716018928, 1.000000000000000000 ) ) ;
#969 = CARTESIAN_POINT ( 'NONE',  ( 19.17195944487074399, -30.28662353105578120, 1.000000000000000000 ) ) ;
#970 = CARTESIAN_POINT ( 'NONE',  ( 19.60309967670795217, -36.17023822012519219, 1.000000000000044631 ) ) ;
#971 = SURFACE_STYLE_USAGE ( .BOTH. , #349 ) ;
#972 =( NAMED_UNIT ( * ) PLANE_ANGLE_UNIT ( ) SI_UNIT ( $, .RADIAN. ) );
#973 = CARTESIAN_POINT ( 'NONE',  ( 20.81008325103167422, -32.43770605650531280, -1.600000000000000089 ) ) ;
#974 = DIRECTION ( 'NONE',  ( -0.000000000000000000, -0.000000000000000000, -1.000000000000000000 ) ) ;
#975 = B_SPLINE_CURVE_WITH_KNOTS ( 'NONE', 3,
 ( #1126, #1306, #190, #602, #891, #694, #92, #615 ),
 .UNSPECIFIED., .F., .F.,
 ( 4, 2, 2, 4 ),
 ( 0.01082213659303605732, 0.01138868988143524469, 0.01195524316983443205, 0.01308834974663282413 ),
 .UNSPECIFIED. ) ;
#976 = CARTESIAN_POINT ( 'NONE',  ( 17.83222458781943587, -34.97386043603322037, -1.100000000000000311 ) ) ;
#977 = CARTESIAN_POINT ( 'NONE',  ( 20.89411424581572163, -29.60777135332381604, 0.9999999999999997780 ) ) ;
#978 = CARTESIAN_POINT ( 'NONE',  ( 23.41493111507836744, -34.91562606683711323, 1.000000000000000000 ) ) ;
#979 = CARTESIAN_POINT ( 'NONE',  ( 20.81008325103167422, -32.43770605650531280, 0.6000000000000000888 ) ) ;
#980 = CARTESIAN_POINT ( 'NONE',  ( 22.90817682183197945, -36.86180283866146112, -1.100000000000000755 ) ) ;
#981 = FACE_OUTER_BOUND ( 'NONE', #396, .T. ) ;
#982 = CARTESIAN_POINT ( 'NONE',  ( 17.00216120361406169, -34.08414629296796505, 0.000000000000000000 ) ) ;
#983 = CARTESIAN_POINT ( 'NONE',  ( 18.63625441591394249, -36.55753941445311739, -1.600000000000000755 ) ) ;
#984 = DIRECTION ( 'NONE',  ( 1.000000000000000000, 0.000000000000000000, -0.000000000000000000 ) ) ;
#985 = APPLICATION_PROTOCOL_DEFINITION ( 'draft international standard', 'automotive_design', 1998, #101 ) ;
#986 = CARTESIAN_POINT ( 'NONE',  ( 23.69413950234247679, -30.01540874808984327, -2.168404344971008868E-16 ) ) ;
#987 = CARTESIAN_POINT ( 'NONE',  ( 18.08895790016332228, -29.79101484889712026, 0.9999999999999662492 ) ) ;
#988 = CARTESIAN_POINT ( 'NONE',  ( 17.60103429214780490, -30.15205342972284441, -1.100000000000000533 ) ) ;
#989 = LINE ( 'NONE', #489, #1227 ) ;
#990 = CARTESIAN_POINT ( 'NONE',  ( 24.42269427984793850, -35.02967212478384340, 0.000000000000000000 ) ) ;
#991 = CARTESIAN_POINT ( 'NONE',  ( 23.09878822096557727, -28.24462135927029038, -1.100000000000000089 ) ) ;
#992 = CARTESIAN_POINT ( 'NONE',  ( 18.46524826509473982, -29.55340417918437979, 0.000000000000000000 ) ) ;
#993 = CARTESIAN_POINT ( 'NONE',  ( 19.64227568069778584, -28.97448137902584264, -2.229809018052549198E-14 ) ) ;
#994 = CARTESIAN_POINT ( 'NONE',  ( 19.93234789499604176, -36.35104157688113702, -9.629649721936185834E-32 ) ) ;
#995 = CARTESIAN_POINT ( 'NONE',  ( 18.46524826509473982, -29.55340417918437979, -1.100000000000000533 ) ) ;
#996 = CARTESIAN_POINT ( 'NONE',  ( 23.54565818268108046, -36.54564650560750039, 1.000000000000001332 ) ) ;
#997 = ADVANCED_FACE ( 'NONE', ( #295 ), #952, .T. ) ;
#998 = CARTESIAN_POINT ( 'NONE',  ( 22.05547929278256447, -28.63490061783337026, -2.168404344971008868E-16 ) ) ;
#999 = DIRECTION ( 'NONE',  ( -1.000000000000000000, 0.000000000000000000, 0.000000000000000000 ) ) ;
#1000 = CARTESIAN_POINT ( 'NONE',  ( 17.48618592930887417, -32.81381194361103582, 1.000000000000000222 ) ) ;
#1001 = CARTESIAN_POINT ( 'NONE',  ( 23.32176607584422356, -36.70447441846481951, -0.000000000000000000 ) ) ;
#1002 = CARTESIAN_POINT ( 'NONE',  ( 24.06222429882557634, -30.74147353141669825, -1.100000000000000089 ) ) ;
#1003 = CARTESIAN_POINT ( 'NONE',  ( 22.96836281363005838, -36.84140026253218281, 1.000000000000005995 ) ) ;
#1004 = CARTESIAN_POINT ( 'NONE',  ( 18.46524826509473982, -29.55340417918437979, -1.100000000000000755 ) ) ;
#1005 = CARTESIAN_POINT ( 'NONE',  ( 17.63752680571299081, -33.19888329400647109, 1.000000000000000222 ) ) ;
#1006 = CARTESIAN_POINT ( 'NONE',  ( 17.12437260906899894, -30.59454342414425554, 1.000000000000000000 ) ) ;
#1007 = CARTESIAN_POINT ( 'NONE',  ( 22.88680019632236551, -29.10631265420531832, -1.100000000000000089 ) ) ;
#1008 = PRODUCT_DEFINITION_FORMATION_WITH_SPECIFIED_SOURCE ( 'ä»', '', #1246, .NOT_KNOWN. ) ;
#1009 = ORIENTED_EDGE ( 'NONE', *, *, #837, .F. ) ;
#1010 = CARTESIAN_POINT ( 'NONE',  ( 17.65045877597109580, -34.81222119239537705, 1.000000000000011546 ) ) ;
#1011 = CARTESIAN_POINT ( 'NONE',  ( 18.69742191925247354, -29.41521318045237976, -1.100000000000000755 ) ) ;
#1012 = CARTESIAN_POINT ( 'NONE',  ( 16.75695791971383031, -35.08670307652996456, -1.100000000000000089 ) ) ;
#1013 = CARTESIAN_POINT ( 'NONE',  ( 20.42391484727743745, -28.70215824017495621, 1.000000000000022204 ) ) ;
#1014 = CARTESIAN_POINT ( 'NONE',  ( 24.43373907505340981, -34.99000536029366515, -1.100000000000000533 ) ) ;
#1015 = EDGE_CURVE ( 'NONE', #927, #726, #260, .T. ) ;
#1016 = ORIENTED_EDGE ( 'NONE', *, *, #800, .F. ) ;
#1017 = CARTESIAN_POINT ( 'NONE',  ( 16.44119736137514920, -31.99662239670166741, 0.9999999999999945599 ) ) ;
#1018 = CARTESIAN_POINT ( 'NONE',  ( 22.89409723146393105, -36.86207456791364478, -1.100000000000000311 ) ) ;
#1019 = CARTESIAN_POINT ( 'NONE',  ( 23.20722623083937819, -36.74633502291404596, 0.9999999999999987788 ) ) ;
#1020 = CARTESIAN_POINT ( 'NONE',  ( 16.33649408644694034, -30.25748168949909811, -1.100000000000000089 ) ) ;
#1021 = CARTESIAN_POINT ( 'NONE',  ( 21.25162118949449308, -28.55273542520274432, 0.000000000000000000 ) ) ;
#1022 = ORIENTED_EDGE ( 'NONE', *, *, #1079, .F. ) ;
#1023 = CARTESIAN_POINT ( 'NONE',  ( 17.02316724622528454, -30.70374752865286538, 0.000000000000000000 ) ) ;
#1024 = CARTESIAN_POINT ( 'NONE',  ( 17.20510363421566069, -34.35619123605921033, 1.000000000000021538 ) ) ;
#1025 = CARTESIAN_POINT ( 'NONE',  ( 22.79122588340179334, -36.88796856393186374, -1.100000000000000533 ) ) ;
#1026 = CARTESIAN_POINT ( 'NONE',  ( 24.02740795682747077, -36.01463051796746839, 1.000000000000066169 ) ) ;
#1027 = CARTESIAN_POINT ( 'NONE',  ( 21.00280983487848729, -35.73341780750554619, 0.9999999999999995559 ) ) ;
#1028 = CARTESIAN_POINT ( 'NONE',  ( 21.43183295898897356, -29.55505225467775787, 1.000000000000000000 ) ) ;
#1029 = ORIENTED_EDGE ( 'NONE', *, *, #1057, .F. ) ;
#1030 = CARTESIAN_POINT ( 'NONE',  ( 25.35619483024440513, -32.08592320891038696, -1.600000000000000533 ) ) ;
#1031 = CARTESIAN_POINT ( 'NONE',  ( 17.38185334607506505, -34.55128423951574490, 0.9999999999999783507 ) ) ;
#1032 = CARTESIAN_POINT ( 'NONE',  ( 24.36128990740492384, -31.52801636257418494, -0.000000000000000000 ) ) ;
#1033 = CARTESIAN_POINT ( 'NONE',  ( 21.97541446799167986, -29.69340959906200794, 1.000000000000000000 ) ) ;
#1034 = ORIENTED_EDGE ( 'NONE', *, *, #571, .T. ) ;
#1035 = CARTESIAN_POINT ( 'NONE',  ( 24.25395799933564334, -29.40184508990834189, -1.600000000000000533 ) ) ;
#1036 = CARTESIAN_POINT ( 'NONE',  ( 16.41674929940509386, -32.27679300418206765, 0.9999999999999943379 ) ) ;
#1037 = CARTESIAN_POINT ( 'NONE',  ( 24.06945210094054133, -35.94118764765995166, -1.100000000000000311 ) ) ;
#1038 = EDGE_CURVE ( 'NONE', #385, #1118, #989, .T. ) ;
#1039 = CARTESIAN_POINT ( 'NONE',  ( 21.59260699259616700, -28.56258486970660471, 2.350864402352120233E-15 ) ) ;
#1040 = CARTESIAN_POINT ( 'NONE',  ( 20.14965602706657322, -36.45401200268399577, -1.100000000000000755 ) ) ;
#1041 = CARTESIAN_POINT ( 'NONE',  ( 23.09878822096557727, -28.24462135927029038, -1.600000000000000533 ) ) ;
#1042 = CARTESIAN_POINT ( 'NONE',  ( 17.45859055479578359, -31.99084493756781811, 1.000000000000000444 ) ) ;
#1043 = CARTESIAN_POINT ( 'NONE',  ( 24.37126618087011565, -35.20703374669341201, -1.100000000000000533 ) ) ;
#1044 = CARTESIAN_POINT ( 'NONE',  ( 23.01200219140918435, -29.21074565159140590, 1.000000000000136335 ) ) ;
#1045 = CARTESIAN_POINT ( 'NONE',  ( 19.43202944968232160, -36.07572095672978207, -1.100000000000000755 ) ) ;
#1046 = CARTESIAN_POINT ( 'NONE',  ( 16.14633689040233477, -34.29311633736719500, -1.600000000000000089 ) ) ;
#1047 = CARTESIAN_POINT ( 'NONE',  ( 25.13826530933419434, -35.46419926586274585, -1.600000000000000533 ) ) ;
#1048 = CARTESIAN_POINT ( 'NONE',  ( 16.48594112939150946, -31.75015120327966045, 1.000000000000011546 ) ) ;
#1049 = PRESENTATION_LAYER_ASSIGNMENT (  '', '', ( #723 ) ) ;
#1050 =( GEOMETRIC_REPRESENTATION_CONTEXT ( 3 ) GLOBAL_UNCERTAINTY_ASSIGNED_CONTEXT ( ( #779 ) ) GLOBAL_UNIT_ASSIGNED_CONTEXT ( ( #781, #972, #48 ) ) REPRESENTATION_CONTEXT ( 'NONE', 'WORKASPACE' ) );
#1051 = CARTESIAN_POINT ( 'NONE',  ( 17.85783035440029565, -31.27427847238991276, 0.000000000000000000 ) ) ;
#1052 = CARTESIAN_POINT ( 'NONE',  ( 23.98890960324149191, -30.59650982185723223, 1.000000000000132783 ) ) ;
#1053 = CARTESIAN_POINT ( 'NONE',  ( 16.58241810148215123, -31.41566129622863102, 0.000000000000000000 ) ) ;
#1054 = CARTESIAN_POINT ( 'NONE',  ( 20.41565827809288081, -36.56947923082929464, -1.100000000000000311 ) ) ;
#1055 = CARTESIAN_POINT ( 'NONE',  ( 22.46634330786772082, -36.94287770405080806, 0.000000000000000000 ) ) ;
#1056 = CARTESIAN_POINT ( 'NONE',  ( 23.54662165607343738, -32.38776604611307874, 1.000000000000000444 ) ) ;
#1057 = EDGE_CURVE ( 'NONE', #385, #94, #464, .T. ) ;
#1058 = CARTESIAN_POINT ( 'NONE',  ( 24.24732395979020083, -35.57716546303608851, -1.100000000000000533 ) ) ;
#1059 = CARTESIAN_POINT ( 'NONE',  ( 16.82055295597658784, -30.95817527001053904, -0.000000000000000000 ) ) ;
#1060 = CARTESIAN_POINT ( 'NONE',  ( 24.62530240369319401, -32.92518825156989948, -4.440813827767064298E-14 ) ) ;
#1061 = DIRECTION ( 'NONE',  ( -1.000000000000000000, 0.000000000000000000, -0.000000000000000000 ) ) ;
#1062 = CARTESIAN_POINT ( 'NONE',  ( 19.36788623600791936, -36.03770890565664331, -1.100000000000000311 ) ) ;
#1063 = CARTESIAN_POINT ( 'NONE',  ( 21.80183683495947022, -36.94507394587919435, 0.9999999999999886757 ) ) ;
#1064 = CARTESIAN_POINT ( 'NONE',  ( 15.78632932796701560, -33.47077998712710212, -1.099999999999999867 ) ) ;
#1065 = CARTESIAN_POINT ( 'NONE',  ( 24.72509901845013758, -36.45928315436848521, -1.100000000000000089 ) ) ;
#1066 = CARTESIAN_POINT ( 'NONE',  ( 18.84787659333914078, -35.73162288036262169, 4.355653573677494880E-14 ) ) ;
#1067 = CARTESIAN_POINT ( 'NONE',  ( 17.12437260906899894, -30.59454342414425199, 0.000000000000000000 ) ) ;
#1068 = CARTESIAN_POINT ( 'NONE',  ( 24.19290004631587365, -35.73326879728206507, -2.168404344971008868E-16 ) ) ;
#1069 = CARTESIAN_POINT ( 'NONE',  ( 24.35133227233419007, -31.49345715395641321, 1.000000000000022204 ) ) ;
#1070 = CARTESIAN_POINT ( 'NONE',  ( 16.41953896652524492, -32.48827570490465177, -1.100000000000000755 ) ) ;
#1071 = CARTESIAN_POINT ( 'NONE',  ( 17.70905241681491660, -34.86415668027609627, -1.100000000000000089 ) ) ;
#1072 = CARTESIAN_POINT ( 'NONE',  ( 21.90803961393469024, -29.65703621206082019, 1.000000000000000666 ) ) ;
#1073 = CIRCLE ( 'NONE', #1269, 1.599999999999001554 ) ;
#1074 = SURFACE_STYLE_FILL_AREA ( #461 ) ;
#1075 = CARTESIAN_POINT ( 'NONE',  ( 22.50685299887759072, -36.94034405241779240, 0.000000000000000000 ) ) ;
#1076 = CARTESIAN_POINT ( 'NONE',  ( 20.10978541237202677, -36.43150338002877930, -1.100000000000000533 ) ) ;
#1077 = CARTESIAN_POINT ( 'NONE',  ( 23.62728680882833743, -32.99863227003800148, 0.9999999999999995559 ) ) ;
#1078 = CARTESIAN_POINT ( 'NONE',  ( 24.42269427985831953, -35.02967212478655057, 1.000000000000083933 ) ) ;
#1079 = EDGE_CURVE ( 'NONE', #927, #515, #506, .T. ) ;
#1080 = CARTESIAN_POINT ( 'NONE',  ( 21.42612829824404486, -36.89701761310379169, 0.000000000000000000 ) ) ;
#1081 = CARTESIAN_POINT ( 'NONE',  ( 17.51011662567015748, -30.22632588718058599, 0.9999999999998442357 ) ) ;
#1082 = CARTESIAN_POINT ( 'NONE',  ( 16.80290182801979881, -33.74561709095156914, -1.100000000000000311 ) ) ;
#1083 = CARTESIAN_POINT ( 'NONE',  ( 15.86941109067288558, -30.95528737153826881, -1.099999999999999867 ) ) ;
#1084 = FACE_BOUND ( 'NONE', #502, .T. ) ;
#1085 = CARTESIAN_POINT ( 'NONE',  ( 17.79925758297149940, -29.99687468073157959, -1.112272211379304028E-14 ) ) ;
#1086 = CARTESIAN_POINT ( 'NONE',  ( 16.69968210404512732, -31.18939244752311168, -1.100000000000000311 ) ) ;
#1087 = CARTESIAN_POINT ( 'NONE',  ( 22.95564126624325141, -29.16541950178484299, -1.100000000000000311 ) ) ;
#1088 = CARTESIAN_POINT ( 'NONE',  ( 24.49684891416919541, -34.73031856547517293, -7.759996886620449953E-14 ) ) ;
#1089 = COLOUR_RGB ( '',0.7921568627450980005, 0.8196078431372548767, 0.9333333333333333481 ) ;
#1090 = CARTESIAN_POINT ( 'NONE',  ( 21.41479818830807957, -28.54401672405763080, 0.000000000000000000 ) ) ;
#1091 = CARTESIAN_POINT ( 'NONE',  ( 18.48731499121391408, -29.53617979341467858, 1.000000000000446310 ) ) ;
#1092 = CARTESIAN_POINT ( 'NONE',  ( 21.01926337692076174, -36.79592533123209108, 3.252606517456514288E-16 ) ) ;
#1093 = CARTESIAN_POINT ( 'NONE',  ( 24.40199241047311673, -35.10351034795250058, -1.100000000000000311 ) ) ;
#1094 = ORIENTED_EDGE ( 'NONE', *, *, #1015, .T. ) ;
#1095 = EDGE_CURVE ( 'NONE', #248, #1283, #598, .T. ) ;
#1096 = CARTESIAN_POINT ( 'NONE',  ( 23.47289195121837579, -36.59668046012954079, 0.9999999999999972244 ) ) ;
#1097 = CARTESIAN_POINT ( 'NONE',  ( 22.55695447452458424, -28.85374593107146168, -2.168404344971008868E-16 ) ) ;
#1098 = CARTESIAN_POINT ( 'NONE',  ( 22.71365156087301784, -35.87434432237505177, 0.9999999999999988898 ) ) ;
#1099 = CARTESIAN_POINT ( 'NONE',  ( 17.85783035440029565, -31.27427847238991276, 1.000000000000000000 ) ) ;
#1100 = CARTESIAN_POINT ( 'NONE',  ( 17.14600356080716281, -30.57127383627508976, -1.100000000000000311 ) ) ;
#1101 = CARTESIAN_POINT ( 'NONE',  ( 24.65303603187519244, -33.07146559837494948, -1.100000000000000533 ) ) ;
#1102 = CARTESIAN_POINT ( 'NONE',  ( 23.20722618447805985, -36.74633491664888396, 0.000000000000000000 ) ) ;
#1103 = CARTESIAN_POINT ( 'NONE',  ( 24.18118793431287372, -30.97607360055901538, -2.168404344971008868E-16 ) ) ;
#1104 = CARTESIAN_POINT ( 'NONE',  ( 22.93979976037230983, -35.75125121734389211, 1.000000000000000000 ) ) ;
#1105 = CARTESIAN_POINT ( 'NONE',  ( 18.73454357914556923, -30.56281533418171392, 0.9999999999999995559 ) ) ;
#1106 = CARTESIAN_POINT ( 'NONE',  ( 21.40974689128531949, -28.55441246110287068, -1.100000000000000311 ) ) ;
#1107 = CARTESIAN_POINT ( 'NONE',  ( 18.11165918949398090, -33.86608232158629761, 1.000000000000000444 ) ) ;
#1108 = CARTESIAN_POINT ( 'NONE',  ( 22.93921045089676269, -35.75000593345072986, 1.000000000000000000 ) ) ;
#1109 = CARTESIAN_POINT ( 'NONE',  ( 22.55695447452458424, -28.85374593107146168, -1.100000000000000755 ) ) ;
#1110 = CARTESIAN_POINT ( 'NONE',  ( 16.14633689040233477, -34.29311633736719500, -1.100000000000000089 ) ) ;
#1111 = CARTESIAN_POINT ( 'NONE',  ( 21.20049338801067762, -29.56211613010347605, 0.9999999999999995559 ) ) ;
#1112 = CARTESIAN_POINT ( 'NONE',  ( 21.48860218781776865, -28.55658389544122500, -1.100000000000000755 ) ) ;
#1113 = ORIENTED_EDGE ( 'NONE', *, *, #616, .T. ) ;
#1114 = CARTESIAN_POINT ( 'NONE',  ( 16.46208645122969827, -32.79530721753807398, -6.043065535598857264E-15 ) ) ;
#1115 = CARTESIAN_POINT ( 'NONE',  ( 23.08812399147251426, -35.60906680004942615, 1.000000000000000666 ) ) ;
#1116 = CARTESIAN_POINT ( 'NONE',  ( 24.15513798092587550, -37.08235198053294823, -1.100000000000000089 ) ) ;
#1117 = CARTESIAN_POINT ( 'NONE',  ( 19.74863491813123417, -28.93264109830725772, 0.9999999999998324673 ) ) ;
#1118 = VERTEX_POINT ( 'NONE', #828 ) ;
#1119 = CARTESIAN_POINT ( 'NONE',  ( 16.92531471808898047, -30.82227949702719982, 1.117525935151592816E-14 ) ) ;
#1120 = CARTESIAN_POINT ( 'NONE',  ( 23.00978324886455795, -36.82750798397843539, -1.100000000000000311 ) ) ;
#1121 = CARTESIAN_POINT ( 'NONE',  ( 23.79295857562447480, -36.32253534710442011, 4.336808628265591491E-16 ) ) ;
#1122 = CARTESIAN_POINT ( 'NONE',  ( 21.59344255959717174, -35.90870586350634852, 0.9999999999999997780 ) ) ;
#1123 = CARTESIAN_POINT ( 'NONE',  ( 19.96172227927224085, -28.85276480775972630, 1.000000000000167200 ) ) ;
#1124 = ORIENTED_EDGE ( 'NONE', *, *, #1321, .T. ) ;
#1125 = CARTESIAN_POINT ( 'NONE',  ( 17.12437260906899894, -30.59454342414425199, 0.000000000000000000 ) ) ;
#1126 = CARTESIAN_POINT ( 'NONE',  ( 24.52052406717381672, -34.60999880335387502, 0.000000000000000000 ) ) ;
#1127 = CARTESIAN_POINT ( 'NONE',  ( 22.39123790275286652, -28.78305636474858531, 1.000000000000061950 ) ) ;
#1128 = EDGE_LOOP ( 'NONE', ( #145, #1221 ) ) ;
#1129 = CARTESIAN_POINT ( 'NONE',  ( 22.66268178238793141, -36.91440880274168279, 1.000000000000000000 ) ) ;
#1130 = CARTESIAN_POINT ( 'NONE',  ( 17.72172144609481848, -31.43091975733112875, 1.000000000000000222 ) ) ;
#1131 = CARTESIAN_POINT ( 'NONE',  ( 17.65045878015289915, -34.81222118809068178, 1.125566793668197502E-14 ) ) ;
#1132 = CARTESIAN_POINT ( 'NONE',  ( 24.71069010408935540, -30.21593817832684792, -1.600000000000000089 ) ) ;
#1133 = CARTESIAN_POINT ( 'NONE',  ( 21.77679375687010221, -28.58425908664299797, 6.030513991098489916E-15 ) ) ;
#1134 = ORIENTED_EDGE ( 'NONE', *, *, #1079, .T. ) ;
#1135 = CARTESIAN_POINT ( 'NONE',  ( 24.98021288462322786, -35.91004892491110212, -1.099999999999999867 ) ) ;
#1136 = CARTESIAN_POINT ( 'NONE',  ( 23.69323719990532950, -36.42524034518635290, -1.100000000000000533 ) ) ;
#1137 = CARTESIAN_POINT ( 'NONE',  ( 22.79429599798809392, -30.49727182516626556, 1.000000000000000000 ) ) ;
#1138 = CARTESIAN_POINT ( 'NONE',  ( 16.58241810148215123, -31.41566129622863102, -1.100000000000000755 ) ) ;
#1139 = CARTESIAN_POINT ( 'NONE',  ( 25.40437779054990841, -34.23864834058822026, -1.099999999999999867 ) ) ;
#1140 = CARTESIAN_POINT ( 'NONE',  ( 22.51211291266151804, -27.93626380310850976, -1.600000000000000089 ) ) ;
#1141 = CARTESIAN_POINT ( 'NONE',  ( 24.09030415207215015, -30.81448680362555237, 0.9999999999998661071 ) ) ;
#1142 = CARTESIAN_POINT ( 'NONE',  ( 18.00978378952529013, -29.84045924111425308, 0.000000000000000000 ) ) ;
#1143 = CARTESIAN_POINT ( 'NONE',  ( 23.40608252759149721, -36.64470265071410893, 0.000000000000000000 ) ) ;
#1144 = CARTESIAN_POINT ( 'NONE',  ( 16.44012240529790603, -32.01225992414153154, -1.100000000000000311 ) ) ;
#1145 = CARTESIAN_POINT ( 'NONE',  ( 21.27135404461498780, -36.85803629903107037, 0.000000000000000000 ) ) ;
#1146 = CARTESIAN_POINT ( 'NONE',  ( 20.30199667512604478, -29.79003954574423929, 0.9999999999999991118 ) ) ;
#1147 = DIRECTION ( 'NONE',  ( -0.9811856650366048704, 0.1930665448146712815, 0.000000000000000000 ) ) ;
#1148 = CARTESIAN_POINT ( 'NONE',  ( 24.60266541485061964, -32.68085829472168768, -1.109368015251312563E-13 ) ) ;
#1149 = CARTESIAN_POINT ( 'NONE',  ( 16.83135418268188843, -30.93534041562297077, -1.100000000000000755 ) ) ;
#1150 = CARTESIAN_POINT ( 'NONE',  ( 16.52307512500412301, -31.61056510501673955, -1.100000000000000311 ) ) ;
#1151 = CARTESIAN_POINT ( 'NONE',  ( 20.65099361068335782, -37.53954153599529064, -1.600000000000000755 ) ) ;
#1152 = CARTESIAN_POINT ( 'NONE',  ( 24.98021288462322786, -35.91004892491110212, -1.100000000000000089 ) ) ;
#1153 = CARTESIAN_POINT ( 'NONE',  ( 18.84787659414952188, -35.73162287898506406, 1.000000000000043521 ) ) ;
#1154 = FILL_AREA_STYLE_COLOUR ( '', #1089 ) ;
#1155 = CARTESIAN_POINT ( 'NONE',  ( 18.21980504049701821, -29.69949329710005870, 0.000000000000000000 ) ) ;
#1156 = CARTESIAN_POINT ( 'NONE',  ( 23.72607808149906106, -36.39786385169235672, -2.168404344971008868E-16 ) ) ;
#1157 = CARTESIAN_POINT ( 'NONE',  ( 22.40586918016605367, -30.01742962841451501, 1.000000000000000444 ) ) ;
#1158 = CARTESIAN_POINT ( 'NONE',  ( 18.46524826509473982, -29.55340417918437979, 0.000000000000000000 ) ) ;
#1159 = CARTESIAN_POINT ( 'NONE',  ( 16.75756566006439385, -33.65618542760946497, -1.100000000000000089 ) ) ;
#1160 = CARTESIAN_POINT ( 'NONE',  ( 18.63625441591394249, -36.55753941445311739, -1.099999999999999867 ) ) ;
#1161 = CARTESIAN_POINT ( 'NONE',  ( 18.56127321269394059, -34.28176682288886212, 1.000000000000000000 ) ) ;
#1162 = CARTESIAN_POINT ( 'NONE',  ( 24.28905793644588584, -35.47518321120761442, -1.100000000000000755 ) ) ;
#1163 = CARTESIAN_POINT ( 'NONE',  ( 23.63520223679660859, -29.95249113397292717, 0.9999999999999552580 ) ) ;
#1164 = CARTESIAN_POINT ( 'NONE',  ( 18.06550314706130322, -35.19305574465095532, 0.000000000000000000 ) ) ;
#1165 = CARTESIAN_POINT ( 'NONE',  ( 18.99586000733825486, -35.81549323879992386, -1.100000000000000311 ) ) ;
#1166 = CARTESIAN_POINT ( 'NONE',  ( 18.15523175500932496, -30.98693647273556095, 1.000000000000000222 ) ) ;
#1167 = AXIS2_PLACEMENT_3D ( 'NONE', #979, #974, #999 ) ;
#1168 = CARTESIAN_POINT ( 'NONE',  ( 24.40624100602996904, -35.08902807257585721, -1.671851605555964639E-14 ) ) ;
#1169 = CARTESIAN_POINT ( 'NONE',  ( 23.51623108890955649, -36.56661855100703207, -1.100000000000000755 ) ) ;
#1170 = CARTESIAN_POINT ( 'NONE',  ( 18.69131501317901112, -29.41969224160655472, 6.722987959043365800E-14 ) ) ;
#1171 = CARTESIAN_POINT ( 'NONE',  ( 17.41293007127489645, -34.58024850534945926, -1.100000000000000533 ) ) ;
#1172 = CARTESIAN_POINT ( 'NONE',  ( 21.20102002566727961, -29.56206085275979945, 0.9999999999999995559 ) ) ;
#1173 = CARTESIAN_POINT ( 'NONE',  ( 23.17903368370987494, -35.48378883178827436, 0.9999999999999995559 ) ) ;
#1174 = CARTESIAN_POINT ( 'NONE',  ( 20.09175011632006402, -28.79689810333215405, -0.000000000000000000 ) ) ;
#1175 = CARTESIAN_POINT ( 'NONE',  ( 17.36613329904536229, -30.35488352641841558, 1.000000000000078604 ) ) ;
#1176 = CARTESIAN_POINT ( 'NONE',  ( 17.78278562262138607, -30.01066165314006895, -1.100000000000000089 ) ) ;
#1177 = CARTESIAN_POINT ( 'NONE',  ( 19.30190612129941030, -29.11824127669189011, -1.100000000000000311 ) ) ;
#1178 = CARTESIAN_POINT ( 'NONE',  ( 18.05630560289503705, -28.86582442883824484, -1.100000000000000089 ) ) ;
#1179 = CARTESIAN_POINT ( 'NONE',  ( 17.60664709794183125, -30.14675028965276127, 1.000000000000019540 ) ) ;
#1180 = CARTESIAN_POINT ( 'NONE',  ( 21.24597759850916390, -36.85662680010770487, -8.827178911774750710E-32 ) ) ;
#1181 = CARTESIAN_POINT ( 'NONE',  ( 20.66004455489103009, -28.64359642375142911, -1.100000000000000311 ) ) ;
#1182 = CARTESIAN_POINT ( 'NONE',  ( 23.85949360925019747, -36.24594911205682735, 1.000000000000000666 ) ) ;
#1183 = CARTESIAN_POINT ( 'NONE',  ( 18.46524826509473982, -29.55340417918437979, 0.000000000000000000 ) ) ;
#1184 = CARTESIAN_POINT ( 'NONE',  ( 18.46524826509473982, -29.55340417918437979, -2.168404344971008868E-16 ) ) ;
#1185 = VECTOR ( 'NONE', #15, 1000.000000000000000 ) ;
#1186 = CARTESIAN_POINT ( 'NONE',  ( 19.64227568037162897, -28.97448137823880998, 0.9999999999999776845 ) ) ;
#1187 = CARTESIAN_POINT ( 'NONE',  ( 18.00750511141419352, -29.84219200931017113, -1.100000000000000311 ) ) ;
#1188 = CARTESIAN_POINT ( 'NONE',  ( 20.70308682294326630, -28.63402199749063470, -1.100000000000000311 ) ) ;
#1189 = CARTESIAN_POINT ( 'NONE',  ( 22.78317641753708500, -35.84031219356489117, 1.000000000000000000 ) ) ;
#1190 = CARTESIAN_POINT ( 'NONE',  ( 23.38811584561340240, -29.55420153081643164, -1.100000000000000755 ) ) ;
#1191 = DIRECTION ( 'NONE',  ( -1.000000000000000000, 0.000000000000000000, 0.000000000000000000 ) ) ;
#1192 = CARTESIAN_POINT ( 'NONE',  ( 19.63039012243672587, -37.11137766282580230, -1.100000000000000089 ) ) ;
#1193 = LINE ( 'NONE', #896, #292 ) ;
#1194 = CARTESIAN_POINT ( 'NONE',  ( 23.92987868204653523, -30.48038290200612366, -1.100000000000000311 ) ) ;
#1195 = CARTESIAN_POINT ( 'NONE',  ( 22.00278455027318003, -36.95630359729912584, -1.100000000000000311 ) ) ;
#1196 = CARTESIAN_POINT ( 'NONE',  ( 23.54565819497887347, -36.54564652155114146, 1.403250757954552634E-15 ) ) ;
#1197 = CARTESIAN_POINT ( 'NONE',  ( 19.67826372801071955, -28.95713297097489658, -2.168404344971008868E-16 ) ) ;
#1198 = CARTESIAN_POINT ( 'NONE',  ( 18.56030034249949878, -34.28388905542008303, 1.000000000000000444 ) ) ;
#1199 = CARTESIAN_POINT ( 'NONE',  ( 21.46036017303938337, -28.55532955752879332, 0.000000000000000000 ) ) ;
#1200 = CARTESIAN_POINT ( 'NONE',  ( 20.27756430902789475, -28.74443402053609375, -1.100000000000000311 ) ) ;
#1201 = ORIENTED_EDGE ( 'NONE', *, *, #201, .F. ) ;
#1202 = CARTESIAN_POINT ( 'NONE',  ( 16.47764452387310286, -32.87085786592458447, -5.432872313689977982E-15 ) ) ;
#1203 = CARTESIAN_POINT ( 'NONE',  ( 21.83506777577565217, -36.94778949042652272, -1.100000000000000311 ) ) ;
#1204 = CARTESIAN_POINT ( 'NONE',  ( 20.62863650872714771, -35.56975711612307123, 1.000000000000000000 ) ) ;
#1205 = CARTESIAN_POINT ( 'NONE',  ( 23.10423416663906337, -35.58905885754631271, 1.000000000000000000 ) ) ;
#1206 = CARTESIAN_POINT ( 'NONE',  ( 18.27837242720159949, -28.73376853338848491, -1.100000000000000089 ) ) ;
#1207 = CARTESIAN_POINT ( 'NONE',  ( 17.39998254633395902, -29.28141780778413406, -1.100000000000000089 ) ) ;
#1208 = CARTESIAN_POINT ( 'NONE',  ( 20.89508315030889207, -29.61429556124600282, 1.000000000000000000 ) ) ;
#1209 = ORIENTED_EDGE ( 'NONE', *, *, #314, .F. ) ;
#1210 = CARTESIAN_POINT ( 'NONE',  ( 22.75810050823479003, -37.72803205856744313, -1.099999999999999867 ) ) ;
#1211 = CARTESIAN_POINT ( 'NONE',  ( 23.05451471012765907, -35.64775331199573571, 1.000000000000000666 ) ) ;
#1212 = CARTESIAN_POINT ( 'NONE',  ( 22.10342220956253811, -35.96091792843782287, 0.9999999999999997780 ) ) ;
#1213 = CARTESIAN_POINT ( 'NONE',  ( 20.80596797522797914, -28.60990208517673850, -1.143154639357263508E-14 ) ) ;
#1214 = CARTESIAN_POINT ( 'NONE',  ( 25.28460307348648328, -34.90499973821052748, -1.100000000000000089 ) ) ;
#1215 = ORIENTED_EDGE ( 'NONE', *, *, #556, .T. ) ;
#1216 = B_SPLINE_CURVE_WITH_KNOTS ( 'NONE', 3,
 ( #934, #427, #323, #753, #1155, #1183 ),
 .UNSPECIFIED., .F., .F.,
 ( 4, 2, 4 ),
 ( 0.02449139262991333402, 0.02534825010503779022, 0.02620510758016224642 ),
 .UNSPECIFIED. ) ;
#1217 = CARTESIAN_POINT ( 'NONE',  ( 25.46852742973275596, -33.16034497938846215, -1.099999999999999867 ) ) ;
#1218 = CARTESIAN_POINT ( 'NONE',  ( 17.43180307476293223, -32.60958223236841036, 0.9999999999999997780 ) ) ;
#1219 = CARTESIAN_POINT ( 'NONE',  ( 22.05190774644364637, -28.64860131927295228, -5.590702868297049069E-15 ) ) ;
#1220 = ADVANCED_FACE ( 'NONE', ( #409, #1234 ), #116, .T. ) ;
#1221 = ORIENTED_EDGE ( 'NONE', *, *, #513, .T. ) ;
#1222 = CARTESIAN_POINT ( 'NONE',  ( 24.15513798092587550, -37.08235198053294823, -1.600000000000000533 ) ) ;
#1223 = CARTESIAN_POINT ( 'NONE',  ( 16.46208643849673692, -32.79530721955248396, 0.9999999999999881206 ) ) ;
#1224 = CARTESIAN_POINT ( 'NONE',  ( 25.04451952374249757, -31.00659504189439275, -1.600000000000000089 ) ) ;
#1225 = CARTESIAN_POINT ( 'NONE',  ( 19.96172227955645440, -28.85276480851792869, -2.168404345848909736E-16 ) ) ;
#1226 = VERTEX_POINT ( 'NONE', #734 ) ;
#1227 = VECTOR ( 'NONE', #272, 1000.000000000000000 ) ;
#1228 = CARTESIAN_POINT ( 'NONE',  ( 19.42084480922110856, -28.19452662574494184, -1.099999999999999867 ) ) ;
#1229 = CARTESIAN_POINT ( 'NONE',  ( 19.42084480922110856, -28.19452662574494184, -1.600000000000000089 ) ) ;
#1230 = CARTESIAN_POINT ( 'NONE',  ( 23.93614880665353084, -30.49022051908659847, 2.215862434812877178E-14 ) ) ;
#1231 = CARTESIAN_POINT ( 'NONE',  ( 16.81205088178665008, -33.78233307704756783, 0.000000000000000000 ) ) ;
#1232 = CARTESIAN_POINT ( 'NONE',  ( 17.78701477475793524, -31.35069092455953310, 1.000000000000000000 ) ) ;
#1233 = EDGE_CURVE ( 'NONE', #726, #890, #253, .T. ) ;
#1234 = FACE_OUTER_BOUND ( 'NONE', #497, .T. ) ;
#1235 = CARTESIAN_POINT ( 'NONE',  ( 22.63299217480394177, -28.91188073155736049, 0.9999999999999682476 ) ) ;
#1236 = CARTESIAN_POINT ( 'NONE',  ( 17.47064140120197706, -34.64459429935499202, 0.000000000000000000 ) ) ;
#1237 = CARTESIAN_POINT ( 'NONE',  ( 16.42171130499690435, -32.17853349196297330, -1.100000000000000533 ) ) ;
#1238 = CARTESIAN_POINT ( 'NONE',  ( 23.61851865138089224, -34.01452942077767005, 1.000000000000000666 ) ) ;
#1239 = CARTESIAN_POINT ( 'NONE',  ( 17.54237021288982490, -31.74545080699092736, 1.000000000000000444 ) ) ;
#1240 = CARTESIAN_POINT ( 'NONE',  ( 24.15513798092587550, -37.08235198053294823, -1.600000000000000311 ) ) ;
#1241 = CARTESIAN_POINT ( 'NONE',  ( 22.17417258726083062, -29.81476637044768552, 1.000000000000000000 ) ) ;
#1242 = CARTESIAN_POINT ( 'NONE',  ( 16.83135418268188843, -30.93534041562297077, 0.000000000000000000 ) ) ;
#1243 = CARTESIAN_POINT ( 'NONE',  ( 22.75810050823479003, -37.72803205856744313, -1.600000000000000089 ) ) ;
#1244 = CARTESIAN_POINT ( 'NONE',  ( 16.46860869737660948, -32.82352641101068969, -1.100000000000000755 ) ) ;
#1245 = CARTESIAN_POINT ( 'NONE',  ( 17.83423877859605966, -28.99788032428304518, -1.600000000000000755 ) ) ;
#1246 = PRODUCT ( '\X2\57066da653f65b50630994ae\X0\0807', '\X2\57066da653f65b50630994ae\X0\0807', '', ( #453 ) ) ;
#1247 =( NAMED_UNIT ( * ) SI_UNIT ( $, .STERADIAN. ) SOLID_ANGLE_UNIT ( ) );
#1248 = CARTESIAN_POINT ( 'NONE',  ( 25.35619483024440513, -32.08592320891038696, -1.600000000000000089 ) ) ;
#1249 = CARTESIAN_POINT ( 'NONE',  ( 23.51623108890955649, -36.56661855100703207, -2.168404344971008868E-16 ) ) ;
#1250 = CARTESIAN_POINT ( 'NONE',  ( 23.93614881006977768, -30.49022051726996807, 1.000000000000286438 ) ) ;
#1251 = CARTESIAN_POINT ( 'NONE',  ( 19.90769323916119404, -36.33278521088814017, -1.100000000000000755 ) ) ;
#1252 = CARTESIAN_POINT ( 'NONE',  ( 21.23228414892888338, -36.84678252991751179, -1.100000000000000311 ) ) ;
#1253 = CARTESIAN_POINT ( 'NONE',  ( 22.17452240500940519, -29.81502770487696807, 0.9999999999999991118 ) ) ;
#1254 = CARTESIAN_POINT ( 'NONE',  ( 16.71337457493115508, -31.16225426264758269, 0.9999999999999916733 ) ) ;
#1255 = CARTESIAN_POINT ( 'NONE',  ( 24.36964865066939012, -36.89931722494762312, -1.100000000000000089 ) ) ;
#1256 = CARTESIAN_POINT ( 'NONE',  ( 24.35373740348432747, -35.26476126240604714, 0.000000000000000000 ) ) ;
#1257 = CARTESIAN_POINT ( 'NONE',  ( 24.65272167368291889, -33.07919454679810656, -1.100000000000000755 ) ) ;
#1258 = CARTESIAN_POINT ( 'NONE',  ( 24.52052406717048072, -34.60999880337079304, 0.9999999999999961142 ) ) ;
#1259 = CARTESIAN_POINT ( 'NONE',  ( 16.43318546516525203, -32.62478773603409365, -1.100000000000000755 ) ) ;
#1260 = CARTESIAN_POINT ( 'NONE',  ( 18.00298951255096114, -35.11891424638601933, -1.100000000000000533 ) ) ;
#1261 = CARTESIAN_POINT ( 'NONE',  ( 18.64846509880344883, -30.61713070010017290, 1.000000000000000222 ) ) ;
#1262 = CARTESIAN_POINT ( 'NONE',  ( 16.62029618784073648, -31.35711448044024152, 1.000000000000000222 ) ) ;
#1263 = CARTESIAN_POINT ( 'NONE',  ( 24.15360117742684665, -35.78403076638023350, -1.134669422824141350E-14 ) ) ;
#1264 = CARTESIAN_POINT ( 'NONE',  ( 16.49604592554088711, -31.72088814412809299, -3.252606517456516753E-16 ) ) ;
#1265 = CARTESIAN_POINT ( 'NONE',  ( 18.85274271130442969, -29.32276541563010852, 0.000000000000000000 ) ) ;
#1266 = CARTESIAN_POINT ( 'NONE',  ( 18.18759363699279064, -29.72551122237353027, -4.485378091912541865E-14 ) ) ;
#1267 = CARTESIAN_POINT ( 'NONE',  ( 16.43230846740431872, -32.61962942021229139, -1.100000000000000089 ) ) ;
#1268 = CARTESIAN_POINT ( 'NONE',  ( 22.16605044982880202, -37.77150042667190633, -1.600000000000000755 ) ) ;
#1269 = AXIS2_PLACEMENT_3D ( 'NONE', #875, #768, #1191 ) ;
#1270 = CARTESIAN_POINT ( 'NONE',  ( 24.46933968858417785, -34.85082531082424850, 0.000000000000000000 ) ) ;
#1271 = CARTESIAN_POINT ( 'NONE',  ( 24.44762708764221415, -34.95795209975883466, -1.100000000000000755 ) ) ;
#1272 = CARTESIAN_POINT ( 'NONE',  ( 19.25762690168384950, -29.12769354984515502, -0.000000000000000000 ) ) ;
#1273 = CARTESIAN_POINT ( 'NONE',  ( 17.89448068909585388, -29.92702621856691181, 1.000000000000032863 ) ) ;
#1274 = CARTESIAN_POINT ( 'NONE',  ( 17.96899289031064484, -35.09363530021864364, 1.805559322863033612E-31 ) ) ;
#1275 = CARTESIAN_POINT ( 'NONE',  ( 20.69731717182415665, -28.63528717861863271, -1.100000000000000533 ) ) ;
#1276 = PRESENTATION_STYLE_ASSIGNMENT (( #971 ) ) ;
#1277 = APPLICATION_PROTOCOL_DEFINITION ( 'draft international standard', 'automotive_design', 1998, #129 ) ;
#1278 = EDGE_CURVE ( 'NONE', #94, #620, #214, .T. ) ;
#1279 = DIRECTION ( 'NONE',  ( -1.000000000000000000, 0.000000000000000000, -0.000000000000000000 ) ) ;
#1280 = CARTESIAN_POINT ( 'NONE',  ( 19.32431199778045539, -29.10848388271782383, 0.000000000000000000 ) ) ;
#1281 = CARTESIAN_POINT ( 'NONE',  ( 22.41570536157617966, -36.95590571541524127, -3.252606517456513302E-16 ) ) ;
#1282 = CARTESIAN_POINT ( 'NONE',  ( 23.81396198148158305, -30.26222848540642119, -1.100000000000000311 ) ) ;
#1283 = VERTEX_POINT ( 'NONE', #1240 ) ;
#1284 = CARTESIAN_POINT ( 'NONE',  ( 23.38298576623168401, -36.65377131568125435, 0.9999999999999772404 ) ) ;
#1285 = CARTESIAN_POINT ( 'NONE',  ( 19.42840588799257517, -29.05943816159761184, -2.168404344971008868E-16 ) ) ;
#1286 = VECTOR ( 'NONE', #9, 1000.000000000000000 ) ;
#1287 = CLOSED_SHELL ( 'NONE', ( #358, #261, #997, #872, #1220, #379, #758, #953, #897, #142, #630, #936 ) ) ;
#1288 = CARTESIAN_POINT ( 'NONE',  ( 17.31828067717698616, -30.39927230599007757, 1.000000000000062395 ) ) ;
#1289 = CARTESIAN_POINT ( 'NONE',  ( 17.16503266709425546, -30.55140408783910999, -1.100000000000000311 ) ) ;
#1290 = CARTESIAN_POINT ( 'NONE',  ( 18.58367582132762053, -29.48291546532673379, -1.100000000000000755 ) ) ;
#1291 = CARTESIAN_POINT ( 'NONE',  ( 22.80960856180987406, -36.88365296110440283, -1.100000000000000533 ) ) ;
#1292 = CARTESIAN_POINT ( 'NONE',  ( 23.25000355748879244, -36.72571753047436971, -2.168404357273333635E-16 ) ) ;
#1293 = CARTESIAN_POINT ( 'NONE',  ( 19.42084480922110856, -28.19452662574494184, -1.100000000000000089 ) ) ;
#1294 = CARTESIAN_POINT ( 'NONE',  ( 22.16605044982880202, -37.77150042667190633, -1.100000000000000089 ) ) ;
#1295 = CARTESIAN_POINT ( 'NONE',  ( 18.39803024864960079, -30.79802952837395580, 1.000000000000000000 ) ) ;
#1296 = CARTESIAN_POINT ( 'NONE',  ( 16.44939352922006393, -32.77903412409291661, 3.252606517456509851E-16 ) ) ;
#1297 = CARTESIAN_POINT ( 'NONE',  ( 18.76227583875748905, -29.38253251890475681, -1.100000000000000533 ) ) ;
#1298 = CARTESIAN_POINT ( 'NONE',  ( 17.42881195630724278, -32.50636770990292490, 0.9999999999999993339 ) ) ;
#1299 = CARTESIAN_POINT ( 'NONE',  ( 23.45027990359503889, -36.61151013869233140, 1.000000000000010880 ) ) ;
#1300 = CARTESIAN_POINT ( 'NONE',  ( 21.19775754745351293, -35.80483555459131395, 1.000000000000000000 ) ) ;
#1301 = CARTESIAN_POINT ( 'NONE',  ( 22.30618748710737975, -28.74376454130429437, -2.770996840339371550E-15 ) ) ;
#1302 = CARTESIAN_POINT ( 'NONE',  ( 24.22398937642743988, -31.11453712487401546, -1.100000000000000311 ) ) ;
#1303 = EDGE_LOOP ( 'NONE', ( #821, #39, #182, #67 ) ) ;
#1304 = PRODUCT_RELATED_PRODUCT_CATEGORY ( 'part', '', ( #1246 ) ) ;
#1305 = CARTESIAN_POINT ( 'NONE',  ( 16.57784869594069121, -33.23649550486058502, 0.000000000000000000 ) ) ;
#1306 = CARTESIAN_POINT ( 'NONE',  ( 24.48434540733852671, -34.79386277856750098, -0.000000000000000000 ) ) ;
#1307 = CARTESIAN_POINT ( 'NONE',  ( 20.81008325103167422, -32.43770605650531280, -1.600000000000000089 ) ) ;
#1308 = CARTESIAN_POINT ( 'NONE',  ( 15.86941109067288558, -30.95528737153826881, -1.100000000000000089 ) ) ;
#1309 = CARTESIAN_POINT ( 'NONE',  ( 21.59260699212584811, -28.56258487702710624, 0.9999999999999996669 ) ) ;
#1310 = CARTESIAN_POINT ( 'NONE',  ( 25.40437779054990841, -34.23864834058822026, -1.600000000000000089 ) ) ;
#1311 = ORIENTED_EDGE ( 'NONE', *, *, #1038, .T. ) ;
#1312 = CARTESIAN_POINT ( 'NONE',  ( 17.41729811184068311, -32.35208257472321947, 1.000000000000000000 ) ) ;
#1313 = CARTESIAN_POINT ( 'NONE',  ( 21.63561338313143878, -36.92709582028991377, -1.100000000000000311 ) ) ;
#1314 = CARTESIAN_POINT ( 'NONE',  ( 22.83062963109919963, -36.87895781775900872, 0.9999999999999974465 ) ) ;
#1315 = CARTESIAN_POINT ( 'NONE',  ( 18.05630560289503705, -28.86582442883824484, -1.100000000000000089 ) ) ;
#1316 = CARTESIAN_POINT ( 'NONE',  ( 21.46036017293499043, -28.55532956592511695, 1.000000000000044631 ) ) ;
#1317 = ORIENTED_EDGE ( 'NONE', *, *, #201, .T. ) ;
#1318 = CARTESIAN_POINT ( 'NONE',  ( 22.51211291266151804, -27.93626380310850976, -1.600000000000000533 ) ) ;
#1319 = CARTESIAN_POINT ( 'NONE',  ( 24.52052406717381672, -34.60999880335387502, 0.000000000000000000 ) ) ;
#1320 = CARTESIAN_POINT ( 'NONE',  ( 17.56102215853810478, -31.69687385271523183, 1.000000000000000000 ) ) ;
#1321 = EDGE_CURVE ( 'NONE', #612, #248, #196, .T. ) ;
#1322 = CARTESIAN_POINT ( 'NONE',  ( 22.05190774858817093, -28.64860131092120099, 1.000000000000083933 ) ) ;
#1323 = ORIENTED_EDGE ( 'NONE', *, *, #279, .T. ) ;
#1324 = CARTESIAN_POINT ( 'NONE',  ( 17.12437260906899894, -30.59454342414425554, 1.000000000000000000 ) ) ;
#1325 = CARTESIAN_POINT ( 'NONE',  ( 16.41681415360757867, -32.37163488993724769, 0.000000000000000000 ) ) ;
#1326 = CARTESIAN_POINT ( 'NONE',  ( 25.46852742973275596, -33.16034497938846215, -1.100000000000000089 ) ) ;
#1327 = CARTESIAN_POINT ( 'NONE',  ( 22.08840539221924715, -29.75434120308682751, 1.000000000000000000 ) ) ;
#1328 = ORIENTED_EDGE ( 'NONE', *, *, #1278, .T. ) ;
#1329 = PRODUCT_DEFINITION_CONTEXT ( 'detailed design', #129, 'design' ) ;
#1330 = CARTESIAN_POINT ( 'NONE',  ( 23.43803499998904982, -37.55749168788039327, -1.099999999999999867 ) ) ;
#1331 = CARTESIAN_POINT ( 'NONE',  ( 20.97878421976119512, -27.74084369457317578, -1.600000000000000089 ) ) ;
#1332 = CARTESIAN_POINT ( 'NONE',  ( 23.11525696030300381, -29.31150316805577560, 0.9999999999999871214 ) ) ;
#1333 = CARTESIAN_POINT ( 'NONE',  ( 18.23307461093701676, -29.69159517791637271, -1.100000000000000755 ) ) ;
#1334 = CARTESIAN_POINT ( 'NONE',  ( 23.09878822096557727, -28.24462135927029038, -1.099999999999999867 ) ) ;
#1335 = EDGE_CURVE ( 'NONE', #890, #1118, #1216, .T. ) ;
#1336 = CARTESIAN_POINT ( 'NONE',  ( 24.72509901845013758, -36.45928315436848521, -1.600000000000000089 ) ) ;
#1337 = CARTESIAN_POINT ( 'NONE',  ( 22.54509104907551986, -30.16885489008144461, 1.000000000000000444 ) ) ;
ENDSEC;
END-ISO-10303-21;
