ISO-10303-21;
HEADER;
FILE_DESCRIPTION (( 'STEP AP214' ),
    '1' );
FILE_NAME ('0808 V2 Íâ¿Ç.STEP',
    '2026-08-13T06:17:50',
    ( '' ),
    ( '' ),
    'SwSTEP 2.0',
    'SolidWorks 2024',
    '' );
FILE_SCHEMA (( 'AUTOMOTIVE_DESIGN' ));
ENDSEC;

DATA;
#1 = CARTESIAN_POINT ( 'NONE',  ( 12.95826245572677848, -29.95010495368753212, 0.9999999999999014122 ) ) ;
#2 = VECTOR ( 'NONE', #5146, 1000.000000000000000 ) ;
#3 = LINE ( 'NONE', #1855, #603 ) ;
#4 = CARTESIAN_POINT ( 'NONE',  ( -3.109655412721121781, 18.24374527427762160, -11.50000000000000000 ) ) ;
#5 = VERTEX_POINT ( 'NONE', #3576 ) ;
#6 = CIRCLE ( 'NONE', #6904, 0.8000000000000038192 ) ;
#7 = CARTESIAN_POINT ( 'NONE',  ( 24.67266025226708237, -34.35605921730844869, 0.5000000000000000000 ) ) ;
#8 = CARTESIAN_POINT ( 'NONE',  ( 8.608240758198650866, -27.06847516654442032, -3.000000000000000000 ) ) ;
#9 = LINE ( 'NONE', #3109, #5823 ) ;
#10 = ADVANCED_FACE ( 'NONE', ( #610 ), #7327, .T. ) ;
#11 = AXIS2_PLACEMENT_3D ( 'NONE', #396, #2793, #3960 ) ;
#12 = FACE_OUTER_BOUND ( 'NONE', #2820, .T. ) ;
#13 = VERTEX_POINT ( 'NONE', #767 ) ;
#14 = ORIENTED_EDGE ( 'NONE', *, *, #4195, .F. ) ;
#15 = VERTEX_POINT ( 'NONE', #3151 ) ;
#16 = CARTESIAN_POINT ( 'NONE',  ( -3.109655412721123557, -24.80500368935529565, -7.551502062183216957 ) ) ;
#17 = PLANE ( 'NONE',  #6118 ) ;
#18 = VECTOR ( 'NONE', #4846, 1000.000000000000000 ) ;
#19 = CARTESIAN_POINT ( 'NONE',  ( 44.22735356466323964, -45.61841504291471949, -11.50000000000000000 ) ) ;
#20 = CARTESIAN_POINT ( 'NONE',  ( 3.625558381474969671, 11.63520089990042727, 1.000000000000000000 ) ) ;
#21 = CARTESIAN_POINT ( 'NONE',  ( 0.5350161592050475257, -43.23723148550483586, -1.000000000000000888 ) ) ;
#22 = ORIENTED_EDGE ( 'NONE', *, *, #2874, .T. ) ;
#23 = VECTOR ( 'NONE', #1121, 1000.000000000000000 ) ;
#24 = CARTESIAN_POINT ( 'NONE',  ( 13.84368180226292289, -31.96617057335596357, -1.000000000000000444 ) ) ;
#25 = DIRECTION ( 'NONE',  ( 1.000000000000000000, 0.000000000000000000, 0.000000000000000000 ) ) ;
#26 = CARTESIAN_POINT ( 'NONE',  ( 44.27741491030282361, 24.24374527427767489, -11.50000000000000178 ) ) ;
#27 = DIRECTION ( 'NONE',  ( 0.000000000000000000, 1.000000000000000000, 0.000000000000000000 ) ) ;
#28 = ORIENTED_EDGE ( 'NONE', *, *, #5553, .F. ) ;
#29 = CIRCLE ( 'NONE', #1906, 4.500000000000003553 ) ;
#30 = DIRECTION ( 'NONE',  ( 0.000000000000000000, 0.000000000000000000, -1.000000000000000000 ) ) ;
#31 = ADVANCED_FACE ( 'NONE', ( #4796 ), #1792, .F. ) ;
#32 = CARTESIAN_POINT ( 'NONE',  ( 1.032475904716213977, -0.9338809330280353205, -2.000000000000012879 ) ) ;
#33 = CARTESIAN_POINT ( 'NONE',  ( -3.109655412721124002, -41.11841504291472660, -2.000000000000000000 ) ) ;
#34 = ORIENTED_EDGE ( 'NONE', *, *, #6514, .F. ) ;
#35 = DIRECTION ( 'NONE',  ( 1.000000000000000000, 0.000000000000000000, 0.000000000000000000 ) ) ;
#36 = CARTESIAN_POINT ( 'NONE',  ( 22.77958947847572801, -37.50666095304168834, 1.000000000000000000 ) ) ;
#37 = CIRCLE ( 'NONE', #4411, 1.000000000000000000 ) ;
#38 = CARTESIAN_POINT ( 'NONE',  ( 6.492138324923972803, -29.63423184030390090, 1.000000000000000000 ) ) ;
#39 = VERTEX_POINT ( 'NONE', #7251 ) ;
#40 = CARTESIAN_POINT ( 'NONE',  ( 13.90529854740844051, -32.63437102697820791, 0.5000000000000000000 ) ) ;
#41 = DIRECTION ( 'NONE',  ( 0.000000000000000000, 0.000000000000000000, -1.000000000000000000 ) ) ;
#42 = VECTOR ( 'NONE', #2153, 1000.000000000000000 ) ;
#43 = DIRECTION ( 'NONE',  ( 0.000000000000000000, 0.000000000000000000, 1.000000000000000000 ) ) ;
#44 = ORIENTED_EDGE ( 'NONE', *, *, #2436, .F. ) ;
#45 = CARTESIAN_POINT ( 'NONE',  ( 24.74135658724480891, -33.20712657893764685, 1.000000000000000000 ) ) ;
#46 = CARTESIAN_POINT ( 'NONE',  ( 44.27741491030282361, 24.24374527427767489, -11.50000000000000000 ) ) ;
#47 = CARTESIAN_POINT ( 'NONE',  ( 12.22205913308490466, -36.93378718825240981, 0.5000000000000000000 ) ) ;
#48 = LINE ( 'NONE', #4871, #1735 ) ;
#49 = ORIENTED_EDGE ( 'NONE', *, *, #5078, .T. ) ;
#50 = ORIENTED_EDGE ( 'NONE', *, *, #3204, .F. ) ;
#51 = ORIENTED_EDGE ( 'NONE', *, *, #1817, .T. ) ;
#52 = CARTESIAN_POINT ( 'NONE',  ( 8.202730447109999545, 15.31055444116485198, -9.592411343199959362 ) ) ;
#53 = DIRECTION ( 'NONE',  ( -0.000000000000000000, -0.000000000000000000, 1.000000000000000000 ) ) ;
#54 = EDGE_CURVE ( 'NONE', #3178, #3861, #6615, .T. ) ;
#55 = LINE ( 'NONE', #4209, #7118 ) ;
#56 = CARTESIAN_POINT ( 'NONE',  ( 43.98256164536415724, 22.74374527427766424, -6.663148035801223834 ) ) ;
#57 = CARTESIAN_POINT ( 'NONE',  ( 13.84368180226292289, -31.96617057335596357, 0.5000000000000000000 ) ) ;
#58 = CARTESIAN_POINT ( 'NONE',  ( 48.22735356466326806, -41.61841504291469107, -11.50000000000000178 ) ) ;
#59 = DIRECTION ( 'NONE',  ( 0.000000000000000000, 1.000000000000000000, 0.000000000000000000 ) ) ;
#60 = CARTESIAN_POINT ( 'NONE',  ( -1.609655412721123557, -15.26500368935729135, -7.551502062183216957 ) ) ;
#61 = ORIENTED_EDGE ( 'NONE', *, *, #5699, .T. ) ;
#62 = CARTESIAN_POINT ( 'NONE',  ( 2.390344587278868449, 16.63520089990042905, 1.000000000000000000 ) ) ;
#63 = CARTESIAN_POINT ( 'NONE',  ( 44.21615726698036042, -31.38865712849714384, -4.163148035801221170 ) ) ;
#64 = EDGE_CURVE ( 'NONE', #6292, #5196, #3038, .T. ) ;
#65 = DIRECTION ( 'NONE',  ( -1.000000000000000000, -2.514877418146365435E-16, 0.000000000000000000 ) ) ;
#66 = EDGE_LOOP ( 'NONE', ( #6992, #7246, #3191, #5512, #930, #2269 ) ) ;
#67 = DIRECTION ( 'NONE',  ( 0.000000000000000000, 0.000000000000000000, -1.000000000000000000 ) ) ;
#68 = CARTESIAN_POINT ( 'NONE',  ( 9.625558381474968783, 16.63520089990042905, 0.000000000000000000 ) ) ;
#69 = VECTOR ( 'NONE', #1059, 1000.000000000000000 ) ;
#70 = CARTESIAN_POINT ( 'NONE',  ( 18.47471805501016462, -47.11841504291469818, -3.684504751596059613 ) ) ;
#71 = ORIENTED_EDGE ( 'NONE', *, *, #3543, .F. ) ;
#72 = CARTESIAN_POINT ( 'NONE',  ( 13.67021768137884941, -31.51371364708624867, 1.000000000000202505 ) ) ;
#73 = DIRECTION ( 'NONE',  ( -1.000000000000000000, 0.000000000000000000, 0.000000000000000000 ) ) ;
#74 = EDGE_CURVE ( 'NONE', #6282, #6896, #5444, .T. ) ;
#75 = VECTOR ( 'NONE', #1912, 1000.000000000000000 ) ;
#76 = CARTESIAN_POINT ( 'NONE',  ( 20.16086092906663652, -28.14905993722292266, 1.000000000000000000 ) ) ;
#77 = ORIENTED_EDGE ( 'NONE', *, *, #819, .F. ) ;
#78 = CARTESIAN_POINT ( 'NONE',  ( 22.93896414098828629, -29.01641472753826889, 0.5000000000000000000 ) ) ;
#79 = ADVANCED_FACE ( 'NONE', ( #3265 ), #3883, .F. ) ;
#80 = DIRECTION ( 'NONE',  ( 0.000000000000000000, 0.000000000000000000, -1.000000000000000000 ) ) ;
#81 = VECTOR ( 'NONE', #2031, 1000.000000000000000 ) ;
#82 = VECTOR ( 'NONE', #3657, 1000.000000000000000 ) ;
#83 = CARTESIAN_POINT ( 'NONE',  ( 6.115995220810011013, -30.67095864166847718, 0.5000000000000000000 ) ) ;
#84 = EDGE_CURVE ( 'NONE', #5887, #3943, #5706, .T. ) ;
#85 = DIRECTION ( 'NONE',  ( -1.000000000000000000, 0.000000000000000000, 0.000000000000000000 ) ) ;
#86 = VERTEX_POINT ( 'NONE', #2717 ) ;
#87 = AXIS2_PLACEMENT_3D ( 'NONE', #4207, #3615, #1275 ) ;
#88 = VERTEX_POINT ( 'NONE', #5625 ) ;
#89 = CARTESIAN_POINT ( 'NONE',  ( 0.3512439203877670835, -4.664145929984653272, -2.000000000000013767 ) ) ;
#90 = FACE_OUTER_BOUND ( 'NONE', #1499, .T. ) ;
#91 = FACE_BOUND ( 'NONE', #5123, .T. ) ;
#92 = EDGE_CURVE ( 'NONE', #2706, #5844, #3924, .T. ) ;
#93 = CARTESIAN_POINT ( 'NONE',  ( -0.1096554127211213370, -41.11841504291472660, 1.000000000000000000 ) ) ;
#94 = AXIS2_PLACEMENT_3D ( 'NONE', #312, #5738, #6966 ) ;
#95 = VECTOR ( 'NONE', #4889, 1000.000000000000000 ) ;
#96 = CARTESIAN_POINT ( 'NONE',  ( 24.33108336606690614, -35.66080639628237492, 0.5000000000000000000 ) ) ;
#97 = EDGE_CURVE ( 'NONE', #2528, #6016, #6340, .T. ) ;
#98 = ORIENTED_EDGE ( 'NONE', *, *, #2063, .F. ) ;
#99 = EDGE_CURVE ( 'NONE', #6724, #5177, #3847, .T. ) ;
#100 = CARTESIAN_POINT ( 'NONE',  ( 12.31184452667201512, -29.10971933104916687, 0.5000000000000000000 ) ) ;
#101 = DIRECTION ( 'NONE',  ( -1.453169479452032859E-16, -0.000000000000000000, -1.000000000000000000 ) ) ;
#102 = CIRCLE ( 'NONE', #2607, 5.999999999999994671 ) ;
#103 = DIRECTION ( 'NONE',  ( 0.000000000000000000, 1.000000000000000000, 0.000000000000000000 ) ) ;
#104 = CARTESIAN_POINT ( 'NONE',  ( 46.08259321813340392, -4.456046650082968519, -5.000000000000000000 ) ) ;
#105 = ORIENTED_EDGE ( 'NONE', *, *, #2184, .T. ) ;
#106 = CARTESIAN_POINT ( 'NONE',  ( -3.109655412721124002, -41.11841504291472660, -6.001502062183216246 ) ) ;
#107 = EDGE_CURVE ( 'NONE', #3822, #3964, #4355, .T. ) ;
#108 = DIRECTION ( 'NONE',  ( -0.000000000000000000, -0.000000000000000000, -1.000000000000000000 ) ) ;
#109 = CARTESIAN_POINT ( 'NONE',  ( 7.323732930487381054, -45.61841504291471239, -1.000000000000000000 ) ) ;
#110 = ORIENTED_EDGE ( 'NONE', *, *, #5553, .T. ) ;
#111 = CARTESIAN_POINT ( 'NONE',  ( 19.10114700854436265, -36.00043039275139023, 1.000000000000000000 ) ) ;
#112 = CARTESIAN_POINT ( 'NONE',  ( 32.48338076306245625, -31.97260846456628869, 1.500000000000000000 ) ) ;
#113 = FACE_OUTER_BOUND ( 'NONE', #1971, .T. ) ;
#114 = VERTEX_POINT ( 'NONE', #4947 ) ;
#115 = CARTESIAN_POINT ( 'NONE',  ( 13.47631773223785956, -30.96896635244944918, 0.9999999999997974953 ) ) ;
#116 = DIRECTION ( 'NONE',  ( -0.000000000000000000, -0.000000000000000000, 1.000000000000000000 ) ) ;
#117 = CARTESIAN_POINT ( 'NONE',  ( 46.08259321813340392, -4.456046650082968519, -5.000000000000000000 ) ) ;
#118 = ORIENTED_EDGE ( 'NONE', *, *, #4389, .F. ) ;
#119 =( BOUNDED_CURVE ( )  B_SPLINE_CURVE ( 3, ( #4937, #7351, #268, #1961 ),
 .UNSPECIFIED., .F., .T. ) 
 B_SPLINE_CURVE_WITH_KNOTS ( ( 4, 4 ),
 ( 4.712388980384689674, 7.853981633974482790 ),
 .UNSPECIFIED. ) 
 CURVE ( )  GEOMETRIC_REPRESENTATION_ITEM ( )  RATIONAL_B_SPLINE_CURVE ( ( 1.000000000000000000, 0.3333333333333333703, 0.3333333333333333703, 1.000000000000000000 ) ) 
 REPRESENTATION_ITEM ( '' )  );
#120 = PLANE ( 'NONE',  #2729 ) ;
#121 = CYLINDRICAL_SURFACE ( 'NONE', #4269, 1.000000000000000000 ) ;
#122 = EDGE_CURVE ( 'NONE', #6895, #976, #3766, .T. ) ;
#123 = CARTESIAN_POINT ( 'NONE',  ( 8.558091746025462854, -36.14561237204302557, 0.4999999999999998890 ) ) ;
#124 = DIRECTION ( 'NONE',  ( 1.000000000000000000, 0.000000000000000000, 0.000000000000000000 ) ) ;
#125 = ORIENTED_EDGE ( 'NONE', *, *, #1335, .T. ) ;
#126 = EDGE_CURVE ( 'NONE', #3964, #2335, #7531, .T. ) ;
#127 = ORIENTED_EDGE ( 'NONE', *, *, #6318, .F. ) ;
#128 = ORIENTED_EDGE ( 'NONE', *, *, #2837, .T. ) ;
#129 = FACE_OUTER_BOUND ( 'NONE', #4270, .T. ) ;
#130 = CARTESIAN_POINT ( 'NONE',  ( 8.051977703984016799, -36.43080162554759482, 1.000000000000000000 ) ) ;
#131 = DIRECTION ( 'NONE',  ( 1.000000000000000000, 0.000000000000000000, -0.000000000000000000 ) ) ;
#132 = ORIENTED_EDGE ( 'NONE', *, *, #5276, .F. ) ;
#133 = ADVANCED_FACE ( 'NONE', ( #321 ), #7150, .T. ) ;
#134 = CARTESIAN_POINT ( 'NONE',  ( 2.390344587278876443, -41.61841504291471949, -1.000000000000000000 ) ) ;
#135 = VECTOR ( 'NONE', #4806, 1000.000000000000000 ) ;
#136 = FACE_BOUND ( 'NONE', #3331, .T. ) ;
#137 = DIRECTION ( 'NONE',  ( 0.000000000000000000, 0.000000000000000000, 1.000000000000000000 ) ) ;
#138 = DIRECTION ( 'NONE',  ( -0.000000000000000000, -0.000000000000000000, 1.000000000000000000 ) ) ;
#139 = UNCERTAINTY_MEASURE_WITH_UNIT (LENGTH_MEASURE( 1.000000000000000082E-05 ), #7521, 'distance_accuracy_value', 'NONE');
#140 = CARTESIAN_POINT ( 'NONE',  ( 45.39755601137789398, -25.67721764505392912, -1.000000000000000000 ) ) ;
#141 = VECTOR ( 'NONE', #5656, 1000.000000000000000 ) ;
#142 = DIRECTION ( 'NONE',  ( 4.891920202254595020E-16, 1.000000000000000000, 1.380205382051887209E-16 ) ) ;
#143 = LINE ( 'NONE', #6088, #3630 ) ;
#144 = EDGE_LOOP ( 'NONE', ( #3590, #4969, #5457, #756, #4777, #5165, #3477, #938 ) ) ;
#145 = CARTESIAN_POINT ( 'NONE',  ( 20.94240738008743108, -36.88035887737682827, 1.000000000000000000 ) ) ;
#146 = AXIS2_PLACEMENT_3D ( 'NONE', #3596, #1775, #4152 ) ;
#147 = EDGE_CURVE ( 'NONE', #3202, #7739, #3227, .T. ) ;
#148 = CARTESIAN_POINT ( 'NONE',  ( 44.27741491030285914, 18.24374527427767134, -13.50000000000000355 ) ) ;
#149 = LINE ( 'NONE', #6870, #2343 ) ;
#150 = ORIENTED_EDGE ( 'NONE', *, *, #5065, .T. ) ;
#151 = LINE ( 'NONE', #2551, #4579 ) ;
#152 = DIRECTION ( 'NONE',  ( 8.042586066086100112E-17, 3.070295484789979924E-17, 1.000000000000000000 ) ) ;
#153 = DIRECTION ( 'NONE',  ( -0.000000000000000000, 1.000000000000000000, 0.000000000000000000 ) ) ;
#154 = DIRECTION ( 'NONE',  ( 0.000000000000000000, 0.000000000000000000, 1.000000000000000000 ) ) ;
#155 = EDGE_LOOP ( 'NONE', ( #4788, #2300, #1583, #71 ) ) ;
#156 = AXIS2_PLACEMENT_3D ( 'NONE', #112, #6163, #1256 ) ;
#157 = CARTESIAN_POINT ( 'NONE',  ( -1.609655412721121781, -41.11841504291472660, -13.43649167310370629 ) ) ;
#158 = DIRECTION ( 'NONE',  ( 0.000000000000000000, 0.000000000000000000, -1.000000000000000000 ) ) ;
#159 = DIRECTION ( 'NONE',  ( -1.000000000000000000, -0.000000000000000000, -0.000000000000000000 ) ) ;
#160 = VECTOR ( 'NONE', #5269, 1000.000000000000000 ) ;
#161 = LINE ( 'NONE', #7324, #5872 ) ;
#162 = ORIENTED_EDGE ( 'NONE', *, *, #3382, .F. ) ;
#163 = EDGE_CURVE ( 'NONE', #1680, #2527, #6764, .T. ) ;
#164 = ORIENTED_EDGE ( 'NONE', *, *, #4358, .T. ) ;
#165 = VERTEX_POINT ( 'NONE', #6219 ) ;
#166 = DIRECTION ( 'NONE',  ( 0.000000000000000000, 0.000000000000000000, 1.000000000000000000 ) ) ;
#167 = EDGE_CURVE ( 'NONE', #2722, #5442, #6183, .T. ) ;
#168 = CARTESIAN_POINT ( 'NONE',  ( 7.530183409569651154, -36.10259937053271528, 1.000000000000000222 ) ) ;
#169 = DIRECTION ( 'NONE',  ( 1.000000000000000000, 0.000000000000000000, 0.000000000000000000 ) ) ;
#170 = ORIENTED_EDGE ( 'NONE', *, *, #422, .F. ) ;
#171 = EDGE_CURVE ( 'NONE', #6384, #6511, #4480, .T. ) ;
#172 = VERTEX_POINT ( 'NONE', #4989 ) ;
#173 = CARTESIAN_POINT ( 'NONE',  ( 22.47788014111349852, -37.07646964051634342, 0.5000000000000000000 ) ) ;
#174 = DIRECTION ( 'NONE',  ( -1.453169479452032859E-16, 0.000000000000000000, -1.000000000000000000 ) ) ;
#175 = DIRECTION ( 'NONE',  ( -0.000000000000000000, -1.000000000000000000, -0.000000000000000000 ) ) ;
#176 = ORIENTED_EDGE ( 'NONE', *, *, #1128, .T. ) ;
#177 = PLANE ( 'NONE',  #1594 ) ;
#178 = CARTESIAN_POINT ( 'NONE',  ( 43.98256164536418567, 18.74374527427766779, -11.50000000000000000 ) ) ;
#179 = PLANE ( 'NONE',  #5657 ) ;
#180 = VERTEX_POINT ( 'NONE', #7482 ) ;
#181 = VERTEX_POINT ( 'NONE', #2091 ) ;
#182 = CARTESIAN_POINT ( 'NONE',  ( 12.06133605906837403, -24.76759449452900341, -9.047210079157837370 ) ) ;
#183 = EDGE_CURVE ( 'NONE', #5892, #3112, #7405, .T. ) ;
#184 = DIRECTION ( 'NONE',  ( 1.000000000000000000, -1.668303327435289349E-16, 0.000000000000000000 ) ) ;
#185 = DIRECTION ( 'NONE',  ( 6.938893903907228378E-15, -1.000000000000000000, -7.523163845262640051E-31 ) ) ;
#186 = ORIENTED_EDGE ( 'NONE', *, *, #4061, .F. ) ;
#187 = CARTESIAN_POINT ( 'NONE',  ( 9.664221661534508456, -28.06375410303487428, 1.000000000000000000 ) ) ;
#188 = DIRECTION ( 'NONE',  ( 0.000000000000000000, 0.000000000000000000, -1.000000000000000000 ) ) ;
#189 = CARTESIAN_POINT ( 'NONE',  ( 46.08259321813340392, 14.42020381552566732, -5.000000000000000000 ) ) ;
#190 = EDGE_CURVE ( 'NONE', #5558, #4214, #6806, .T. ) ;
#191 = ORIENTED_EDGE ( 'NONE', *, *, #2710, .F. ) ;
#192 = EDGE_CURVE ( 'NONE', #7313, #15, #842, .T. ) ;
#193 = CARTESIAN_POINT ( 'NONE',  ( 19.57749482858070067, -28.35047144309284306, 0.9999999999999997780 ) ) ;
#194 = VERTEX_POINT ( 'NONE', #4437 ) ;
#195 = CIRCLE ( 'NONE', #1202, 3.000000000000000000 ) ;
#196 = CARTESIAN_POINT ( 'NONE',  ( 42.50367785261521192, -0.9338809330280339882, -1.000000000000000000 ) ) ;
#197 = CARTESIAN_POINT ( 'NONE',  ( -1.609655412721123557, -41.61841504291468397, -11.50000000000000000 ) ) ;
#198 = CARTESIAN_POINT ( 'NONE',  ( 2.390344587278904420, 22.74374527427766068, -13.42912948050400956 ) ) ;
#199 = VECTOR ( 'NONE', #1483, 1000.000000000000000 ) ;
#200 = LINE ( 'NONE', #3261, #6738 ) ;
#201 = VERTEX_POINT ( 'NONE', #1074 ) ;
#202 = ORIENTED_EDGE ( 'NONE', *, *, #5078, .F. ) ;
#203 = CARTESIAN_POINT ( 'NONE',  ( 48.22446011612342431, -40.97692647319937720, -6.663148035801221170 ) ) ;
#204 = DIRECTION ( 'NONE',  ( -1.000000000000000000, -1.873501354054951908E-16, 8.042586066086101344E-17 ) ) ;
#205 = MECHANICAL_DESIGN_GEOMETRIC_PRESENTATION_REPRESENTATION (  '', ( #7625 ), #3465 ) ;
#206 = CARTESIAN_POINT ( 'NONE',  ( 23.66973535178347632, -29.79399318866475355, 0.5000000000000000000 ) ) ;
#207 = CARTESIAN_POINT ( 'NONE',  ( 37.24050430185577198, -40.97692647319939141, -6.201502112509220233 ) ) ;
#208 = AXIS2_PLACEMENT_3D ( 'NONE', #6457, #6388, #4598 ) ;
#209 = ORIENTED_EDGE ( 'NONE', *, *, #7438, .T. ) ;
#210 = AXIS2_PLACEMENT_3D ( 'NONE', #5531, #6715, #4307 ) ;
#211 = EDGE_LOOP ( 'NONE', ( #682, #3136, #6865, #3881 ) ) ;
#212 = FACE_OUTER_BOUND ( 'NONE', #3532, .T. ) ;
#213 = CARTESIAN_POINT ( 'NONE',  ( 14.23234796407455960, -31.66428119024676491, 0.9999999999999997780 ) ) ;
#214 = VECTOR ( 'NONE', #1660, 1000.000000000000000 ) ;
#215 = CARTESIAN_POINT ( 'NONE',  ( 16.50447697605237352, -31.37263953955446993, 1.000000000000000000 ) ) ;
#216 = EDGE_CURVE ( 'NONE', #354, #5558, #1826, .T. ) ;
#217 = DIRECTION ( 'NONE',  ( -0.000000000000000000, -1.000000000000000000, -0.000000000000000000 ) ) ;
#218 = CARTESIAN_POINT ( 'NONE',  ( 36.03106969813007510, 15.31055444116484487, -1.000000000000000000 ) ) ;
#219 = EDGE_CURVE ( 'NONE', #3373, #201, #3419, .T. ) ;
#220 = VECTOR ( 'NONE', #7379, 1000.000000000000000 ) ;
#221 = CARTESIAN_POINT ( 'NONE',  ( 0.3833753064990635395, 22.21378578945341431, -13.37796794134347245 ) ) ;
#222 = VERTEX_POINT ( 'NONE', #2253 ) ;
#223 = ORIENTED_EDGE ( 'NONE', *, *, #1246, .T. ) ;
#224 = DIRECTION ( 'NONE',  ( 0.000000000000000000, 0.000000000000000000, 1.000000000000000000 ) ) ;
#225 = CARTESIAN_POINT ( 'NONE',  ( 6.877690233326705815, -34.97445060032143971, 0.5000000000000000000 ) ) ;
#226 = EDGE_CURVE ( 'NONE', #4892, #390, #6403, .T. ) ;
#227 = DIRECTION ( 'NONE',  ( 0.000000000000000000, 0.000000000000000000, 1.000000000000000000 ) ) ;
#228 = VERTEX_POINT ( 'NONE', #4048 ) ;
#229 = CARTESIAN_POINT ( 'NONE',  ( 8.153160923153100370, -29.17028520412001669, 0.5000000000000000000 ) ) ;
#230 = CARTESIAN_POINT ( 'NONE',  ( 42.50367785261521192, -0.9338809330280348764, -2.000000000000012879 ) ) ;
#231 = CARTESIAN_POINT ( 'NONE',  ( 37.72555838147485474, -8.763023730668720646, -2.000000000000014655 ) ) ;
#232 = ORIENTED_EDGE ( 'NONE', *, *, #3574, .F. ) ;
#233 = VECTOR ( 'NONE', #6972, 1000.000000000000000 ) ;
#234 = DIRECTION ( 'NONE',  ( 1.000000000000000000, 0.000000000000000000, 0.000000000000000000 ) ) ;
#235 = ORIENTED_EDGE ( 'NONE', *, *, #4246, .F. ) ;
#236 = CARTESIAN_POINT ( 'NONE',  ( 23.57710329400326188, -36.64654513669469083, 0.5000000000000000000 ) ) ;
#237 = DIRECTION ( 'NONE',  ( 0.000000000000000000, 0.000000000000000000, -1.000000000000000000 ) ) ;
#238 = CARTESIAN_POINT ( 'NONE',  ( 50.29444156650455255, 13.33447814960964095, -5.285192739890222313 ) ) ;
#239 = DIRECTION ( 'NONE',  ( -1.000000000000000000, 0.000000000000000000, 0.000000000000000000 ) ) ;
#240 = CARTESIAN_POINT ( 'NONE',  ( 7.323732930487381054, -40.56364722183403160, -13.26766223891080720 ) ) ;
#241 = DIRECTION ( 'NONE',  ( -1.000000000000000000, 2.168404344971006649E-16, 0.000000000000000000 ) ) ;
#242 = ORIENTED_EDGE ( 'NONE', *, *, #7392, .T. ) ;
#243 = DIRECTION ( 'NONE',  ( 1.000000000000000000, 0.000000000000000000, 0.000000000000000000 ) ) ;
#244 = LINE ( 'NONE', #3728, #7632 ) ;
#245 = EDGE_CURVE ( 'NONE', #7693, #4953, #442, .T. ) ;
#246 = DIRECTION ( 'NONE',  ( 0.000000000000000000, -1.000000000000000000, 3.070295484789979924E-17 ) ) ;
#247 = DIRECTION ( 'NONE',  ( -1.453169479452033105E-16, -0.000000000000000000, -1.000000000000000000 ) ) ;
#248 = VECTOR ( 'NONE', #5497, 1000.000000000000000 ) ;
#249 = ORIENTED_EDGE ( 'NONE', *, *, #1088, .T. ) ;
#250 = EDGE_LOOP ( 'NONE', ( #5769, #529, #1376, #606 ) ) ;
#251 = DIRECTION ( 'NONE',  ( -1.000000000000000000, 0.000000000000000000, 0.000000000000000000 ) ) ;
#252 = CARTESIAN_POINT ( 'NONE',  ( 5.443766477962406647, -45.61841504291471239, -13.10673592903544638 ) ) ;
#253 = CARTESIAN_POINT ( 'NONE',  ( -1.609655412721123557, -23.25500368935628970, -6.001502062183216246 ) ) ;
#254 = EDGE_LOOP ( 'NONE', ( #981, #1000 ) ) ;
#255 = LINE ( 'NONE', #5483, #3700 ) ;
#256 = TOROIDAL_SURFACE ( 'NONE', #4646, 4.750000000000005329, 0.2500000000000000000 ) ;
#257 = LINE ( 'NONE', #5596, #3091 ) ;
#258 = CIRCLE ( 'NONE', #6295, 4.999999999999997335 ) ;
#259 = CARTESIAN_POINT ( 'NONE',  ( 46.08259321813340392, -10.37268082840335559, -5.000000000000000000 ) ) ;
#260 = ORIENTED_EDGE ( 'NONE', *, *, #2042, .F. ) ;
#261 = CARTESIAN_POINT ( 'NONE',  ( 5.762300785538889691, -31.24954478115671819, 1.000000000000066613 ) ) ;
#262 = DIRECTION ( 'NONE',  ( -1.000000000000000000, 0.000000000000000000, 0.000000000000000000 ) ) ;
#263 = ORIENTED_EDGE ( 'NONE', *, *, #167, .T. ) ;
#264 = AXIS2_PLACEMENT_3D ( 'NONE', #2322, #4186, #4076 ) ;
#265 = EDGE_CURVE ( 'NONE', #990, #4953, #1249, .T. ) ;
#266 = CARTESIAN_POINT ( 'NONE',  ( 7.641505723060317834, -29.45492736083515695, 1.000000000000000000 ) ) ;
#267 = CARTESIAN_POINT ( 'NONE',  ( 47.98256164536418567, 16.99293638262966510, -6.663148035801223834 ) ) ;
#268 = CARTESIAN_POINT ( 'NONE',  ( 50.43882914757952562, -28.38459728854136799, -5.285192739890203661 ) ) ;
#269 = ORIENTED_EDGE ( 'NONE', *, *, #3903, .F. ) ;
#270 = VECTOR ( 'NONE', #1397, 1000.000000000000000 ) ;
#271 = CARTESIAN_POINT ( 'NONE',  ( 24.26115689506482553, -36.70577975166873586, 1.000000000000000222 ) ) ;
#272 = VERTEX_POINT ( 'NONE', #402 ) ;
#273 = PLANE ( 'NONE',  #6171 ) ;
#274 = CARTESIAN_POINT ( 'NONE',  ( 19.48134514490509162, -28.92813211698469900, 1.000000000000000000 ) ) ;
#275 = CARTESIAN_POINT ( 'NONE',  ( 35.06211638159034294, 15.31055444116484487, -2.000000000000010658 ) ) ;
#276 = EDGE_CURVE ( 'NONE', #4242, #1118, #2835, .T. ) ;
#277 = CARTESIAN_POINT ( 'NONE',  ( 39.86812483162726295, 1.876083684937086327, -2.000000000000012879 ) ) ;
#278 = CARTESIAN_POINT ( 'NONE',  ( 17.94647023078830728, -29.76237694171278036, 0.5000000000000000000 ) ) ;
#279 = DIRECTION ( 'NONE',  ( 1.000000000000000000, -0.000000000000000000, -1.453169479452032859E-16 ) ) ;
#280 = ORIENTED_EDGE ( 'NONE', *, *, #5346, .T. ) ;
#281 = CARTESIAN_POINT ( 'NONE',  ( 45.87309483438121305, 11.33447814960963917, -5.285192739890222313 ) ) ;
#282 = CARTESIAN_POINT ( 'NONE',  ( 2.890344587278919519, 22.24374527427766424, -11.50000000000000000 ) ) ;
#283 = EDGE_CURVE ( 'NONE', #1054, #1014, #503, .T. ) ;
#284 = VECTOR ( 'NONE', #3944, 1000.000000000000000 ) ;
#285 = CARTESIAN_POINT ( 'NONE',  ( 20.79935739506844072, -27.40059932053939917, -4.663148035801219393 ) ) ;
#286 = DIRECTION ( 'NONE',  ( 0.000000000000000000, 1.000000000000000000, -3.070295484789979924E-17 ) ) ;
#287 = ORIENTED_EDGE ( 'NONE', *, *, #4125, .F. ) ;
#288 = ADVANCED_FACE ( 'NONE', ( #4634 ), #1672, .F. ) ;
#289 = VERTEX_POINT ( 'NONE', #6456 ) ;
#290 = CARTESIAN_POINT ( 'NONE',  ( 18.21037354098383432, -29.58873389503889584, -1.000000000000000000 ) ) ;
#291 = ADVANCED_FACE ( 'NONE', ( #4556 ), #998, .F. ) ;
#292 = CARTESIAN_POINT ( 'NONE',  ( 34.25612515595094720, -43.29767075805705900, -1.201502112509223341 ) ) ;
#293 = CARTESIAN_POINT ( 'NONE',  ( 17.91311166293563062, -29.18278185986495288, 1.000000000000000000 ) ) ;
#294 = CARTESIAN_POINT ( 'NONE',  ( 9.383239641340672677, -36.58272043159517750, 0.5000000000000000000 ) ) ;
#295 = LINE ( 'NONE', #3199, #6008 ) ;
#296 = VERTEX_POINT ( 'NONE', #3380 ) ;
#297 = LINE ( 'NONE', #6948, #7298 ) ;
#298 = ORIENTED_EDGE ( 'NONE', *, *, #7623, .F. ) ;
#299 = VERTEX_POINT ( 'NONE', #2800 ) ;
#300 = FACE_OUTER_BOUND ( 'NONE', #1042, .T. ) ;
#301 = CARTESIAN_POINT ( 'NONE',  ( 5.088140431190685042, -33.01912333557579160, 1.000000000000000000 ) ) ;
#302 = CARTESIAN_POINT ( 'NONE',  ( 15.82330270219258317, -32.55915567611091177, 1.000000000000000000 ) ) ;
#303 = ORIENTED_EDGE ( 'NONE', *, *, #6582, .F. ) ;
#304 = DIRECTION ( 'NONE',  ( -1.000000000000000000, 2.469311568473896000E-33, 8.042586066086100112E-17 ) ) ;
#305 = ADVANCED_FACE ( 'NONE', ( #5193 ), #3882, .F. ) ;
#306 = LINE ( 'NONE', #267, #4217 ) ;
#307 = CARTESIAN_POINT ( 'NONE',  ( 47.98256164536418567, 12.65288649460165438, -11.50000000000000000 ) ) ;
#308 = ORIENTED_EDGE ( 'NONE', *, *, #167, .F. ) ;
#309 = CARTESIAN_POINT ( 'NONE',  ( 25.16813371490056639, -34.42702132016454186, 1.000000000000000000 ) ) ;
#310 = VERTEX_POINT ( 'NONE', #3620 ) ;
#311 = LINE ( 'NONE', #5737, #2030 ) ;
#312 = CARTESIAN_POINT ( 'NONE',  ( 0.000000000000000000, 0.000000000000000000, 0.000000000000000000 ) ) ;
#313 = PLANE ( 'NONE',  #1022 ) ;
#314 = CARTESIAN_POINT ( 'NONE',  ( 37.02555838147497980, 11.63520089990043083, -1.000000000000000000 ) ) ;
#315 = EDGE_CURVE ( 'NONE', #507, #7318, #6151, .T. ) ;
#316 = CARTESIAN_POINT ( 'NONE',  ( 5.925558381474854031, 4.686048302902208640, -9.451567670042738456 ) ) ;
#317 = VECTOR ( 'NONE', #7208, 1000.000000000000000 ) ;
#318 = FACE_OUTER_BOUND ( 'NONE', #6361, .T. ) ;
#319 = ORIENTED_EDGE ( 'NONE', *, *, #637, .F. ) ;
#320 = EDGE_CURVE ( 'NONE', #2047, #6439, #1511, .T. ) ;
#321 = FACE_OUTER_BOUND ( 'NONE', #2200, .T. ) ;
#322 = CARTESIAN_POINT ( 'NONE',  ( 23.71002223638824802, -36.54734138080904415, 1.000000000000000000 ) ) ;
#323 = AXIS2_PLACEMENT_3D ( 'NONE', #62, #549, #1843 ) ;
#324 = CARTESIAN_POINT ( 'NONE',  ( 24.12037844102774997, -36.09207547688636453, 0.5000000000000000000 ) ) ;
#325 = EDGE_CURVE ( 'NONE', #4089, #4977, #7294, .T. ) ;
#326 = CARTESIAN_POINT ( 'NONE',  ( 22.19052772599778933, -28.58708986518307782, 0.5000000000000000000 ) ) ;
#327 = ORIENTED_EDGE ( 'NONE', *, *, #4679, .T. ) ;
#328 = ORIENTED_EDGE ( 'NONE', *, *, #5417, .F. ) ;
#329 = CIRCLE ( 'NONE', #6227, 1.549999999999922995 ) ;
#330 = CARTESIAN_POINT ( 'NONE',  ( 20.87442686535597858, -36.87332770495793710, -1.000000000000000000 ) ) ;
#331 = DIRECTION ( 'NONE',  ( -0.000000000000000000, -0.000000000000000000, 1.000000000000000000 ) ) ;
#332 = DIRECTION ( 'NONE',  ( 0.000000000000000000, 0.000000000000000000, -1.000000000000000000 ) ) ;
#333 = AXIS2_PLACEMENT_3D ( 'NONE', #4798, #6655, #4724 ) ;
#334 = AXIS2_PLACEMENT_3D ( 'NONE', #4841, #696, #3080 ) ;
#335 = ADVANCED_FACE ( 'NONE', ( #3124, #7774, #3584, #2419, #658, #7219, #1835, #3158, #5513, #2380, #3046, #5437 ), #2534, .T. ) ;
#336 = DIRECTION ( 'NONE',  ( 1.000000000000000000, 0.000000000000000000, 0.000000000000000000 ) ) ;
#337 = CARTESIAN_POINT ( 'NONE',  ( 48.00806037650425395, -8.626537619883473340, -11.50000000000000000 ) ) ;
#338 = ORIENTED_EDGE ( 'NONE', *, *, #5506, .F. ) ;
#339 = ORIENTED_EDGE ( 'NONE', *, *, #276, .T. ) ;
#340 = CARTESIAN_POINT ( 'NONE',  ( -0.7923174723355893567, 21.18073637515639263, -13.37233378202382283 ) ) ;
#341 = ORIENTED_EDGE ( 'NONE', *, *, #5841, .T. ) ;
#342 = VECTOR ( 'NONE', #7046, 1000.000000000000000 ) ;
#343 = FACE_OUTER_BOUND ( 'NONE', #7404, .T. ) ;
#344 = CARTESIAN_POINT ( 'NONE',  ( 5.528291730557187478, -32.51978090364795548, 1.000000000000000000 ) ) ;
#345 = ORIENTED_EDGE ( 'NONE', *, *, #2913, .F. ) ;
#346 = EDGE_CURVE ( 'NONE', #6895, #5563, #7257, .T. ) ;
#347 = CARTESIAN_POINT ( 'NONE',  ( 50.43190725012332365, -26.38459728854136799, -5.285192739890203661 ) ) ;
#348 = PLANE ( 'NONE',  #4721 ) ;
#349 = VECTOR ( 'NONE', #2353, 1000.000000000000000 ) ;
#350 = DIRECTION ( 'NONE',  ( -1.000000000000000000, 0.000000000000000000, 0.000000000000000000 ) ) ;
#351 = ORIENTED_EDGE ( 'NONE', *, *, #809, .T. ) ;
#352 = ORIENTED_EDGE ( 'NONE', *, *, #4160, .F. ) ;
#353 = CARTESIAN_POINT ( 'NONE',  ( 24.17487173085609697, -29.68092638742686518, 0.9999999999999995559 ) ) ;
#354 = VERTEX_POINT ( 'NONE', #6300 ) ;
#355 = CARTESIAN_POINT ( 'NONE',  ( 8.608240758198650866, -27.06847516654442032, -1.000000000000000000 ) ) ;
#356 = LINE ( 'NONE', #3958, #7133 ) ;
#357 = CARTESIAN_POINT ( 'NONE',  ( 16.39124248051541244, -33.10620527319663609, -1.000000000000000000 ) ) ;
#358 = CARTESIAN_POINT ( 'NONE',  ( 12.91598784102042785, -36.54751263480843448, 0.5000000000000000000 ) ) ;
#359 = CARTESIAN_POINT ( 'NONE',  ( 16.74110846644646955, -30.89020612220603823, 0.5000000000000000000 ) ) ;
#360 = DIRECTION ( 'NONE',  ( 1.000000000000000000, 0.000000000000000000, 0.000000000000000000 ) ) ;
#361 = EDGE_LOOP ( 'NONE', ( #77, #5352, #7606, #3725 ) ) ;
#362 = DIRECTION ( 'NONE',  ( 0.000000000000000000, 0.000000000000000000, -1.000000000000000000 ) ) ;
#363 = CARTESIAN_POINT ( 'NONE',  ( 23.96623943860952366, -36.27770282467306373, 0.5000000000000000000 ) ) ;
#364 = EDGE_CURVE ( 'NONE', #1058, #3225, #7568, .T. ) ;
#365 = AXIS2_PLACEMENT_3D ( 'NONE', #3803, #3186, #1973 ) ;
#366 = LINE ( 'NONE', #2761, #4418 ) ;
#367 = EDGE_CURVE ( 'NONE', #5177, #4035, #6646, .T. ) ;
#368 = CARTESIAN_POINT ( 'NONE',  ( 9.833540866019065518, -43.29767075805705900, -1.201502112509220010 ) ) ;
#369 = ORIENTED_EDGE ( 'NONE', *, *, #6225, .T. ) ;
#370 = ORIENTED_EDGE ( 'NONE', *, *, #5276, .T. ) ;
#371 = DIRECTION ( 'NONE',  ( 0.000000000000000000, 0.000000000000000000, 1.000000000000000000 ) ) ;
#372 = CARTESIAN_POINT ( 'NONE',  ( 13.28455368957510885, -36.14401109890723518, 0.4999999999999998890 ) ) ;
#373 =( BOUNDED_SURFACE ( )  B_SPLINE_SURFACE ( 3, 2, ( 
 ( #5871, #5109, #4006 ),
 ( #6931, #3420, #2878 ),
 ( #4557, #322, #5267 ),
 ( #2719, #3925, #2214 ),
 ( #3381, #2801, #363 ),
 ( #7091, #7690, #7530 ),
 ( #5832, #5749, #443 ),
 ( #2292, #923, #3306 ),
 ( #2132, #4676, #4517 ),
 ( #6341, #3884, #6303 ),
 ( #2759, #5147, #7571 ),
 ( #2175, #6973, #1636 ),
 ( #3967, #403, #6421 ),
 ( #2836, #4826, #7 ),
 ( #1710, #7722, #4123 ),
 ( #7241, #7206, #2404 ),
 ( #4236, #45, #7128 ),
 ( #6604, #6065, #1858 ),
 ( #4163, #1150, #5420 ),
 ( #2919, #1820, #6644 ),
 ( #1264, #1749, #6534 ),
 ( #5950, #1188, #3645 ),
 ( #1224, #563, #5308 ),
 ( #6569, #4867, #4789 ),
 ( #683, #3606, #3069 ),
 ( #3031, #5458, #3496 ),
 ( #3533, #6027, #2442 ),
 ( #602, #2482, #78 ),
 ( #5380, #4197, #2952 ),
 ( #1113, #5344, #4085 ),
 ( #523, #641, #7758 ),
 ( #2368, #5911, #6497 ),
 ( #2331, #4748, #4711 ),
 ( #7165, #1785, #3567 ),
 ( #5986, #2992, #1965 ),
 ( #6257, #6718, #3219 ),
 ( #758, #3105, #4429 ),
 ( #6837, #3757, #797 ),
 ( #4941, #1420, #1340 ),
 ( #2632, #6797, #1458 ),
 ( #1927, #7398, #1379 ),
 ( #4310, #3798, #5617 ),
 ( #6174, #274, #836 ),
 ( #3179, #2005, #6138 ),
 ( #6684, #3143, #3838 ),
 ( #6098, #6213, #4904 ) ),
 .UNSPECIFIED., .F., .F., .F. ) 
 B_SPLINE_SURFACE_WITH_KNOTS ( ( 4, 2, 2, 2, 2, 2, 2, 2, 2, 2, 2, 2, 2, 2, 2, 2, 2, 2, 2, 2, 2, 2, 4 ),
 ( 3, 3 ),
 ( 0.000000000000000000, 0.0004643776289125254404, 0.0009287552578250508808, 0.001393132886737576213, 0.001857510515650101762, 0.002321888144562626877, 0.002786265773475152425, 0.003715021031300203523, 0.004643776289125253753, 0.005572531546950304851, 0.006501286804775355949, 0.007430042062600407046, 0.008358797320425458144, 0.009287552578250507507, 0.009751930207163032188, 0.01021630783607555860, 0.01068068546498808502, 0.01114506309390060970, 0.01160944072281313438, 0.01207381835172566080, 0.01300257360955071190, 0.01393132886737576299, 0.01486008412520081409 ),
 ( 0.000000000000000000, 1.000000000000000000 ),
 .UNSPECIFIED. ) 
 GEOMETRIC_REPRESENTATION_ITEM ( )  RATIONAL_B_SPLINE_SURFACE ( (
 ( 1.000000000000000000, 0.7071067811865475727, 1.000000000000000000),
 ( 1.000000000000000000, 0.7071067811865475727, 1.000000000000000000),
 ( 1.000000000000000000, 0.7071067811865475727, 1.000000000000000000),
 ( 1.000000000000000000, 0.7071067811865475727, 1.000000000000000000),
 ( 1.000000000000000000, 0.7071067811865475727, 1.000000000000000000),
 ( 1.000000000000000000, 0.7071067811865475727, 1.000000000000000000),
 ( 1.000000000000000000, 0.7071067811865475727, 1.000000000000000000),
 ( 1.000000000000000000, 0.7071067811865475727, 1.000000000000000000),
 ( 1.000000000000000000, 0.7071067811865475727, 1.000000000000000000),
 ( 1.000000000000000000, 0.7071067811865475727, 1.000000000000000000),
 ( 1.000000000000000000, 0.7071067811865475727, 1.000000000000000000),
 ( 1.000000000000000000, 0.7071067811865475727, 1.000000000000000000),
 ( 1.000000000000000000, 0.7071067811865475727, 1.000000000000000000),
 ( 1.000000000000000000, 0.7071067811865475727, 1.000000000000000000),
 ( 1.000000000000000000, 0.7071067811865475727, 1.000000000000000000),
 ( 1.000000000000000000, 0.7071067811865475727, 1.000000000000000000),
 ( 1.000000000000000000, 0.7071067811865475727, 1.000000000000000000),
 ( 1.000000000000000000, 0.7071067811865475727, 1.000000000000000000),
 ( 1.000000000000000000, 0.7071067811865475727, 1.000000000000000000),
 ( 1.000000000000000000, 0.7071067811865475727, 1.000000000000000000),
 ( 1.000000000000000000, 0.7071067811865466846, 1.000000000000000000),
 ( 1.000000000000000000, 0.7071067811865466846, 1.000000000000000000),
 ( 1.000000000000000000, 0.7071067811865496822, 1.000000000000000000),
 ( 1.000000000000000000, 0.7071067811865496822, 1.000000000000000000),
 ( 1.000000000000000000, 0.7071067811865475727, 1.000000000000000000),
 ( 1.000000000000000000, 0.7071067811865475727, 1.000000000000000000),
 ( 1.000000000000000000, 0.7071067811865473507, 1.000000000000000000),
 ( 1.000000000000000000, 0.7071067811865473507, 1.000000000000000000),
 ( 1.000000000000000000, 0.7071067811865475727, 1.000000000000000000),
 ( 1.000000000000000000, 0.7071067811865475727, 1.000000000000000000),
 ( 1.000000000000000000, 0.7071067811865475727, 1.000000000000000000),
 ( 1.000000000000000000, 0.7071067811865475727, 1.000000000000000000),
 ( 1.000000000000000000, 0.7071067811865467956, 1.000000000000000000),
 ( 1.000000000000000000, 0.7071067811865467956, 1.000000000000000000),
 ( 1.000000000000000000, 0.7071067811865451302, 1.000000000000000000),
 ( 1.000000000000000000, 0.7071067811865451302, 1.000000000000000000),
 ( 1.000000000000000000, 0.7071067811865476838, 1.000000000000000000),
 ( 1.000000000000000000, 0.7071067811865476838, 1.000000000000000000),
 ( 1.000000000000000000, 0.7071067811865451302, 1.000000000000000000),
 ( 1.000000000000000000, 0.7071067811865451302, 1.000000000000000000),
 ( 1.000000000000000000, 0.7071067811865475727, 1.000000000000000000),
 ( 1.000000000000000000, 0.7071067811865475727, 1.000000000000000000),
 ( 1.000000000000000000, 0.7071067811865475727, 1.000000000000000000),
 ( 1.000000000000000000, 0.7071067811865475727, 1.000000000000000000),
 ( 1.000000000000000000, 0.7071067811865475727, 1.000000000000000000),
 ( 1.000000000000000000, 0.7071067811865475727, 1.000000000000000000) ) ) 
 REPRESENTATION_ITEM ( '' )  SURFACE ( )  );
#374 = LINE ( 'NONE', #8, #3408 ) ;
#375 = CARTESIAN_POINT ( 'NONE',  ( 16.34162120825504516, -34.17063574459697861, 1.000000000000000000 ) ) ;
#376 = CARTESIAN_POINT ( 'NONE',  ( 9.383239641340672677, -36.58272043159517750, -1.000000000000000000 ) ) ;
#377 = CARTESIAN_POINT ( 'NONE',  ( 48.22735356466326806, -41.61841504291469107, -13.50000000000000178 ) ) ;
#378 = ORIENTED_EDGE ( 'NONE', *, *, #2286, .F. ) ;
#379 = AXIS2_PLACEMENT_3D ( 'NONE', #4193, #6602, #2328 ) ;
#380 = CARTESIAN_POINT ( 'NONE',  ( 18.41410195745270784, -29.46747365367343718, -1.000000000000000000 ) ) ;
#381 = ORIENTED_EDGE ( 'NONE', *, *, #1674, .T. ) ;
#382 = EDGE_LOOP ( 'NONE', ( #6932, #6867, #2160, #2243 ) ) ;
#383 = CARTESIAN_POINT ( 'NONE',  ( 46.08259321813340392, -10.37268082840335559, -5.000000000000000000 ) ) ;
#384 = CARTESIAN_POINT ( 'NONE',  ( 5.244687937064532512, -31.18947443798597519, 1.000000000000000000 ) ) ;
#385 = ORIENTED_EDGE ( 'NONE', *, *, #422, .T. ) ;
#386 = FACE_OUTER_BOUND ( 'NONE', #4754, .T. ) ;
#387 = AXIS2_PLACEMENT_3D ( 'NONE', #197, #2443, #7321 ) ;
#388 = CARTESIAN_POINT ( 'NONE',  ( 6.861475840367660339, -29.35468866375148522, 0.9999999999999997780 ) ) ;
#389 = CARTESIAN_POINT ( 'NONE',  ( 44.22735356466323964, -45.61841504291471949, -6.663148035801221170 ) ) ;
#390 = VERTEX_POINT ( 'NONE', #957 ) ;
#391 = CARTESIAN_POINT ( 'NONE',  ( 24.03887402001076978, -36.92550904984913274, 1.000000000000000222 ) ) ;
#392 = EDGE_CURVE ( 'NONE', #5685, #3861, #6970, .T. ) ;
#393 = EDGE_LOOP ( 'NONE', ( #7371, #1597, #2444, #6199 ) ) ;
#394 = DIRECTION ( 'NONE',  ( 1.000000000000000000, 0.000000000000000000, 0.000000000000000000 ) ) ;
#395 = AXIS2_PLACEMENT_3D ( 'NONE', #2617, #6905, #6317 ) ;
#396 = CARTESIAN_POINT ( 'NONE',  ( 44.21615726698036042, -31.38865712849714384, -13.26766223891080720 ) ) ;
#397 = CARTESIAN_POINT ( 'NONE',  ( 12.82428551946816420, -36.62118549699547287, 1.000000000000069944 ) ) ;
#398 = CARTESIAN_POINT ( 'NONE',  ( -3.609655412721123557, -16.81500368935729028, -9.761502062182218609 ) ) ;
#399 = AXIS2_PLACEMENT_3D ( 'NONE', #572, #2204, #5824 ) ;
#400 = CARTESIAN_POINT ( 'NONE',  ( 9.625558381474982994, -15.76479910009957131, 0.000000000000000000 ) ) ;
#401 = VERTEX_POINT ( 'NONE', #6383 ) ;
#402 = CARTESIAN_POINT ( 'NONE',  ( 44.27741491030282361, 24.24374527427767489, -2.000000000000000000 ) ) ;
#403 = CARTESIAN_POINT ( 'NONE',  ( 24.58969052163896762, -34.77609558657491107, 1.000000000000000000 ) ) ;
#404 = VECTOR ( 'NONE', #3020, 1000.000000000000000 ) ;
#405 = CARTESIAN_POINT ( 'NONE',  ( 37.72555838147485474, -0.9338809330280348764, -2.000000000000012879 ) ) ;
#406 = CARTESIAN_POINT ( 'NONE',  ( 48.27739095418588278, 18.25758898627912075, -13.50000000000000355 ) ) ;
#407 = EDGE_CURVE ( 'NONE', #4558, #2937, #5623, .T. ) ;
#408 = ORIENTED_EDGE ( 'NONE', *, *, #2776, .F. ) ;
#409 = VERTEX_POINT ( 'NONE', #2128 ) ;
#410 = PLANE ( 'NONE',  #1401 ) ;
#411 = DIRECTION ( 'NONE',  ( 0.000000000000000000, 0.000000000000000000, 1.000000000000000000 ) ) ;
#412 = EDGE_CURVE ( 'NONE', #1378, #6282, #1641, .T. ) ;
#413 = AXIS2_PLACEMENT_3D ( 'NONE', #7495, #3315, #2027 ) ;
#414 = CARTESIAN_POINT ( 'NONE',  ( 16.19482327598291604, -33.89817517042489214, 1.000000000000000000 ) ) ;
#415 = CARTESIAN_POINT ( 'NONE',  ( 10.89260417436090478, -37.06145034052673282, 0.5000000000000000000 ) ) ;
#416 = B_SPLINE_CURVE_WITH_KNOTS ( 'NONE', 3,
 ( #687, #1893, #3071, #761, #2485, #83, #1861, #6647, #4279, #1266, #1787, #4165, #6030, #6140, #7322, #4906, #6686, #2994, #1304, #725, #7168, #6100, #6721, #3722, #4199, #643, #123, #7282, #5348, #7761, #6067, #2370, #4750, #5501, #4239, #3647, #47, #4830, #6572, #2445 ),
 .UNSPECIFIED., .F., .F.,
 ( 4, 2, 2, 2, 2, 2, 2, 2, 2, 2, 2, 2, 2, 2, 2, 2, 2, 2, 2, 4 ),
 ( 0.01323290624750439633, 0.01406896226585081615, 0.01490501828419723424, 0.01574107430254365406, 0.01615910231171687264, 0.01657713032089009123, 0.01699515833006330981, 0.01741318633923653186, 0.01824924235758296903, 0.01908529837592940620, 0.01992135439427584337, 0.02075741041262228054, 0.02159346643096871771, 0.02242952244931515488, 0.02326557846766159204, 0.02410163448600802921, 0.02493769050435446638, 0.02577374652270090355, 0.02619177453187411519, 0.02660980254104733031 ),
 .UNSPECIFIED. ) ;
#417 = VECTOR ( 'NONE', #6162, 1000.000000000000000 ) ;
#418 = CARTESIAN_POINT ( 'NONE',  ( 34.02555838147497980, 17.63520089990043260, 1.000000000000000000 ) ) ;
#419 = VERTEX_POINT ( 'NONE', #4435 ) ;
#420 = CARTESIAN_POINT ( 'NONE',  ( 42.50367785261521192, 4.686048302902208640, -1.000000000000000000 ) ) ;
#421 = EDGE_CURVE ( 'NONE', #7780, #1701, #5063, .T. ) ;
#422 = EDGE_CURVE ( 'NONE', #172, #5343, #6928, .T. ) ;
#423 = DIRECTION ( 'NONE',  ( 8.042586066086100112E-17, 0.000000000000000000, 1.000000000000000000 ) ) ;
#424 = CARTESIAN_POINT ( 'NONE',  ( 11.37099666819637278, -37.06182097197800118, 0.5000000000000000000 ) ) ;
#425 = ORIENTED_EDGE ( 'NONE', *, *, #7478, .T. ) ;
#426 = DIRECTION ( 'NONE',  ( -0.000000000000000000, -0.000000000000000000, 1.000000000000000000 ) ) ;
#427 = CARTESIAN_POINT ( 'NONE',  ( 37.24050430185577198, -39.42070666598473139, -1.000000000000000000 ) ) ;
#428 = DIRECTION ( 'NONE',  ( -1.000000000000000000, 0.000000000000000000, 0.000000000000000000 ) ) ;
#429 = EDGE_LOOP ( 'NONE', ( #7712, #1715, #3613, #1293, #3150, #693 ) ) ;
#430 = VERTEX_POINT ( 'NONE', #6263 ) ;
#431 = DIRECTION ( 'NONE',  ( 0.000000000000000000, 0.000000000000000000, -1.000000000000000000 ) ) ;
#432 = EDGE_LOOP ( 'NONE', ( #3644, #4987, #2447, #1027 ) ) ;
#433 = EDGE_CURVE ( 'NONE', #1889, #5551, #7480, .T. ) ;
#434 = FACE_OUTER_BOUND ( 'NONE', #974, .T. ) ;
#435 = LINE ( 'NONE', #2829, #3269 ) ;
#436 = CARTESIAN_POINT ( 'NONE',  ( 14.24886813933719054, -35.03474030827877073, 1.000000000000000000 ) ) ;
#437 = ADVANCED_FACE ( 'NONE', ( #2638 ), #5263, .T. ) ;
#438 = ADVANCED_FACE ( 'NONE', ( #3263 ), #2715, .F. ) ;
#439 = PLANE ( 'NONE',  #2723 ) ;
#440 = LINE ( 'NONE', #7687, #4256 ) ;
#441 = ORIENTED_EDGE ( 'NONE', *, *, #1335, .F. ) ;
#442 = LINE ( 'NONE', #1635, #2 ) ;
#443 = CARTESIAN_POINT ( 'NONE',  ( 24.17897645825249953, -35.95728826736624484, 0.5000000000000000000 ) ) ;
#444 = ORIENTED_EDGE ( 'NONE', *, *, #2579, .F. ) ;
#445 = CARTESIAN_POINT ( 'NONE',  ( 25.16436629349527720, 22.74374527427766779, -2.000000000000010658 ) ) ;
#446 = AXIS2_PLACEMENT_3D ( 'NONE', #6336, #4984, #3145 ) ;
#447 = DIRECTION ( 'NONE',  ( 1.000000000000000000, 0.000000000000000000, 0.000000000000000000 ) ) ;
#448 = ORIENTED_EDGE ( 'NONE', *, *, #4931, .F. ) ;
#449 = ORIENTED_EDGE ( 'NONE', *, *, #2879, .T. ) ;
#450 = CARTESIAN_POINT ( 'NONE',  ( 10.93811458722733931, -28.45804144394396218, -1.000000000000000000 ) ) ;
#451 = CARTESIAN_POINT ( 'NONE',  ( 11.26632454039999587, -28.54577236161359366, 0.5000000000000000000 ) ) ;
#452 = AXIS2_PLACEMENT_3D ( 'NONE', #2976, #4772, #5365 ) ;
#453 = CARTESIAN_POINT ( 'NONE',  ( 16.64511793566983044, -33.67744985368510413, 0.5000000000000000000 ) ) ;
#454 = CARTESIAN_POINT ( 'NONE',  ( 2.890344587278875110, -45.61841504291471239, -13.43649167310370807 ) ) ;
#455 = CARTESIAN_POINT ( 'NONE',  ( 37.23338076306245625, -31.97260846456628869, 1.250000000000000000 ) ) ;
#456 = DIRECTION ( 'NONE',  ( -1.000000000000000000, 0.000000000000000000, 0.000000000000000000 ) ) ;
#457 = VERTEX_POINT ( 'NONE', #4595 ) ;
#458 = CARTESIAN_POINT ( 'NONE',  ( 12.82033012497712221, -27.06847516654442032, -1.000000000000000000 ) ) ;
#459 = ORIENTED_EDGE ( 'NONE', *, *, #7028, .F. ) ;
#460 = DIRECTION ( 'NONE',  ( -0.000000000000000000, -0.000000000000000000, 1.000000000000000000 ) ) ;
#461 = AXIS2_PLACEMENT_3D ( 'NONE', #1052, #3395, #2813 ) ;
#462 = ADVANCED_FACE ( 'NONE', ( #318 ), #5745, .T. ) ;
#463 = AXIS2_PLACEMENT_3D ( 'NONE', #488, #1712, #2805 ) ;
#464 = CARTESIAN_POINT ( 'NONE',  ( 12.71763840816227997, -36.69081636792130041, 1.000000000000000888 ) ) ;
#465 = ORIENTED_EDGE ( 'NONE', *, *, #4769, .T. ) ;
#466 = CARTESIAN_POINT ( 'NONE',  ( 45.39755601137789398, -25.67721764505392912, -9.995492672934574330 ) ) ;
#467 = CARTESIAN_POINT ( 'NONE',  ( 6.134613332100247618, -29.92905690120311490, 1.000000000000000000 ) ) ;
#468 = EDGE_CURVE ( 'NONE', #4874, #7019, #4628, .T. ) ;
#469 = DIRECTION ( 'NONE',  ( 0.000000000000000000, 0.000000000000000000, 1.000000000000000000 ) ) ;
#470 = AXIS2_PLACEMENT_3D ( 'NONE', #5240, #7658, #4094 ) ;
#471 = VECTOR ( 'NONE', #4944, 1000.000000000000000 ) ;
#472 = ORIENTED_EDGE ( 'NONE', *, *, #4456, .T. ) ;
#473 = CARTESIAN_POINT ( 'NONE',  ( 8.608240758198650866, -21.98944555883515051, -3.000000000000000000 ) ) ;
#474 = ORIENTED_EDGE ( 'NONE', *, *, #773, .T. ) ;
#475 = EDGE_CURVE ( 'NONE', #7149, #4698, #5664, .T. ) ;
#476 = DIRECTION ( 'NONE',  ( 0.000000000000000000, 0.000000000000000000, 1.000000000000000000 ) ) ;
#477 = CARTESIAN_POINT ( 'NONE',  ( 44.27741491030283072, 22.73286316576132293, -13.43926885403509708 ) ) ;
#478 = AXIS2_PLACEMENT_3D ( 'NONE', #2708, #2205, #1545 ) ;
#479 = AXIS2_PLACEMENT_3D ( 'NONE', #3555, #108, #5484 ) ;
#480 = DIRECTION ( 'NONE',  ( -8.042586066086100112E-17, -3.070295484789979924E-17, -1.000000000000000000 ) ) ;
#481 = DIRECTION ( 'NONE',  ( 1.000000000000000000, -0.000000000000000000, 0.000000000000000000 ) ) ;
#482 = CARTESIAN_POINT ( 'NONE',  ( 3.396721997073072874, 1.876083684937086327, -9.451567670042738456 ) ) ;
#483 = ORIENTED_EDGE ( 'NONE', *, *, #1446, .F. ) ;
#484 = AXIS2_PLACEMENT_3D ( 'NONE', #5043, #4331, #6276 ) ;
#485 = DIRECTION ( 'NONE',  ( 1.000000000000000000, -0.000000000000000000, 0.000000000000000000 ) ) ;
#486 = CYLINDRICAL_SURFACE ( 'NONE', #3350, 4.999999999999997335 ) ;
#487 = CARTESIAN_POINT ( 'NONE',  ( 42.50367785261521192, -0.9338809330280339882, -9.451567670042738456 ) ) ;
#488 = CARTESIAN_POINT ( 'NONE',  ( 2.390344587278876443, -41.61841504291471949, -1.000000000000000000 ) ) ;
#489 = ORIENTED_EDGE ( 'NONE', *, *, #1183, .T. ) ;
#490 = ORIENTED_EDGE ( 'NONE', *, *, #1697, .T. ) ;
#491 = CARTESIAN_POINT ( 'NONE',  ( 11.64376998130982166, -28.64276840583305273, -1.000000000000000000 ) ) ;
#492 = VECTOR ( 'NONE', #2564, 1000.000000000000000 ) ;
#493 = CARTESIAN_POINT ( 'NONE',  ( 13.43385451952007337, -30.86882050618451601, 0.5000000000000001110 ) ) ;
#494 = EDGE_CURVE ( 'NONE', #3521, #4214, #1463, .T. ) ;
#495 = CARTESIAN_POINT ( 'NONE',  ( 19.93127345754805901, -37.01589314065294190, 1.000000000000000000 ) ) ;
#496 = CARTESIAN_POINT ( 'NONE',  ( 6.384900152022529696, -30.35885743927674696, -1.000000000000000000 ) ) ;
#497 = PLANE ( 'NONE',  #5470 ) ;
#498 = ORIENTED_EDGE ( 'NONE', *, *, #7095, .F. ) ;
#499 = ORIENTED_EDGE ( 'NONE', *, *, #510, .T. ) ;
#500 = DIRECTION ( 'NONE',  ( 0.000000000000000000, 1.000000000000000000, 0.000000000000000000 ) ) ;
#501 = ORIENTED_EDGE ( 'NONE', *, *, #4677, .T. ) ;
#502 = CARTESIAN_POINT ( 'NONE',  ( 0.5350161592050498571, 19.39267481122346837, -9.047210079157837370 ) ) ;
#503 = CIRCLE ( 'NONE', #2385, 5.000000000000004441 ) ;
#504 = CARTESIAN_POINT ( 'NONE',  ( 10.96752949307805025, -37.04887937963724198, 1.000000000000000000 ) ) ;
#505 = ORIENTED_EDGE ( 'NONE', *, *, #4028, .T. ) ;
#506 = LINE ( 'NONE', #2116, #5336 ) ;
#507 = VERTEX_POINT ( 'NONE', #2680 ) ;
#508 = DIRECTION ( 'NONE',  ( -1.000000000000000000, -0.000000000000000000, -0.000000000000000000 ) ) ;
#509 = AXIS2_PLACEMENT_3D ( 'NONE', #912, #6291, #7559 ) ;
#510 = EDGE_CURVE ( 'NONE', #7361, #6852, #1631, .T. ) ;
#511 = ORIENTED_EDGE ( 'NONE', *, *, #7018, .T. ) ;
#512 = DIRECTION ( 'NONE',  ( 3.199285099137554407E-16, -1.000000000000000000, 0.000000000000000000 ) ) ;
#513 = ORIENTED_EDGE ( 'NONE', *, *, #2067, .F. ) ;
#514 = CARTESIAN_POINT ( 'NONE',  ( 12.82033012497712221, -27.06847516654442032, -1.000000000000000000 ) ) ;
#515 = EDGE_CURVE ( 'NONE', #2431, #3462, #6528, .T. ) ;
#516 = CARTESIAN_POINT ( 'NONE',  ( 34.02555838147497980, 13.63520089990042727, -1.000000000000000000 ) ) ;
#517 = EDGE_LOOP ( 'NONE', ( #3870, #872, #1417, #2876, #5674 ) ) ;
#518 = CARTESIAN_POINT ( 'NONE',  ( 13.95949170150207941, -35.92080333968868189, 1.000000000000000000 ) ) ;
#519 = CARTESIAN_POINT ( 'NONE',  ( 2.390344587278876443, -41.61841504291471949, -1.000000000000000000 ) ) ;
#520 = VECTOR ( 'NONE', #1879, 1000.000000000000000 ) ;
#521 = CARTESIAN_POINT ( 'NONE',  ( 9.833540866019065518, -43.29767075805705900, -1.201502112509220010 ) ) ;
#522 = ORIENTED_EDGE ( 'NONE', *, *, #2811, .F. ) ;
#523 = CARTESIAN_POINT ( 'NONE',  ( 22.73615701370926345, -28.28110697727704093, 1.000000000000000000 ) ) ;
#524 = EDGE_CURVE ( 'NONE', #2308, #2925, #4880, .T. ) ;
#525 = DIRECTION ( 'NONE',  ( -1.000000000000000000, 0.000000000000000000, 0.000000000000000000 ) ) ;
#526 = CARTESIAN_POINT ( 'NONE',  ( 2.390344587278904420, 22.74374527427766068, -13.42912948050400956 ) ) ;
#527 = CIRCLE ( 'NONE', #1665, 0.7999999999999999334 ) ;
#528 = DIRECTION ( 'NONE',  ( 0.000000000000000000, 0.000000000000000000, 1.000000000000000000 ) ) ;
#529 = ORIENTED_EDGE ( 'NONE', *, *, #989, .T. ) ;
#530 = ORIENTED_EDGE ( 'NONE', *, *, #4204, .F. ) ;
#531 = ORIENTED_EDGE ( 'NONE', *, *, #5281, .T. ) ;
#532 = AXIS2_PLACEMENT_3D ( 'NONE', #3160, #4445, #3892 ) ;
#533 = CARTESIAN_POINT ( 'NONE',  ( 12.31184452667201512, -29.10971933104916687, -1.000000000000000000 ) ) ;
#534 = EDGE_LOOP ( 'NONE', ( #1847, #3941, #5307, #1488 ) ) ;
#535 = DIRECTION ( 'NONE',  ( 1.000000000000000000, 0.000000000000000000, 0.000000000000000000 ) ) ;
#536 = EDGE_CURVE ( 'NONE', #2514, #7198, #5984, .T. ) ;
#537 = B_SPLINE_CURVE_WITH_KNOTS ( 'NONE', 3,
 ( #5556, #6857, #6312, #2652, #4364, #1479, #6772, #891, #5678, #2572, #933, #1943, #6737, #7373, #1360, #6899, #1519, #4957, #6193, #3735, #5713, #2537, #814, #3195, #4921, #5591, #213, #7337, #2612, #4998, #7414, #1437, #3815, #2065, #855, #5039, #2143, #2920, #7581, #4164, #564, #3977 ),
 .UNSPECIFIED., .F., .F.,
 ( 4, 2, 2, 2, 2, 2, 2, 2, 2, 2, 2, 2, 2, 2, 2, 2, 2, 2, 2, 2, 4 ),
 ( 0.01529877902923969593, 0.01623589460912039026, 0.01717301018900108805, 0.01811012576888178238, 0.01857868355882213302, 0.01904724134876248365, 0.01951579913870283428, 0.01998435692864318144, 0.02045291471858353208, 0.02092147250852387924, 0.02185858808840457704, 0.02279570366828527136, 0.02373281924816597610, 0.02466993482804667737, 0.02560705040792738557, 0.02654416598780808684, 0.02748128156768879157, 0.02841839714756949631, 0.02935551272745019757, 0.02982407051739055515, 0.03029262830733090925 ),
 .UNSPECIFIED. ) ;
#538 = DIRECTION ( 'NONE',  ( -0.000000000000000000, -0.000000000000000000, -1.000000000000000000 ) ) ;
#539 = CARTESIAN_POINT ( 'NONE',  ( 7.620067560898748482, -29.46764490645842827, 0.5000000000000000000 ) ) ;
#540 = EDGE_CURVE ( 'NONE', #4406, #556, #2516, .T. ) ;
#541 = CARTESIAN_POINT ( 'NONE',  ( 8.794520846166296479, -36.27990011284978777, -1.000000000000000000 ) ) ;
#542 = VERTEX_POINT ( 'NONE', #2833 ) ;
#543 = VECTOR ( 'NONE', #184, 1000.000000000000000 ) ;
#544 = CARTESIAN_POINT ( 'NONE',  ( 48.00806037650425395, -8.626537619883473340, -11.50000000000000000 ) ) ;
#545 = CARTESIAN_POINT ( 'NONE',  ( 3.226601152850407939, 15.03945058722564987, 7.123475921583547255 ) ) ;
#546 = CARTESIAN_POINT ( 'NONE',  ( 9.708938337962445431, -37.25854549041932984, 1.000000000000000000 ) ) ;
#547 = ORIENTED_EDGE ( 'NONE', *, *, #2814, .T. ) ;
#548 = CIRCLE ( 'NONE', #4050, 1.999999999999997558 ) ;
#549 = DIRECTION ( 'NONE',  ( 1.000000000000000000, 1.421904488505578915E-16, 0.000000000000000000 ) ) ;
#550 = DIRECTION ( 'NONE',  ( 0.000000000000000000, 0.000000000000000000, 1.000000000000000000 ) ) ;
#551 = ORIENTED_EDGE ( 'NONE', *, *, #1796, .F. ) ;
#552 = CARTESIAN_POINT ( 'NONE',  ( 9.711336059068521820, -24.76759449452900341, -9.047210079157837370 ) ) ;
#553 = ORIENTED_EDGE ( 'NONE', *, *, #7203, .T. ) ;
#554 = CARTESIAN_POINT ( 'NONE',  ( 25.68877323985573824, -45.11841504291469107, -6.284504751596059258 ) ) ;
#555 = LINE ( 'NONE', #3413, #7685 ) ;
#556 = VERTEX_POINT ( 'NONE', #4631 ) ;
#557 = EDGE_CURVE ( 'NONE', #3495, #4681, #6033, .T. ) ;
#558 = CARTESIAN_POINT ( 'NONE',  ( 11.66048353717089547, -28.15189173877120510, 1.000000000000000000 ) ) ;
#559 = AXIS2_PLACEMENT_3D ( 'NONE', #3480, #7671, #7075 ) ;
#560 = DIRECTION ( 'NONE',  ( -1.000000000000000000, 0.000000000000000000, -0.000000000000000000 ) ) ;
#561 = CARTESIAN_POINT ( 'NONE',  ( 42.50367785261521192, -8.763023730668720646, -9.592411343199959362 ) ) ;
#562 = EDGE_LOOP ( 'NONE', ( #3000, #2045, #2212, #1933 ) ) ;
#563 = CARTESIAN_POINT ( 'NONE',  ( 24.15552875080128814, -30.70410776409718423, 1.000000000000230482 ) ) ;
#564 = CARTESIAN_POINT ( 'NONE',  ( 13.12202024812744838, -37.02392876421494350, 1.000000000000000000 ) ) ;
#565 = EDGE_CURVE ( 'NONE', #862, #841, #1010, .T. ) ;
#566 = CARTESIAN_POINT ( 'NONE',  ( 5.925558381474851366, -7.832828546790671531, -1.000000000000000000 ) ) ;
#567 = DIRECTION ( 'NONE',  ( 0.000000000000000000, 0.000000000000000000, -1.000000000000000000 ) ) ;
#568 = EDGE_LOOP ( 'NONE', ( #1841, #150, #6552, #328 ) ) ;
#569 = EDGE_CURVE ( 'NONE', #222, #7693, #3259, .T. ) ;
#570 = EDGE_LOOP ( 'NONE', ( #7535, #5115 ) ) ;
#571 = VERTEX_POINT ( 'NONE', #5265 ) ;
#572 = CARTESIAN_POINT ( 'NONE',  ( 44.48286430354958298, -45.11841504291471949, -11.50000000000000178 ) ) ;
#573 = DIRECTION ( 'NONE',  ( -1.000000000000000000, 0.000000000000000000, 0.000000000000000000 ) ) ;
#574 = EDGE_CURVE ( 'NONE', #2959, #4168, #2265, .T. ) ;
#575 = CARTESIAN_POINT ( 'NONE',  ( 21.70712619846309366, -37.54726000598882507, 1.000000000000000000 ) ) ;
#576 = CARTESIAN_POINT ( 'NONE',  ( 5.455194273636760016, -32.13320243262111120, -1.000000000000000000 ) ) ;
#577 = CIRCLE ( 'NONE', #3334, 0.8000000000000020428 ) ;
#578 = ORIENTED_EDGE ( 'NONE', *, *, #6581, .F. ) ;
#579 = PLANE ( 'NONE',  #6787 ) ;
#580 = DIRECTION ( 'NONE',  ( -1.000000000000000000, 0.000000000000000000, 0.000000000000000000 ) ) ;
#581 = EDGE_CURVE ( 'NONE', #6632, #1173, #1818, .T. ) ;
#582 = CARTESIAN_POINT ( 'NONE',  ( 48.22735356466326095, -29.00591734882469908, -11.50000000000000000 ) ) ;
#583 = ORIENTED_EDGE ( 'NONE', *, *, #433, .F. ) ;
#584 = AXIS2_PLACEMENT_3D ( 'NONE', #5201, #7067, #1011 ) ;
#585 = DIRECTION ( 'NONE',  ( 0.004510476481663465431, -0.9999898277492168530, -0.000000000000000000 ) ) ;
#586 = EDGE_LOOP ( 'NONE', ( #1551, #2448, #4835, #904 ) ) ;
#587 = LINE ( 'NONE', #7189, #349 ) ;
#588 = CARTESIAN_POINT ( 'NONE',  ( -1.583764911382700813, -42.14362338656312801, -13.41342173966603113 ) ) ;
#589 = ORIENTED_EDGE ( 'NONE', *, *, #536, .T. ) ;
#590 = VECTOR ( 'NONE', #5953, 1000.000000000000000 ) ;
#591 = CARTESIAN_POINT ( 'NONE',  ( 48.22735356466326806, -41.61841504291469107, -11.50000000000000178 ) ) ;
#592 = CARTESIAN_POINT ( 'NONE',  ( 23.29942581349658326, -36.82922310844182334, 0.5000000000000000000 ) ) ;
#593 = EDGE_CURVE ( 'NONE', #5932, #3764, #4708, .T. ) ;
#594 = DIRECTION ( 'NONE',  ( 1.000000000000000000, -1.668303327435289349E-16, 0.000000000000000000 ) ) ;
#595 = ORIENTED_EDGE ( 'NONE', *, *, #2918, .F. ) ;
#596 = CARTESIAN_POINT ( 'NONE',  ( 12.04059988236373435, -28.93462811500931053, 1.000000000000153433 ) ) ;
#597 = VECTOR ( 'NONE', #2254, 1000.000000000000000 ) ;
#598 = CIRCLE ( 'NONE', #1349, 3.999999999999996447 ) ;
#599 = CARTESIAN_POINT ( 'NONE',  ( 5.925558381474854031, -0.9338809330280344323, -1.000000000000000000 ) ) ;
#600 = DIRECTION ( 'NONE',  ( -0.000000000000000000, -0.000000000000000000, 1.000000000000000000 ) ) ;
#601 = ORIENTED_EDGE ( 'NONE', *, *, #5422, .F. ) ;
#602 = CARTESIAN_POINT ( 'NONE',  ( 23.25655118987579328, -28.62968659846861286, 1.000000000000000000 ) ) ;
#603 = VECTOR ( 'NONE', #2080, 1000.000000000000000 ) ;
#604 = DIRECTION ( 'NONE',  ( 0.9999940109707540215, 0.003460928000372417643, 0.000000000000000000 ) ) ;
#605 = LINE ( 'NONE', #2446, #1475 ) ;
#606 = ORIENTED_EDGE ( 'NONE', *, *, #245, .F. ) ;
#607 = TOROIDAL_SURFACE ( 'NONE', #7243, 4.749999999999997335, 0.2500000000000000000 ) ;
#608 = EDGE_CURVE ( 'NONE', #4690, #5173, #6, .T. ) ;
#609 = ORIENTED_EDGE ( 'NONE', *, *, #4246, .T. ) ;
#610 = FACE_OUTER_BOUND ( 'NONE', #3243, .T. ) ;
#611 = DIRECTION ( 'NONE',  ( 1.000000000000000000, 0.000000000000000000, 0.000000000000000000 ) ) ;
#612 = EDGE_LOOP ( 'NONE', ( #6375, #2219, #164, #4111 ) ) ;
#613 = DIRECTION ( 'NONE',  ( 1.000000000000000000, 0.000000000000000000, -0.000000000000000000 ) ) ;
#614 = EDGE_CURVE ( 'NONE', #2926, #5705, #6494, .T. ) ;
#615 = CARTESIAN_POINT ( 'NONE',  ( 6.546097038689400627, -35.34958152944726351, 1.000000000000000000 ) ) ;
#616 = CARTESIAN_POINT ( 'NONE',  ( -3.609655412721123557, -16.81500368935628842, -6.001502062183216246 ) ) ;
#617 = ORIENTED_EDGE ( 'NONE', *, *, #5268, .F. ) ;
#618 = VECTOR ( 'NONE', #3305, 1000.000000000000000 ) ;
#619 = CARTESIAN_POINT ( 'NONE',  ( 12.90726949744076180, -36.54957423647316261, 0.5000000000000000000 ) ) ;
#620 = DIRECTION ( 'NONE',  ( 0.000000000000000000, 1.000000000000000000, -3.070295484789979924E-17 ) ) ;
#621 = CARTESIAN_POINT ( 'NONE',  ( 12.34334880155074643, -40.56364722183403160, -4.663148035801216729 ) ) ;
#622 = ADVANCED_FACE ( 'NONE', ( #5378 ), #6454, .F. ) ;
#623 = APPLICATION_CONTEXT ( 'automotive_design' ) ;
#624 = DIRECTION ( 'NONE',  ( 8.042586066086100112E-17, 3.070295484789979924E-17, 1.000000000000000000 ) ) ;
#625 = VERTEX_POINT ( 'NONE', #7126 ) ;
#626 = DIRECTION ( 'NONE',  ( -0.9999898277492168530, -0.004510476481663465431, 0.000000000000000000 ) ) ;
#627 = LINE ( 'NONE', #32, #95 ) ;
#628 = AXIS2_PLACEMENT_3D ( 'NONE', #1592, #3965, #6387 ) ;
#629 = CARTESIAN_POINT ( 'NONE',  ( 42.50367785261521192, -8.763023730668720646, -1.000000000000000000 ) ) ;
#630 = ORIENTED_EDGE ( 'NONE', *, *, #6158, .F. ) ;
#631 = DIRECTION ( 'NONE',  ( -0.000000000000000000, -0.000000000000000000, 1.000000000000000000 ) ) ;
#632 = CARTESIAN_POINT ( 'NONE',  ( 20.79566472551052314, -37.35938061432544544, 1.000000000000000000 ) ) ;
#633 = LINE ( 'NONE', #3062, #3416 ) ;
#634 = ORIENTED_EDGE ( 'NONE', *, *, #4606, .F. ) ;
#635 = CARTESIAN_POINT ( 'NONE',  ( 12.81093986316472488, -28.94073887685699020, 1.000000000000000000 ) ) ;
#636 = DIRECTION ( 'NONE',  ( 1.224646799147353207E-16, 1.000000000000000000, -0.000000000000000000 ) ) ;
#637 = EDGE_CURVE ( 'NONE', #556, #1899, #3454, .T. ) ;
#638 = CARTESIAN_POINT ( 'NONE',  ( 2.390344587278904420, 22.74374527427766068, -1.000000000000000000 ) ) ;
#639 = ORIENTED_EDGE ( 'NONE', *, *, #4477, .T. ) ;
#640 = VECTOR ( 'NONE', #7154, 1000.000000000000000 ) ;
#641 = CARTESIAN_POINT ( 'NONE',  ( 22.50243770084264483, -28.72397440445324790, 1.000000000000000000 ) ) ;
#642 = PLANE ( 'NONE',  #7068 ) ;
#643 = CARTESIAN_POINT ( 'NONE',  ( 8.320644342200669286, -36.00803433592350444, 0.5000000000000000000 ) ) ;
#644 = AXIS2_PLACEMENT_3D ( 'NONE', #3560, #4626, #2910 ) ;
#645 = CARTESIAN_POINT ( 'NONE',  ( 43.98256164536418567, 18.74374527427766779, -13.50000000000000355 ) ) ;
#646 = AXIS2_PLACEMENT_3D ( 'NONE', #7268, #1809, #6054 ) ;
#647 = ORIENTED_EDGE ( 'NONE', *, *, #5183, .T. ) ;
#648 = VERTEX_POINT ( 'NONE', #2402 ) ;
#649 = DIRECTION ( 'NONE',  ( 1.000000000000000000, -0.000000000000000000, -0.000000000000000000 ) ) ;
#650 = DIRECTION ( 'NONE',  ( -1.453169479452033105E-16, -0.000000000000000000, -1.000000000000000000 ) ) ;
#651 = LINE ( 'NONE', #6617, #2971 ) ;
#652 = VECTOR ( 'NONE', #5757, 1000.000000000000000 ) ;
#653 = FACE_BOUND ( 'NONE', #4030, .T. ) ;
#654 = EDGE_CURVE ( 'NONE', #1489, #1078, #1072, .T. ) ;
#655 = DIRECTION ( 'NONE',  ( -0.000000000000000000, -0.000000000000000000, 1.000000000000000000 ) ) ;
#656 = ORIENTED_EDGE ( 'NONE', *, *, #737, .T. ) ;
#657 = AXIS2_PLACEMENT_3D ( 'NONE', #4363, #3775, #6897 ) ;
#658 = FACE_BOUND ( 'NONE', #5886, .T. ) ;
#659 = ORIENTED_EDGE ( 'NONE', *, *, #4774, .T. ) ;
#660 = CARTESIAN_POINT ( 'NONE',  ( 24.12037844102774997, -36.09207547688636453, -1.000000000000000000 ) ) ;
#661 = PLANE ( 'NONE',  #1669 ) ;
#662 = LINE ( 'NONE', #60, #7196 ) ;
#663 = ORIENTED_EDGE ( 'NONE', *, *, #4057, .T. ) ;
#664 = AXIS2_PLACEMENT_3D ( 'NONE', #1563, #2953, #604 ) ;
#665 = EDGE_CURVE ( 'NONE', #3612, #7083, #440, .T. ) ;
#666 = DIRECTION ( 'NONE',  ( 1.000000000000000000, 0.000000000000000000, 0.000000000000000000 ) ) ;
#667 = DIRECTION ( 'NONE',  ( 0.000000000000000000, 0.000000000000000000, 1.000000000000000000 ) ) ;
#668 = EDGE_CURVE ( 'NONE', #4334, #2473, #4674, .T. ) ;
#669 = CARTESIAN_POINT ( 'NONE',  ( 2.390344587278905752, -45.61841504291471239, -4.663148035801216729 ) ) ;
#670 = EDGE_LOOP ( 'NONE', ( #7295, #6521, #6526, #4818 ) ) ;
#671 = FACE_OUTER_BOUND ( 'NONE', #2329, .T. ) ;
#672 = DIRECTION ( 'NONE',  ( 0.000000000000000000, 0.000000000000000000, -1.000000000000000000 ) ) ;
#673 = AXIS2_PLACEMENT_3D ( 'NONE', #5979, #5372, #6059 ) ;
#674 = LINE ( 'NONE', #6091, #543 ) ;
#675 = ADVANCED_FACE ( 'NONE', ( #1110 ), #6531, .F. ) ;
#676 = EDGE_LOOP ( 'NONE', ( #3674, #1465, #5814, #1404 ) ) ;
#677 = CARTESIAN_POINT ( 'NONE',  ( 13.36149435170577604, -30.70427901817707905, 0.5000000000000000000 ) ) ;
#678 = PLANE ( 'NONE',  #1859 ) ;
#679 = ADVANCED_FACE ( 'NONE', ( #5306 ), #7720, .F. ) ;
#680 = AXIS2_PLACEMENT_3D ( 'NONE', #3634, #672, #5449 ) ;
#681 = CARTESIAN_POINT ( 'NONE',  ( 18.18107110879546795, -29.02435452518491488, 1.000000000000000000 ) ) ;
#682 = ORIENTED_EDGE ( 'NONE', *, *, #6556, .T. ) ;
#683 = CARTESIAN_POINT ( 'NONE',  ( 24.17597217924517849, -29.68266111811738028, 1.000000000000000000 ) ) ;
#684 = DIRECTION ( 'NONE',  ( -0.000000000000000000, -0.000000000000000000, 1.000000000000000000 ) ) ;
#685 = EDGE_CURVE ( 'NONE', #1035, #194, #3177, .T. ) ;
#686 = ADVANCED_FACE ( 'NONE', ( #2440 ), #3140, .F. ) ;
#687 = CARTESIAN_POINT ( 'NONE',  ( 7.620067560892290537, -29.46764490646226875, 0.5000000000000000000 ) ) ;
#688 = CARTESIAN_POINT ( 'NONE',  ( 34.02555838147497980, -12.76479910009956420, 1.000000000000000000 ) ) ;
#689 = EDGE_LOOP ( 'NONE', ( #4315, #3889, #1449, #2139 ) ) ;
#690 = ORIENTED_EDGE ( 'NONE', *, *, #2096, .F. ) ;
#691 = DIRECTION ( 'NONE',  ( -1.238178564962006334E-44, 1.380205382051887209E-16, -1.000000000000000000 ) ) ;
#692 = CARTESIAN_POINT ( 'NONE',  ( 23.51167280472278520, -36.69064511513241200, 0.5000000000000000000 ) ) ;
#693 = ORIENTED_EDGE ( 'NONE', *, *, #685, .F. ) ;
#694 = CARTESIAN_POINT ( 'NONE',  ( 44.22735356466326806, -41.61841504291472660, -13.50000000000000178 ) ) ;
#695 = EDGE_CURVE ( 'NONE', #571, #736, #3643, .T. ) ;
#696 = DIRECTION ( 'NONE',  ( 0.000000000000000000, 0.000000000000000000, 1.000000000000000000 ) ) ;
#697 = LINE ( 'NONE', #56, #5864 ) ;
#698 = ORIENTED_EDGE ( 'NONE', *, *, #2391, .T. ) ;
#699 = CARTESIAN_POINT ( 'NONE',  ( 13.91407343923848217, -34.14952937773848163, -1.000000000000000444 ) ) ;
#700 = VERTEX_POINT ( 'NONE', #7395 ) ;
#701 = LINE ( 'NONE', #3084, #1782 ) ;
#702 = DIRECTION ( 'NONE',  ( 0.000000000000000000, 0.000000000000000000, -1.000000000000000000 ) ) ;
#703 = DIRECTION ( 'NONE',  ( -1.000000000000000000, 0.000000000000000000, 0.000000000000000000 ) ) ;
#704 = FACE_OUTER_BOUND ( 'NONE', #7136, .T. ) ;
#705 = VECTOR ( 'NONE', #7524, 1000.000000000000000 ) ;
#706 = CARTESIAN_POINT ( 'NONE',  ( 7.195018997908690928, 22.74374527427766068, -1.000000000000000000 ) ) ;
#707 = CARTESIAN_POINT ( 'NONE',  ( -1.609655412721122669, -8.763023730668722422, -9.592411343199959362 ) ) ;
#708 = EDGE_CURVE ( 'NONE', #7014, #7470, #7164, .T. ) ;
#709 = ORIENTED_EDGE ( 'NONE', *, *, #3484, .F. ) ;
#710 = CARTESIAN_POINT ( 'NONE',  ( 21.76156388970739286, -37.04870812467180485, 0.5000000000000000000 ) ) ;
#711 = VECTOR ( 'NONE', #217, 1000.000000000000000 ) ;
#712 = DIRECTION ( 'NONE',  ( 1.000000000000000000, 0.000000000000000000, 0.000000000000000000 ) ) ;
#713 = CARTESIAN_POINT ( 'NONE',  ( 10.51133605906845148, -24.76759449452900341, -9.047210079157837370 ) ) ;
#714 = EDGE_LOOP ( 'NONE', ( #6523, #1975, #5846, #1804 ) ) ;
#715 = EDGE_CURVE ( 'NONE', #6833, #6576, #5533, .T. ) ;
#716 = EDGE_CURVE ( 'NONE', #3264, #3321, #3029, .T. ) ;
#717 = CARTESIAN_POINT ( 'NONE',  ( 13.74825262900304246, -31.79139321068990043, 0.9999999999997324363 ) ) ;
#718 = CARTESIAN_POINT ( 'NONE',  ( 27.73338076306245625, -31.97260846456628869, 1.250000000000000000 ) ) ;
#719 = B_SPLINE_CURVE_WITH_KNOTS ( 'NONE', 3,
 ( #5679, #2653, #4527, #4408 ),
 .UNSPECIFIED., .F., .F.,
 ( 4, 4 ),
 ( 0.000000000000000000, 0.0002556498445134001204 ),
 .UNSPECIFIED. ) ;
#720 = PLANE ( 'NONE',  #5638 ) ;
#721 = ORIENTED_EDGE ( 'NONE', *, *, #2406, .T. ) ;
#722 = DIRECTION ( 'NONE',  ( -0.000000000000000000, -1.000000000000000000, -0.000000000000000000 ) ) ;
#723 = DIRECTION ( 'NONE',  ( -0.000000000000000000, -0.000000000000000000, 1.000000000000000000 ) ) ;
#724 = AXIS2_PLACEMENT_3D ( 'NONE', #5122, #2146, #4531 ) ;
#725 = CARTESIAN_POINT ( 'NONE',  ( 6.383717595603114248, -34.47818111053160806, 0.5000000000000002220 ) ) ;
#726 = DIRECTION ( 'NONE',  ( 0.000000000000000000, 0.000000000000000000, -1.000000000000000000 ) ) ;
#727 = ORIENTED_EDGE ( 'NONE', *, *, #1128, .F. ) ;
#728 = VECTOR ( 'NONE', #5569, 1000.000000000000000 ) ;
#729 = ORIENTED_EDGE ( 'NONE', *, *, #6124, .F. ) ;
#730 = CIRCLE ( 'NONE', #5741, 1.000000000000000000 ) ;
#731 = ORIENTED_EDGE ( 'NONE', *, *, #2169, .T. ) ;
#732 = CARTESIAN_POINT ( 'NONE',  ( 48.22735356466326806, -41.61841504291469107, -11.50000000000000000 ) ) ;
#733 = CARTESIAN_POINT ( 'NONE',  ( 10.60225338277354901, -37.50286112041848696, 1.000000000000000222 ) ) ;
#734 = CIRCLE ( 'NONE', #6002, 1.000000000000000000 ) ;
#735 = CARTESIAN_POINT ( 'NONE',  ( 24.67270341424028857, -32.43958013320994382, 0.5000000000000000000 ) ) ;
#736 = VERTEX_POINT ( 'NONE', #3753 ) ;
#737 = EDGE_CURVE ( 'NONE', #5993, #5685, #4635, .T. ) ;
#738 = DIRECTION ( 'NONE',  ( 0.000000000000000000, -1.000000000000000000, 0.000000000000000000 ) ) ;
#739 = CARTESIAN_POINT ( 'NONE',  ( 25.68877323985573824, -45.11841504291469107, -8.884504751596059791 ) ) ;
#740 = LINE ( 'NONE', #4143, #6178 ) ;
#741 = CARTESIAN_POINT ( 'NONE',  ( 44.08722585882242839, -43.23723148550483586, -1.000000000000000000 ) ) ;
#742 = ORIENTED_EDGE ( 'NONE', *, *, #421, .T. ) ;
#743 = CARTESIAN_POINT ( 'NONE',  ( 25.68877323985574179, -47.11841504291469107, -6.284504751596059258 ) ) ;
#744 = DIRECTION ( 'NONE',  ( -0.000000000000000000, -0.000000000000000000, -1.000000000000000000 ) ) ;
#745 = ORIENTED_EDGE ( 'NONE', *, *, #4633, .T. ) ;
#746 = LINE ( 'NONE', #629, #1896 ) ;
#747 = ORIENTED_EDGE ( 'NONE', *, *, #5798, .T. ) ;
#748 = CARTESIAN_POINT ( 'NONE',  ( 22.62725007561192214, -37.53004841240666423, 1.000000000000000000 ) ) ;
#749 = CARTESIAN_POINT ( 'NONE',  ( 6.691869188243526168, -30.11588293341555911, 1.000000000000033973 ) ) ;
#750 = CARTESIAN_POINT ( 'NONE',  ( -3.609655412721123557, -23.25500368935628970, -6.001502062183216246 ) ) ;
#751 = VERTEX_POINT ( 'NONE', #4345 ) ;
#752 = CARTESIAN_POINT ( 'NONE',  ( 49.00749553206704690, -8.626537619883473340, -11.50000000000000000 ) ) ;
#753 = CARTESIAN_POINT ( 'NONE',  ( 18.47471805501016462, -47.11841504291469818, -6.284504751596059258 ) ) ;
#754 = DIRECTION ( 'NONE',  ( -1.000000000000000000, 0.000000000000000000, 0.000000000000000000 ) ) ;
#755 = CARTESIAN_POINT ( 'NONE',  ( 18.72487534858274216, -28.72192596573522749, 0.9999999999999997780 ) ) ;
#756 = ORIENTED_EDGE ( 'NONE', *, *, #7723, .F. ) ;
#757 = EDGE_CURVE ( 'NONE', #3407, #4795, #4384, .T. ) ;
#758 = CARTESIAN_POINT ( 'NONE',  ( 21.38717056102358427, -27.95123896662244789, 1.000000000000000000 ) ) ;
#759 = CARTESIAN_POINT ( 'NONE',  ( 46.08259321813340392, -10.37268082840335559, -1.000000000000000000 ) ) ;
#760 = AXIS2_PLACEMENT_3D ( 'NONE', #1590, #5191, #5028 ) ;
#761 = CARTESIAN_POINT ( 'NONE',  ( 6.712687507987508795, -30.09343122272331428, 0.5000000000000001110 ) ) ;
#762 = CARTESIAN_POINT ( 'NONE',  ( 41.96106399535297982, 11.54623778400322109, -9.592411343199959362 ) ) ;
#763 = ORIENTED_EDGE ( 'NONE', *, *, #7331, .T. ) ;
#764 = VECTOR ( 'NONE', #1185, 1000.000000000000000 ) ;
#765 = ORIENTED_EDGE ( 'NONE', *, *, #5703, .F. ) ;
#766 = ADVANCED_FACE ( 'NONE', ( #1888 ), #720, .F. ) ;
#767 = CARTESIAN_POINT ( 'NONE',  ( 37.48338076306244915, -31.97260846456628869, 1.250000000000000000 ) ) ;
#768 = PLANE ( 'NONE',  #3704 ) ;
#769 = LINE ( 'NONE', #5468, #4335 ) ;
#770 = CARTESIAN_POINT ( 'NONE',  ( 24.11639060396723977, -30.62107121045512059, 0.5000000000000000000 ) ) ;
#771 = VERTEX_POINT ( 'NONE', #4902 ) ;
#772 = CARTESIAN_POINT ( 'NONE',  ( 11.64376998130982166, -28.64276840583305273, -1.000000000000000444 ) ) ;
#773 = EDGE_CURVE ( 'NONE', #7747, #1738, #5418, .T. ) ;
#774 = VECTOR ( 'NONE', #5323, 1000.000000000000000 ) ;
#775 = CARTESIAN_POINT ( 'NONE',  ( 17.81228509500352075, -29.84876049041457691, -1.000000000000000000 ) ) ;
#776 = FACE_OUTER_BOUND ( 'NONE', #2943, .T. ) ;
#777 = CARTESIAN_POINT ( 'NONE',  ( 17.59631865470060674, -30.02638742049362008, 0.9999999999997823963 ) ) ;
#778 = ORIENTED_EDGE ( 'NONE', *, *, #3282, .T. ) ;
#779 = EDGE_CURVE ( 'NONE', #803, #7149, #6063, .T. ) ;
#780 = LINE ( 'NONE', #2615, #199 ) ;
#781 = VECTOR ( 'NONE', #6464, 1000.000000000000000 ) ;
#782 = DIRECTION ( 'NONE',  ( -1.000000000000000000, 0.000000000000000000, 0.000000000000000000 ) ) ;
#783 = DIRECTION ( 'NONE',  ( 0.000000000000000000, 0.000000000000000000, -1.000000000000000000 ) ) ;
#784 = ORIENTED_EDGE ( 'NONE', *, *, #685, .T. ) ;
#785 = CARTESIAN_POINT ( 'NONE',  ( 31.27174601004611887, -40.97692647319939141, -4.663148035801218505 ) ) ;
#786 = AXIS2_PLACEMENT_3D ( 'NONE', #7715, #3558, #476 ) ;
#787 = CARTESIAN_POINT ( 'NONE',  ( 9.625558381474982994, -18.76479910009956598, 1.000000000000000000 ) ) ;
#788 = PLANE ( 'NONE',  #5859 ) ;
#789 = ORIENTED_EDGE ( 'NONE', *, *, #3587, .T. ) ;
#790 = DIRECTION ( 'NONE',  ( 0.000000000000000000, -1.000000000000000000, 0.000000000000000000 ) ) ;
#791 = DIRECTION ( 'NONE',  ( 1.000000000000000000, 0.000000000000000000, 0.000000000000000000 ) ) ;
#792 = CARTESIAN_POINT ( 'NONE',  ( 10.51133605906845148, -24.76759449452900341, -9.047210079157837370 ) ) ;
#793 = ORIENTED_EDGE ( 'NONE', *, *, #4494, .F. ) ;
#794 = DIRECTION ( 'NONE',  ( 1.012926086421548048E-15, -1.000000000000000000, -0.000000000000000000 ) ) ;
#795 = ORIENTED_EDGE ( 'NONE', *, *, #1956, .F. ) ;
#796 = VECTOR ( 'NONE', #6709, 1000.000000000000000 ) ;
#797 = CARTESIAN_POINT ( 'NONE',  ( 21.12168797911343532, -28.46452739748744065, 0.5000000000000000000 ) ) ;
#798 = EDGE_CURVE ( 'NONE', #4874, #700, #4274, .T. ) ;
#799 = CARTESIAN_POINT ( 'NONE',  ( 45.87309483438121305, -26.38459728854136799, -6.285192739890203661 ) ) ;
#800 = DIRECTION ( 'NONE',  ( 0.000000000000000000, 0.000000000000000000, 1.000000000000000000 ) ) ;
#801 = VECTOR ( 'NONE', #3459, 1000.000000000000000 ) ;
#802 = CARTESIAN_POINT ( 'NONE',  ( 16.39867395899653246, -33.02123321465289507, 0.5000000000000001110 ) ) ;
#803 = VERTEX_POINT ( 'NONE', #1377 ) ;
#804 = VERTEX_POINT ( 'NONE', #6642 ) ;
#805 = DIRECTION ( 'NONE',  ( -0.000000000000000000, -0.000000000000000000, 1.000000000000000000 ) ) ;
#806 = CARTESIAN_POINT ( 'NONE',  ( 44.38408591663488778, 15.57751706311805151, -5.000000000000000000 ) ) ;
#807 = EDGE_CURVE ( 'NONE', #1378, #4605, #6740, .T. ) ;
#808 = CARTESIAN_POINT ( 'NONE',  ( 23.70130389400117821, -36.54940298368433105, 0.5000000000000000000 ) ) ;
#809 = EDGE_CURVE ( 'NONE', #5599, #4523, #2890, .T. ) ;
#810 = CARTESIAN_POINT ( 'NONE',  ( 48.00806037650425395, -8.626537619883473340, -1.000000000000000000 ) ) ;
#811 = VERTEX_POINT ( 'NONE', #5779 ) ;
#812 = ORIENTED_EDGE ( 'NONE', *, *, #6514, .T. ) ;
#813 = CARTESIAN_POINT ( 'NONE',  ( 44.36295186973670468, -10.37268082840335559, -5.000000000000000000 ) ) ;
#814 = CARTESIAN_POINT ( 'NONE',  ( 13.53735331762207572, -29.94608144501407665, 1.000000000000000000 ) ) ;
#815 = CARTESIAN_POINT ( 'NONE',  ( 16.03872233362454836, -31.18930318519676348, 1.000000000000000000 ) ) ;
#816 = CYLINDRICAL_SURFACE ( 'NONE', #1461, 1.000000000000000888 ) ;
#817 = DIRECTION ( 'NONE',  ( -1.238178564962006334E-44, 1.380205382051887209E-16, -1.000000000000000000 ) ) ;
#818 = CARTESIAN_POINT ( 'NONE',  ( 7.195018997908690928, 15.31055444116485020, -2.000000000000011102 ) ) ;
#819 = EDGE_CURVE ( 'NONE', #4795, #2791, #2790, .T. ) ;
#820 = ORIENTED_EDGE ( 'NONE', *, *, #3574, .T. ) ;
#821 = ORIENTED_EDGE ( 'NONE', *, *, #1902, .F. ) ;
#822 = CARTESIAN_POINT ( 'NONE',  ( 3.396721997073072874, 1.876083684937086327, -1.000000000000000888 ) ) ;
#823 = CARTESIAN_POINT ( 'NONE',  ( 5.650976483555193219, -33.17492970754022963, 0.5000000000000000000 ) ) ;
#824 = FACE_OUTER_BOUND ( 'NONE', #2424, .T. ) ;
#825 = EDGE_LOOP ( 'NONE', ( #1756, #3955, #7233, #2190 ) ) ;
#826 = AXIS2_PLACEMENT_3D ( 'NONE', #277, #2676, #917 ) ;
#827 = CARTESIAN_POINT ( 'NONE',  ( 10.12504406866972317, -27.98426102675569638, 1.000000000000000000 ) ) ;
#828 = CARTESIAN_POINT ( 'NONE',  ( 43.62352618543248894, 22.74374527427766779, -1.000000000000000000 ) ) ;
#829 = DIRECTION ( 'NONE',  ( 0.000000000000000000, 0.000000000000000000, 1.000000000000000000 ) ) ;
#830 = ORIENTED_EDGE ( 'NONE', *, *, #3835, .T. ) ;
#831 = CARTESIAN_POINT ( 'NONE',  ( 24.61001035132672143, -30.49459693642969427, 1.000000000000000222 ) ) ;
#832 = EDGE_CURVE ( 'NONE', #6114, #2960, #2136, .T. ) ;
#833 = ORIENTED_EDGE ( 'NONE', *, *, #557, .F. ) ;
#834 = AXIS2_PLACEMENT_3D ( 'NONE', #4146, #4259, #7710 ) ;
#835 = PLANE ( 'NONE',  #4022 ) ;
#836 = CARTESIAN_POINT ( 'NONE',  ( 19.48134514594337574, -28.92813211927660433, 0.5000000000000000000 ) ) ;
#837 = DIRECTION ( 'NONE',  ( -0.000000000000000000, -0.000000000000000000, 1.000000000000000000 ) ) ;
#838 = PLANE ( 'NONE',  #7485 ) ;
#839 = AXIS2_PLACEMENT_3D ( 'NONE', #5526, #2549, #227 ) ;
#840 = CARTESIAN_POINT ( 'NONE',  ( 22.47462639269249962, -37.05488140921417539, 0.5000000000000000000 ) ) ;
#841 = VERTEX_POINT ( 'NONE', #5614 ) ;
#842 = LINE ( 'NONE', #2640, #4991 ) ;
#843 = AXIS2_PLACEMENT_3D ( 'NONE', #5393, #1761, #2418 ) ;
#844 = DIRECTION ( 'NONE',  ( 0.000000000000000000, -1.000000000000000000, 0.000000000000000000 ) ) ;
#845 = AXIS2_PLACEMENT_3D ( 'NONE', #4602, #7021, #447 ) ;
#846 = CARTESIAN_POINT ( 'NONE',  ( 12.34334880155074643, -40.97692647319939141, -13.76255307708051312 ) ) ;
#847 = LINE ( 'NONE', #4521, #3213 ) ;
#848 = VECTOR ( 'NONE', #7615, 1000.000000000000114 ) ;
#849 = ADVANCED_FACE ( 'NONE', ( #3834 ), #1515, .T. ) ;
#850 = ORIENTED_EDGE ( 'NONE', *, *, #6850, .F. ) ;
#851 = AXIS2_PLACEMENT_3D ( 'NONE', #7604, #6381, #6969 ) ;
#852 = ORIENTED_EDGE ( 'NONE', *, *, #5898, .T. ) ;
#853 = CARTESIAN_POINT ( 'NONE',  ( 8.884817161846983780, -28.84632543663909132, -1.000000000000000000 ) ) ;
#854 = ADVANCED_FACE ( 'NONE', ( #6254 ), #1582, .T. ) ;
#855 = CARTESIAN_POINT ( 'NONE',  ( 14.17528947667637240, -35.33194585812351107, 0.9999999999999997780 ) ) ;
#856 = AXIS2_PLACEMENT_3D ( 'NONE', #7469, #4424, #6328 ) ;
#857 = ORIENTED_EDGE ( 'NONE', *, *, #972, .T. ) ;
#858 = DIRECTION ( 'NONE',  ( 1.000000000000000000, 0.000000000000000000, 0.000000000000000000 ) ) ;
#859 = CARTESIAN_POINT ( 'NONE',  ( 42.75536511354717817, -31.38865712849714384, -6.201502112509221121 ) ) ;
#860 = VECTOR ( 'NONE', #3669, 1000.000000000000000 ) ;
#861 = EDGE_LOOP ( 'NONE', ( #6463, #4701, #3853, #630 ) ) ;
#862 = VERTEX_POINT ( 'NONE', #5097 ) ;
#863 = CARTESIAN_POINT ( 'NONE',  ( 31.27174601004611887, -45.61841504291471949, -1.000000000000000000 ) ) ;
#864 = CARTESIAN_POINT ( 'NONE',  ( 6.106149150086764621, -34.91765208812458354, 1.000000000000000000 ) ) ;
#865 = CARTESIAN_POINT ( 'NONE',  ( -1.109655412721121781, 18.24374527427763581, -11.50000000000000000 ) ) ;
#866 = VERTEX_POINT ( 'NONE', #6374 ) ;
#867 = DIRECTION ( 'NONE',  ( -8.042586066086100112E-17, -3.070295484789979924E-17, -1.000000000000000000 ) ) ;
#868 = CARTESIAN_POINT ( 'NONE',  ( 12.34334880155074643, -45.61841504291471239, -6.201502112509218456 ) ) ;
#869 = DIRECTION ( 'NONE',  ( -1.000000000000000000, 0.000000000000000000, 8.042586066086100112E-17 ) ) ;
#870 = ORIENTED_EDGE ( 'NONE', *, *, #3282, .F. ) ;
#871 = CARTESIAN_POINT ( 'NONE',  ( 44.48286430354961141, -41.11841504291471949, -13.50000000000000178 ) ) ;
#872 = ORIENTED_EDGE ( 'NONE', *, *, #7609, .T. ) ;
#873 = EDGE_CURVE ( 'NONE', #556, #1489, #5181, .T. ) ;
#874 = CARTESIAN_POINT ( 'NONE',  ( 34.02555838147497980, 16.63520089990043260, 0.000000000000000000 ) ) ;
#875 = DIRECTION ( 'NONE',  ( 4.461659691396182670E-33, -1.000000000000000000, 3.070295484789979924E-17 ) ) ;
#876 = CARTESIAN_POINT ( 'NONE',  ( 50.30136346396074032, 11.33447814960963917, -5.285192739890222313 ) ) ;
#877 = DIRECTION ( 'NONE',  ( 0.000000000000000000, 0.000000000000000000, -1.000000000000000000 ) ) ;
#878 = EDGE_CURVE ( 'NONE', #114, #7277, #3468, .T. ) ;
#879 = CARTESIAN_POINT ( 'NONE',  ( 18.17589315412075024, -29.60925680542085914, 0.4999999999999998890 ) ) ;
#880 = DIRECTION ( 'NONE',  ( -1.000000000000000000, 0.000000000000000000, -0.000000000000000000 ) ) ;
#881 = ORIENTED_EDGE ( 'NONE', *, *, #2021, .T. ) ;
#882 = DIRECTION ( 'NONE',  ( 0.000000000000000000, 0.000000000000000000, 1.000000000000000000 ) ) ;
#883 = DIRECTION ( 'NONE',  ( 1.000000000000000000, -0.000000000000000000, -0.000000000000000000 ) ) ;
#884 = CARTESIAN_POINT ( 'NONE',  ( 48.22446011612342431, -40.97692647319937720, -6.663148035801221170 ) ) ;
#885 = CARTESIAN_POINT ( 'NONE',  ( 23.86577819879204654, -30.14088442555110348, 0.5000000000000000000 ) ) ;
#886 = AXIS2_PLACEMENT_3D ( 'NONE', #4939, #1963, #4865 ) ;
#887 = ORIENTED_EDGE ( 'NONE', *, *, #3240, .T. ) ;
#888 = EDGE_CURVE ( 'NONE', #3418, #88, #6877, .T. ) ;
#889 = VERTEX_POINT ( 'NONE', #6918 ) ;
#890 = CARTESIAN_POINT ( 'NONE',  ( 17.17893454858295144, -30.35868618648791895, 0.5000000000000000000 ) ) ;
#891 = CARTESIAN_POINT ( 'NONE',  ( 10.12415040356133211, -27.98438308710148092, 1.000000000000000000 ) ) ;
#892 = EDGE_CURVE ( 'NONE', #2760, #6822, #1542, .T. ) ;
#893 = CARTESIAN_POINT ( 'NONE',  ( 17.17112418921717421, -30.39965647115047176, 0.5000000000000000000 ) ) ;
#894 = LINE ( 'NONE', #3238, #711 ) ;
#895 = AXIS2_PLACEMENT_3D ( 'NONE', #4311, #4905, #3646 ) ;
#896 = DIRECTION ( 'NONE',  ( 0.000000000000000000, 0.000000000000000000, -1.000000000000000000 ) ) ;
#897 = VECTOR ( 'NONE', #4691, 1000.000000000000000 ) ;
#898 = DIRECTION ( 'NONE',  ( 0.000000000000000000, 0.000000000000000000, -1.000000000000000000 ) ) ;
#899 = VERTEX_POINT ( 'NONE', #473 ) ;
#900 = VERTEX_POINT ( 'NONE', #1177 ) ;
#901 = CARTESIAN_POINT ( 'NONE',  ( -1.609655412721123557, 18.57713653788339769, -13.43416228946037982 ) ) ;
#902 = CARTESIAN_POINT ( 'NONE',  ( 5.029260249581986919, -32.55922271348409680, 1.000000000000000000 ) ) ;
#903 = CARTESIAN_POINT ( 'NONE',  ( 16.34169613581559588, -34.17076348518464357, 1.000000000000000222 ) ) ;
#904 = ORIENTED_EDGE ( 'NONE', *, *, #3671, .F. ) ;
#905 = AXIS2_PLACEMENT_3D ( 'NONE', #6212, #3218, #2004 ) ;
#906 = CARTESIAN_POINT ( 'NONE',  ( 9.786020522053515691, -28.55012823558464063, 0.9999999999994592104 ) ) ;
#907 = LINE ( 'NONE', #1373, #6507 ) ;
#908 = EDGE_CURVE ( 'NONE', #7325, #3943, #1138, .T. ) ;
#909 = DIRECTION ( 'NONE',  ( -0.000000000000000000, -0.000000000000000000, 1.000000000000000000 ) ) ;
#910 = ORIENTED_EDGE ( 'NONE', *, *, #320, .T. ) ;
#911 = VECTOR ( 'NONE', #3856, 1000.000000000000000 ) ;
#912 = CARTESIAN_POINT ( 'NONE',  ( 9.833540866019065518, -43.29767075805705900, -6.201502112509220233 ) ) ;
#913 = ORIENTED_EDGE ( 'NONE', *, *, #5346, .F. ) ;
#914 = EDGE_CURVE ( 'NONE', #7019, #3426, #4666, .T. ) ;
#915 = CARTESIAN_POINT ( 'NONE',  ( -3.109655412721124002, -41.11841504291472660, -9.761502062182218609 ) ) ;
#916 = DIRECTION ( 'NONE',  ( 0.000000000000000000, -0.000000000000000000, 1.000000000000000000 ) ) ;
#917 = DIRECTION ( 'NONE',  ( 0.000000000000000000, 1.000000000000000000, 0.000000000000000000 ) ) ;
#918 = LINE ( 'NONE', #955, #5231 ) ;
#919 = CIRCLE ( 'NONE', #5677, 0.8000000000000020428 ) ;
#920 = CARTESIAN_POINT ( 'NONE',  ( 12.34334880155074643, -40.97692647319939141, -6.201502112509218456 ) ) ;
#921 = ORIENTED_EDGE ( 'NONE', *, *, #4431, .T. ) ;
#922 = CARTESIAN_POINT ( 'NONE',  ( 41.96106399535297982, 11.54623778400322109, -1.000000000000000000 ) ) ;
#923 = CARTESIAN_POINT ( 'NONE',  ( 24.29377299691450176, -35.72261608696392443, 1.000000000000000000 ) ) ;
#924 = EDGE_CURVE ( 'NONE', #4242, #7786, #5432, .T. ) ;
#925 = EDGE_CURVE ( 'NONE', #7396, #88, #2825, .T. ) ;
#926 = AXIS2_PLACEMENT_3D ( 'NONE', #4966, #940, #2739 ) ;
#927 = LINE ( 'NONE', #3308, #1295 ) ;
#928 = SURFACE_STYLE_USAGE ( .BOTH. , #6307 ) ;
#929 = ORIENTED_EDGE ( 'NONE', *, *, #2481, .T. ) ;
#930 = ORIENTED_EDGE ( 'NONE', *, *, #7508, .T. ) ;
#931 = LINE ( 'NONE', #3313, #4016 ) ;
#932 = EDGE_CURVE ( 'NONE', #4478, #2387, #7634, .T. ) ;
#933 = CARTESIAN_POINT ( 'NONE',  ( 10.74748052851045088, -27.95428379965467869, 1.000000000000000000 ) ) ;
#934 = DIRECTION ( 'NONE',  ( -1.000000000000000000, -1.873501354054951908E-16, 8.042586066086101344E-17 ) ) ;
#935 = CARTESIAN_POINT ( 'NONE',  ( 12.74928301024631416, -36.68418493466880648, 0.5000000000000000000 ) ) ;
#936 = CARTESIAN_POINT ( 'NONE',  ( 8.202730447109999545, 15.31055444116485020, -2.000000000000011102 ) ) ;
#937 = CARTESIAN_POINT ( 'NONE',  ( 12.34334880155074643, -40.56364722183403160, -13.26766223891080720 ) ) ;
#938 = ORIENTED_EDGE ( 'NONE', *, *, #7344, .F. ) ;
#939 = ORIENTED_EDGE ( 'NONE', *, *, #6878, .T. ) ;
#940 = DIRECTION ( 'NONE',  ( 0.000000000000000000, 0.000000000000000000, 1.000000000000000000 ) ) ;
#941 = CARTESIAN_POINT ( 'NONE',  ( 8.051786332531214896, -36.43068781053949579, 1.000000000000000000 ) ) ;
#942 = CARTESIAN_POINT ( 'NONE',  ( 20.79592599609053138, -37.35946115453103289, 1.000000000000000222 ) ) ;
#943 = EDGE_LOOP ( 'NONE', ( #6264, #4465, #280, #6762 ) ) ;
#944 = CARTESIAN_POINT ( 'NONE',  ( 5.644693691445203498, 11.54623778400322109, -9.592411343199959362 ) ) ;
#945 = FACE_OUTER_BOUND ( 'NONE', #4809, .T. ) ;
#946 = CARTESIAN_POINT ( 'NONE',  ( -1.609655412721123557, 18.74374527427763581, -11.50000000000000000 ) ) ;
#947 = ORIENTED_EDGE ( 'NONE', *, *, #3760, .T. ) ;
#948 = DIRECTION ( 'NONE',  ( -8.042586066086100112E-17, -3.070295484789979924E-17, -1.000000000000000000 ) ) ;
#949 = ORIENTED_EDGE ( 'NONE', *, *, #7708, .F. ) ;
#950 = DIRECTION ( 'NONE',  ( -2.191703603828919359E-17, -1.000000000000000000, 0.000000000000000000 ) ) ;
#951 =( NAMED_UNIT ( * ) SI_UNIT ( $, .STERADIAN. ) SOLID_ANGLE_UNIT ( ) );
#952 = EDGE_CURVE ( 'NONE', #3397, #3407, #1623, .T. ) ;
#953 = DIRECTION ( 'NONE',  ( -0.8373288125210047728, -0.5466996064770524022, 0.000000000000000000 ) ) ;
#954 = DIRECTION ( 'NONE',  ( -0.000000000000000000, -0.000000000000000000, 1.000000000000000000 ) ) ;
#955 = CARTESIAN_POINT ( 'NONE',  ( 45.68722585882243692, -43.23723148550483586, 1.262741699796958716 ) ) ;
#956 = AXIS2_PLACEMENT_3D ( 'NONE', #2625, #6830, #1450 ) ;
#957 = CARTESIAN_POINT ( 'NONE',  ( 11.31133605906838113, -24.76759449452900341, -1.000000000000000888 ) ) ;
#958 = ORIENTED_EDGE ( 'NONE', *, *, #99, .F. ) ;
#959 = CARTESIAN_POINT ( 'NONE',  ( 44.22735356466323964, -45.61841504291471949, -13.43649167310370984 ) ) ;
#960 = DIRECTION ( 'NONE',  ( 1.000000000000000000, 8.341577336712751021E-17, 0.000000000000000000 ) ) ;
#961 = CARTESIAN_POINT ( 'NONE',  ( 24.21635081989813187, -30.76485749922561297, -1.000000000000000000 ) ) ;
#962 = CARTESIAN_POINT ( 'NONE',  ( 21.65387422234415382, -28.46451237128717082, 0.5000000000000001110 ) ) ;
#963 = ORIENTED_EDGE ( 'NONE', *, *, #524, .F. ) ;
#964 = VERTEX_POINT ( 'NONE', #7082 ) ;
#965 = CARTESIAN_POINT ( 'NONE',  ( 49.00749553206704690, 12.65288649460165438, -11.50000000000000000 ) ) ;
#966 = CARTESIAN_POINT ( 'NONE',  ( 8.612540036284624279, -28.94883974188691766, 0.5000000000000000000 ) ) ;
#967 = CARTESIAN_POINT ( 'NONE',  ( -3.609655412721123557, -23.25500368935529139, -7.551502062183216957 ) ) ;
#968 = CARTESIAN_POINT ( 'NONE',  ( 17.57682931162216633, -35.54948778041421065, 1.000000000000000000 ) ) ;
#969 = AXIS2_PLACEMENT_3D ( 'NONE', #6076, #6542, #5467 ) ;
#970 = AXIS2_PLACEMENT_3D ( 'NONE', #4581, #3119, #3659 ) ;
#971 = CARTESIAN_POINT ( 'NONE',  ( 6.085126097701873960, -34.21367454919111140, -1.000000000000000000 ) ) ;
#972 = EDGE_CURVE ( 'NONE', #7081, #1897, #3556, .T. ) ;
#973 = DIRECTION ( 'NONE',  ( 1.000000000000000000, 0.000000000000000000, 0.000000000000000000 ) ) ;
#974 = EDGE_LOOP ( 'NONE', ( #4252, #4917, #4003, #6319 ) ) ;
#975 = FACE_OUTER_BOUND ( 'NONE', #6255, .T. ) ;
#976 = VERTEX_POINT ( 'NONE', #2942 ) ;
#977 = TOROIDAL_SURFACE ( 'NONE', #3471, 5.000000000000003553, 1.000000000000000000 ) ;
#978 = ORIENTED_EDGE ( 'NONE', *, *, #7489, .T. ) ;
#979 = LINE ( 'NONE', #6437, #3422 ) ;
#980 = CARTESIAN_POINT ( 'NONE',  ( 5.172177849732469745, -33.32404983413560018, 1.000000000000000000 ) ) ;
#981 = ORIENTED_EDGE ( 'NONE', *, *, #3952, .T. ) ;
#982 = CARTESIAN_POINT ( 'NONE',  ( 34.25612515595094720, -43.29767075805705900, -6.201502112509223785 ) ) ;
#983 = DIRECTION ( 'NONE',  ( 0.000000000000000000, 1.000000000000000000, 0.000000000000000000 ) ) ;
#984 = AXIS2_PLACEMENT_3D ( 'NONE', #792, #4974, #6875 ) ;
#985 = LINE ( 'NONE', #1700, #6386 ) ;
#986 = VERTEX_POINT ( 'NONE', #3488 ) ;
#987 = B_SPLINE_CURVE_WITH_KNOTS ( 'NONE', 3,
 ( #5925, #6004, #7142, #1798, #4803 ),
 .UNSPECIFIED., .F., .F.,
 ( 4, 1, 4 ),
 ( 0.01320784546570556196, 0.01322037585660497915, 0.01323290624750439633 ),
 .UNSPECIFIED. ) ;
#988 = CARTESIAN_POINT ( 'NONE',  ( 23.60372990742493116, -28.93927136674655642, 1.000000000000000222 ) ) ;
#989 = EDGE_CURVE ( 'NONE', #222, #990, #6410, .T. ) ;
#990 = VERTEX_POINT ( 'NONE', #1662 ) ;
#991 = FACE_OUTER_BOUND ( 'NONE', #5315, .T. ) ;
#992 = LINE ( 'NONE', #5100, #4386 ) ;
#993 = CARTESIAN_POINT ( 'NONE',  ( 44.48286430354956877, -47.11841504291472660, -2.000000000000000000 ) ) ;
#994 = CARTESIAN_POINT ( 'NONE',  ( -3.609655412721123557, -15.26500368935729135, -8.211502062182216122 ) ) ;
#995 = EDGE_CURVE ( 'NONE', #1014, #964, #1778, .T. ) ;
#996 = DIRECTION ( 'NONE',  ( 1.000000000000000000, 2.835988470872018010E-33, -8.042586066086100112E-17 ) ) ;
#997 = ORIENTED_EDGE ( 'NONE', *, *, #5633, .T. ) ;
#998 = CYLINDRICAL_SURFACE ( 'NONE', #628, 4.000000000000000000 ) ;
#999 = PLANE ( 'NONE',  #7368 ) ;
#1000 = ORIENTED_EDGE ( 'NONE', *, *, #2870, .T. ) ;
#1001 = EDGE_CURVE ( 'NONE', #3426, #4667, #5857, .T. ) ;
#1002 = CARTESIAN_POINT ( 'NONE',  ( 50.30828536141694229, 9.334478149609639175, -7.285192739890223201 ) ) ;
#1003 = CARTESIAN_POINT ( 'NONE',  ( 23.72564976848729401, -29.90882551122084365, 0.5000000000000000000 ) ) ;
#1004 = ORIENTED_EDGE ( 'NONE', *, *, #908, .F. ) ;
#1005 = EDGE_CURVE ( 'NONE', #1331, #4892, #2866, .T. ) ;
#1006 = VERTEX_POINT ( 'NONE', #7678 ) ;
#1007 = DIRECTION ( 'NONE',  ( 0.000000000000000000, 0.000000000000000000, -1.000000000000000000 ) ) ;
#1008 = FACE_OUTER_BOUND ( 'NONE', #1958, .T. ) ;
#1009 = CARTESIAN_POINT ( 'NONE',  ( 15.84118074048430991, -31.93640742204537020, 1.000000000000000000 ) ) ;
#1010 = CIRCLE ( 'NONE', #3386, 4.000000000000000000 ) ;
#1011 = DIRECTION ( 'NONE',  ( 1.000000000000000000, 0.000000000000000000, 0.000000000000000000 ) ) ;
#1012 = ADVANCED_FACE ( 'NONE', ( #2281 ), #5897, .T. ) ;
#1013 = LINE ( 'NONE', #337, #6232 ) ;
#1014 = VERTEX_POINT ( 'NONE', #5296 ) ;
#1015 = CARTESIAN_POINT ( 'NONE',  ( 22.43780437787022919, -28.64259715304420695, -1.000000000000000000 ) ) ;
#1016 = FACE_OUTER_BOUND ( 'NONE', #4518, .T. ) ;
#1017 = EDGE_CURVE ( 'NONE', #5932, #866, #7713, .T. ) ;
#1018 = EDGE_CURVE ( 'NONE', #7115, #6917, #3740, .T. ) ;
#1019 = DIRECTION ( 'NONE',  ( -1.453169479452033105E-16, 0.000000000000000000, -1.000000000000000000 ) ) ;
#1020 = ORIENTED_EDGE ( 'NONE', *, *, #5947, .T. ) ;
#1021 = CARTESIAN_POINT ( 'NONE',  ( 7.323732930487381054, -40.97692647319939141, -6.201502112509218456 ) ) ;
#1022 = AXIS2_PLACEMENT_3D ( 'NONE', #7523, #2125, #3919 ) ;
#1023 = PLANE ( 'NONE',  #4593 ) ;
#1024 = DIRECTION ( 'NONE',  ( -0.000000000000000000, -0.000000000000000000, 1.000000000000000000 ) ) ;
#1025 = ORIENTED_EDGE ( 'NONE', *, *, #5873, .F. ) ;
#1026 = CARTESIAN_POINT ( 'NONE',  ( 46.08259321813340392, -4.456046650082968519, -5.000000000000000000 ) ) ;
#1027 = ORIENTED_EDGE ( 'NONE', *, *, #1480, .F. ) ;
#1028 = CYLINDRICAL_SURFACE ( 'NONE', #1153, 0.8000000000000020428 ) ;
#1029 = VECTOR ( 'NONE', #65, 1000.000000000000000 ) ;
#1030 = CARTESIAN_POINT ( 'NONE',  ( -3.609655412721123557, -24.80500368935529565, -7.551502062183216957 ) ) ;
#1031 = CARTESIAN_POINT ( 'NONE',  ( 13.64555109684976841, -35.33056104928429875, 0.5000000000000000000 ) ) ;
#1032 = LINE ( 'NONE', #398, #3100 ) ;
#1033 = VECTOR ( 'NONE', #1544, 1000.000000000000000 ) ;
#1034 = CARTESIAN_POINT ( 'NONE',  ( 4.196721997073072252, 1.876083684937086327, -9.451567670042738456 ) ) ;
#1035 = VERTEX_POINT ( 'NONE', #1292 ) ;
#1036 = DIRECTION ( 'NONE',  ( -1.000000000000000000, 1.658554010794165570E-16, 0.000000000000000000 ) ) ;
#1037 = CARTESIAN_POINT ( 'NONE',  ( 47.48284633646188269, -41.10803225891356760, 1.000000000000000000 ) ) ;
#1038 = AXIS2_PLACEMENT_3D ( 'NONE', #1254, #67, #2470 ) ;
#1039 = PLANE ( 'NONE',  #1423 ) ;
#1040 = DIRECTION ( 'NONE',  ( 1.000000000000000000, 0.000000000000000000, -8.042586066086100112E-17 ) ) ;
#1041 = ORIENTED_EDGE ( 'NONE', *, *, #6490, .T. ) ;
#1042 = EDGE_LOOP ( 'NONE', ( #6079, #2799 ) ) ;
#1043 = CARTESIAN_POINT ( 'NONE',  ( -3.109655412721123557, -23.25500368935529139, -7.551502062183216957 ) ) ;
#1044 = CARTESIAN_POINT ( 'NONE',  ( 42.50367785261521192, -8.763023730668720646, -2.000000000000014655 ) ) ;
#1045 = CIRCLE ( 'NONE', #2560, 6.000000000000005329 ) ;
#1046 = EDGE_CURVE ( 'NONE', #804, #7747, #4262, .T. ) ;
#1047 = EDGE_CURVE ( 'NONE', #4168, #6409, #4813, .T. ) ;
#1048 = CARTESIAN_POINT ( 'NONE',  ( 15.96621224629227598, -33.32387858134478620, 1.000000000000000000 ) ) ;
#1049 = CARTESIAN_POINT ( 'NONE',  ( 12.37842512130065131, -36.89991091884907348, -1.000000000000000000 ) ) ;
#1050 = VECTOR ( 'NONE', #1430, 1000.000000000000000 ) ;
#1051 = EDGE_CURVE ( 'NONE', #5498, #2218, #6414, .T. ) ;
#1052 = CARTESIAN_POINT ( 'NONE',  ( 44.88722585882243266, 19.14266193162950103, -6.663148035801222946 ) ) ;
#1053 = ORIENTED_EDGE ( 'NONE', *, *, #7490, .F. ) ;
#1054 = VERTEX_POINT ( 'NONE', #1951 ) ;
#1055 = CARTESIAN_POINT ( 'NONE',  ( 23.10587892323242443, -29.10954807826032820, -1.000000000000000000 ) ) ;
#1056 = CARTESIAN_POINT ( 'NONE',  ( 5.644693691445203498, 10.57728446746354045, -1.000000000000000000 ) ) ;
#1057 = CARTESIAN_POINT ( 'NONE',  ( 8.860650884448700637, -36.87826708964105649, 1.000000000000000000 ) ) ;
#1058 = VERTEX_POINT ( 'NONE', #2509 ) ;
#1059 = DIRECTION ( 'NONE',  ( 1.000000000000000000, 0.000000000000000000, 0.000000000000000000 ) ) ;
#1060 = CARTESIAN_POINT ( 'NONE',  ( 5.519044372570524715, -30.62991520957085001, 0.9999999999999997780 ) ) ;
#1061 = CARTESIAN_POINT ( 'NONE',  ( 37.72555838147485474, -8.763023730668720646, -1.000000000000000000 ) ) ;
#1062 = ORIENTED_EDGE ( 'NONE', *, *, #2267, .T. ) ;
#1063 = ORIENTED_EDGE ( 'NONE', *, *, #364, .T. ) ;
#1064 = CARTESIAN_POINT ( 'NONE',  ( 41.96106399535297982, 10.57728446746354045, -1.000000000000000000 ) ) ;
#1065 = ORIENTED_EDGE ( 'NONE', *, *, #668, .F. ) ;
#1066 = PLANE ( 'NONE',  #4652 ) ;
#1067 = APPLICATION_PROTOCOL_DEFINITION ( 'draft international standard', 'automotive_design', 1998, #623 ) ;
#1068 = DIRECTION ( 'NONE',  ( 0.000000000000000000, 1.000000000000000000, 0.000000000000000000 ) ) ;
#1069 = CARTESIAN_POINT ( 'NONE',  ( 14.12208338373611660, -35.48276559455281642, 1.000000000000000000 ) ) ;
#1070 = CARTESIAN_POINT ( 'NONE',  ( 44.88722585882243266, -43.23723148550483586, 1.262741699796958716 ) ) ;
#1071 = EDGE_CURVE ( 'NONE', #7158, #5964, #143, .T. ) ;
#1072 = LINE ( 'NONE', #4121, #4760 ) ;
#1073 = EDGE_LOOP ( 'NONE', ( #1089, #5324, #2173, #4834 ) ) ;
#1074 = CARTESIAN_POINT ( 'NONE',  ( 37.24050430185577198, -45.61841504291471239, -1.000000000000000000 ) ) ;
#1075 = FACE_OUTER_BOUND ( 'NONE', #6286, .T. ) ;
#1076 = CYLINDRICAL_SURFACE ( 'NONE', #2930, 5.999999999999998224 ) ;
#1077 = FACE_OUTER_BOUND ( 'NONE', #2779, .T. ) ;
#1078 = VERTEX_POINT ( 'NONE', #33 ) ;
#1079 = ORIENTED_EDGE ( 'NONE', *, *, #475, .T. ) ;
#1080 = CARTESIAN_POINT ( 'NONE',  ( 46.08259321813340392, 10.28286628251796131, -5.000000000000000000 ) ) ;
#1081 = CARTESIAN_POINT ( 'NONE',  ( 13.93605415665212455, -32.97975461394749885, 0.5000000000000000000 ) ) ;
#1082 = VECTOR ( 'NONE', #4503, 1000.000000000000000 ) ;
#1083 = CARTESIAN_POINT ( 'NONE',  ( 47.98256164536418567, 12.65288649460165438, -11.50000000000000000 ) ) ;
#1084 = EDGE_CURVE ( 'NONE', #13, #3619, #4641, .T. ) ;
#1085 = CYLINDRICAL_SURFACE ( 'NONE', #2963, 1.550000000000000933 ) ;
#1086 = CIRCLE ( 'NONE', #1208, 1.549999999999922995 ) ;
#1087 = CARTESIAN_POINT ( 'NONE',  ( 46.08259321813340392, -10.37268082840335559, -1.000000000000000000 ) ) ;
#1088 = EDGE_CURVE ( 'NONE', #1159, #5331, #4225, .T. ) ;
#1089 = ORIENTED_EDGE ( 'NONE', *, *, #3743, .F. ) ;
#1090 = DIRECTION ( 'NONE',  ( -0.000000000000000000, -0.000000000000000000, 1.000000000000000000 ) ) ;
#1091 = DIRECTION ( 'NONE',  ( -1.000000000000000000, 0.000000000000000000, 0.000000000000000000 ) ) ;
#1092 = VECTOR ( 'NONE', #1690, 1000.000000000000000 ) ;
#1093 = CARTESIAN_POINT ( 'NONE',  ( 25.16436629349527720, 22.74374527427766779, -9.592411343199959362 ) ) ;
#1094 = ORIENTED_EDGE ( 'NONE', *, *, #3878, .F. ) ;
#1095 = CARTESIAN_POINT ( 'NONE',  ( 45.87309483438121305, -26.38459728854136799, -5.285192739890203661 ) ) ;
#1096 = ORIENTED_EDGE ( 'NONE', *, *, #4853, .F. ) ;
#1097 = FACE_OUTER_BOUND ( 'NONE', #6073, .T. ) ;
#1098 = CARTESIAN_POINT ( 'NONE',  ( 41.96106399535297982, 10.57728446746354045, -2.000000000000011990 ) ) ;
#1099 = EDGE_CURVE ( 'NONE', #7679, #4704, #5446, .T. ) ;
#1100 = VECTOR ( 'NONE', #4010, 1000.000000000000000 ) ;
#1101 = ORIENTED_EDGE ( 'NONE', *, *, #7085, .F. ) ;
#1102 = DIRECTION ( 'NONE',  ( -0.000000000000000000, -0.000000000000000000, 1.000000000000000000 ) ) ;
#1103 = EDGE_LOOP ( 'NONE', ( #3272, #7412 ) ) ;
#1104 = DIRECTION ( 'NONE',  ( -1.000000000000000000, 0.000000000000000000, 0.000000000000000000 ) ) ;
#1105 = LINE ( 'NONE', #4303, #796 ) ;
#1106 = AXIS2_PLACEMENT_3D ( 'NONE', #2745, #1733, #350 ) ;
#1107 = DIRECTION ( 'NONE',  ( -1.000000000000000000, 0.000000000000000000, -0.000000000000000000 ) ) ;
#1108 = DIRECTION ( 'NONE',  ( 1.000000000000000000, -0.000000000000000000, -0.000000000000000000 ) ) ;
#1109 = ADVANCED_FACE ( 'NONE', ( #6631 ), #3631, .T. ) ;
#1110 = FACE_OUTER_BOUND ( 'NONE', #3898, .T. ) ;
#1111 = ORIENTED_EDGE ( 'NONE', *, *, #1674, .F. ) ;
#1112 = VECTOR ( 'NONE', #7468, 1000.000000000000000 ) ;
#1113 = CARTESIAN_POINT ( 'NONE',  ( 22.87306296673999029, -28.35828317920270436, 1.000000000000000000 ) ) ;
#1114 = FACE_OUTER_BOUND ( 'NONE', #1140, .T. ) ;
#1115 = EDGE_CURVE ( 'NONE', #3183, #986, #3673, .T. ) ;
#1116 = CARTESIAN_POINT ( 'NONE',  ( 37.72555838147486185, 10.57728446746354045, -1.000000000000000000 ) ) ;
#1117 = LINE ( 'NONE', #2217, #590 ) ;
#1118 = VERTEX_POINT ( 'NONE', #669 ) ;
#1119 = ORIENTED_EDGE ( 'NONE', *, *, #4351, .T. ) ;
#1120 = ORIENTED_EDGE ( 'NONE', *, *, #6656, .F. ) ;
#1121 = DIRECTION ( 'NONE',  ( -0.000000000000000000, -0.000000000000000000, 1.000000000000000000 ) ) ;
#1122 = CARTESIAN_POINT ( 'NONE',  ( 44.48286430354959720, 22.24374527427767845, -11.50000000000000355 ) ) ;
#1123 = CARTESIAN_POINT ( 'NONE',  ( -1.609655412721124446, 17.10562838809392971, -6.663148035801220281 ) ) ;
#1124 = FACE_OUTER_BOUND ( 'NONE', #4664, .T. ) ;
#1125 = CARTESIAN_POINT ( 'NONE',  ( 6.625558381474967007, 11.63520089990043083, 0.000000000000000000 ) ) ;
#1126 = ORIENTED_EDGE ( 'NONE', *, *, #2505, .F. ) ;
#1127 = DIRECTION ( 'NONE',  ( 0.000000000000000000, 1.000000000000000000, -3.070295484789979924E-17 ) ) ;
#1128 = EDGE_CURVE ( 'NONE', #3462, #1245, #3518, .T. ) ;
#1129 = ORIENTED_EDGE ( 'NONE', *, *, #99, .T. ) ;
#1130 = CARTESIAN_POINT ( 'NONE',  ( 44.38408591663488778, 10.28286628251796131, -1.000000000000000000 ) ) ;
#1131 = AXIS2_PLACEMENT_3D ( 'NONE', #5831, #362, #2174 ) ;
#1132 = CARTESIAN_POINT ( 'NONE',  ( 10.00163032895371451, -37.35955186711425569, 1.000000000000000000 ) ) ;
#1133 = ORIENTED_EDGE ( 'NONE', *, *, #122, .F. ) ;
#1134 = DIRECTION ( 'NONE',  ( -0.000000000000000000, -0.000000000000000000, 1.000000000000000000 ) ) ;
#1135 = PLANE ( 'NONE',  #2603 ) ;
#1136 = VECTOR ( 'NONE', #4746, 1000.000000000000000 ) ;
#1137 = ORIENTED_EDGE ( 'NONE', *, *, #6681, .T. ) ;
#1138 = LINE ( 'NONE', #1064, #6914 ) ;
#1139 = EDGE_CURVE ( 'NONE', #3823, #1444, #5562, .T. ) ;
#1140 = EDGE_LOOP ( 'NONE', ( #6218, #7380, #1192, #1517 ) ) ;
#1141 = DIRECTION ( 'NONE',  ( -1.000000000000000000, -1.421904488505578915E-16, 0.000000000000000000 ) ) ;
#1142 = CARTESIAN_POINT ( 'NONE',  ( 44.48286430354961141, -44.11841504291471949, -2.000000000000000000 ) ) ;
#1143 = ORIENTED_EDGE ( 'NONE', *, *, #2982, .F. ) ;
#1144 = CARTESIAN_POINT ( 'NONE',  ( 12.04059988108874535, -28.93462811691213687, 0.5000000000000000000 ) ) ;
#1145 = LINE ( 'NONE', #994, #4343 ) ;
#1146 = EDGE_CURVE ( 'NONE', #1851, #2473, #7342, .T. ) ;
#1147 = AXIS2_PLACEMENT_3D ( 'NONE', #3550, #5966, #2421 ) ;
#1148 = DIRECTION ( 'NONE',  ( -1.000000000000000000, 0.000000000000000000, 0.000000000000000000 ) ) ;
#1149 = ORIENTED_EDGE ( 'NONE', *, *, #219, .T. ) ;
#1150 = CARTESIAN_POINT ( 'NONE',  ( 24.65957659241380284, -32.35102276063340554, 0.9999999999994650945 ) ) ;
#1151 = CARTESIAN_POINT ( 'NONE',  ( 12.82033012497712221, -27.06847516654442032, -3.000000000000000000 ) ) ;
#1152 = DIRECTION ( 'NONE',  ( -0.000000000000000000, -0.000000000000000000, 1.000000000000000000 ) ) ;
#1153 = AXIS2_PLACEMENT_3D ( 'NONE', #4510, #4428, #5781 ) ;
#1154 = CYLINDRICAL_SURFACE ( 'NONE', #845, 5.999999999999994671 ) ;
#1155 = ORIENTED_EDGE ( 'NONE', *, *, #6490, .F. ) ;
#1156 = EDGE_CURVE ( 'NONE', #5145, #1173, #746, .T. ) ;
#1157 = ORIENTED_EDGE ( 'NONE', *, *, #5065, .F. ) ;
#1158 = EDGE_CURVE ( 'NONE', #6979, #39, #5487, .T. ) ;
#1159 = VERTEX_POINT ( 'NONE', #6745 ) ;
#1160 = VECTOR ( 'NONE', #6396, 1000.000000000000000 ) ;
#1161 = DIRECTION ( 'NONE',  ( -0.000000000000000000, -0.000000000000000000, -1.000000000000000000 ) ) ;
#1162 = VERTEX_POINT ( 'NONE', #109 ) ;
#1163 = CARTESIAN_POINT ( 'NONE',  ( 7.323732930487381054, -40.56364722183403160, -4.663148035801216729 ) ) ;
#1164 = ORIENTED_EDGE ( 'NONE', *, *, #7683, .F. ) ;
#1165 = CARTESIAN_POINT ( 'NONE',  ( 17.34013143524991918, -35.34941027665852431, 1.000000000000000000 ) ) ;
#1166 = CARTESIAN_POINT ( 'NONE',  ( 25.68877323985573824, -45.61841504291471949, -3.684504751596059613 ) ) ;
#1167 = ORIENTED_EDGE ( 'NONE', *, *, #6243, .T. ) ;
#1168 = ADVANCED_FACE ( 'NONE', ( #7305 ), #6160, .F. ) ;
#1169 = VECTOR ( 'NONE', #3744, 1000.000000000000000 ) ;
#1170 = LINE ( 'NONE', #544, #774 ) ;
#1171 = CARTESIAN_POINT ( 'NONE',  ( 37.24050430185577198, -45.61841504291471239, -13.26766223891080720 ) ) ;
#1172 = CARTESIAN_POINT ( 'NONE',  ( 34.25612515595094720, -43.29767075805705900, -1.201502112509223341 ) ) ;
#1173 = VERTEX_POINT ( 'NONE', #3166 ) ;
#1174 = VECTOR ( 'NONE', #2804, 1000.000000000000000 ) ;
#1175 = CARTESIAN_POINT ( 'NONE',  ( 2.596721997073072608, 1.876083684937086327, -2.000000000000012879 ) ) ;
#1176 = CARTESIAN_POINT ( 'NONE',  ( 47.98256164536418567, 18.74374527427764292, -11.50000000000000000 ) ) ;
#1177 = CARTESIAN_POINT ( 'NONE',  ( 8.202730447109999545, 22.74374527427766068, -1.000000000000000000 ) ) ;
#1178 = ORIENTED_EDGE ( 'NONE', *, *, #888, .T. ) ;
#1179 = DIRECTION ( 'NONE',  ( -0.000000000000000000, -0.000000000000000000, 1.000000000000000000 ) ) ;
#1180 = PLANE ( 'NONE',  #644 ) ;
#1181 = ORIENTED_EDGE ( 'NONE', *, *, #1380, .T. ) ;
#1182 = CARTESIAN_POINT ( 'NONE',  ( 12.63167925690278182, -29.49638310956916953, 0.5000000000000000000 ) ) ;
#1183 = EDGE_CURVE ( 'NONE', #4108, #4162, #1471, .T. ) ;
#1184 = CARTESIAN_POINT ( 'NONE',  ( 25.16436629349527720, 15.31055444116484487, -1.000000000000000000 ) ) ;
#1185 = DIRECTION ( 'NONE',  ( 0.000000000000000000, 0.000000000000000000, 1.000000000000000000 ) ) ;
#1186 = ORIENTED_EDGE ( 'NONE', *, *, #1780, .T. ) ;
#1187 = ADVANCED_FACE ( 'NONE', ( #2736 ), #5125, .F. ) ;
#1188 = CARTESIAN_POINT ( 'NONE',  ( 24.27035212879768622, -30.96879509965886257, 1.000000000000001332 ) ) ;
#1189 = DIRECTION ( 'NONE',  ( 0.000000000000000000, 1.000000000000000000, 0.000000000000000000 ) ) ;
#1190 = CARTESIAN_POINT ( 'NONE',  ( -1.609655412721123557, 18.74374527427763581, -13.42912948050400956 ) ) ;
#1191 =( NAMED_UNIT ( * ) PLANE_ANGLE_UNIT ( ) SI_UNIT ( $, .RADIAN. ) );
#1192 = ORIENTED_EDGE ( 'NONE', *, *, #7746, .T. ) ;
#1193 = ORIENTED_EDGE ( 'NONE', *, *, #4591, .T. ) ;
#1194 = EDGE_CURVE ( 'NONE', #6211, #6393, #5020, .T. ) ;
#1195 = ORIENTED_EDGE ( 'NONE', *, *, #226, .T. ) ;
#1196 = DIRECTION ( 'NONE',  ( -1.000000000000000000, 0.000000000000000000, 2.710505431213754182E-16 ) ) ;
#1197 = DIRECTION ( 'NONE',  ( 0.000000000000000000, 0.000000000000000000, 1.000000000000000000 ) ) ;
#1198 = CARTESIAN_POINT ( 'NONE',  ( 5.172214081105726002, -33.32416787776936928, 1.000000000000000000 ) ) ;
#1199 = CARTESIAN_POINT ( 'NONE',  ( 7.620067560892297642, -29.46764490646226520, -1.000000000000000000 ) ) ;
#1200 = ORIENTED_EDGE ( 'NONE', *, *, #3684, .T. ) ;
#1201 = CARTESIAN_POINT ( 'NONE',  ( 12.31184452667201512, -29.10971933104916687, -1.000000000000000444 ) ) ;
#1202 = AXIS2_PLACEMENT_3D ( 'NONE', #7349, #790, #4970 ) ;
#1203 = DIRECTION ( 'NONE',  ( 0.004510476481664495857, -0.9999898277492168530, 3.196359366350211616E-17 ) ) ;
#1204 = DIRECTION ( 'NONE',  ( 0.000000000000000000, 0.000000000000000000, -1.000000000000000000 ) ) ;
#1205 = DIRECTION ( 'NONE',  ( 0.000000000000000000, -1.000000000000000000, 0.000000000000000000 ) ) ;
#1206 = ORIENTED_EDGE ( 'NONE', *, *, #3102, .T. ) ;
#1207 = EDGE_CURVE ( 'NONE', #6954, #7688, #1442, .T. ) ;
#1208 = AXIS2_PLACEMENT_3D ( 'NONE', #1688, #5680, #4529 ) ;
#1209 = LINE ( 'NONE', #6629, #3947 ) ;
#1210 = LINE ( 'NONE', #63, #7641 ) ;
#1211 = DIRECTION ( 'NONE',  ( 0.000000000000000000, -1.000000000000000000, 0.000000000000000000 ) ) ;
#1212 = VERTEX_POINT ( 'NONE', #4414 ) ;
#1213 = TOROIDAL_SURFACE ( 'NONE', #5095, 2.999999999999994671, 3.000000000000000000 ) ;
#1214 = PLANE ( 'NONE',  #7310 ) ;
#1215 = CARTESIAN_POINT ( 'NONE',  ( 20.94240738033497351, -36.88035887633948562, 0.5000000000000000000 ) ) ;
#1216 = LINE ( 'NONE', #2434, #1169 ) ;
#1217 = ORIENTED_EDGE ( 'NONE', *, *, #4827, .T. ) ;
#1218 = CARTESIAN_POINT ( 'NONE',  ( 14.37357706229846954, -34.43070005993973837, 1.000000000000000000 ) ) ;
#1219 = CIRCLE ( 'NONE', #3470, 3.999999999999996447 ) ;
#1220 = CIRCLE ( 'NONE', #851, 1.000000000000000000 ) ;
#1221 = DIRECTION ( 'NONE',  ( 0.000000000000000000, 0.000000000000000000, -1.000000000000000000 ) ) ;
#1222 = DIRECTION ( 'NONE',  ( 0.000000000000000000, 0.000000000000000000, -1.000000000000000000 ) ) ;
#1223 = ORIENTED_EDGE ( 'NONE', *, *, #3968, .T. ) ;
#1224 = CARTESIAN_POINT ( 'NONE',  ( 24.61098187852274677, -30.49671999141746426, 1.000000000000000000 ) ) ;
#1225 = EDGE_CURVE ( 'NONE', #6949, #272, #1989, .T. ) ;
#1226 = AXIS2_PLACEMENT_3D ( 'NONE', #3017, #5404, #4738 ) ;
#1227 = DIRECTION ( 'NONE',  ( 0.000000000000000000, 0.000000000000000000, 1.000000000000000000 ) ) ;
#1228 = CARTESIAN_POINT ( 'NONE',  ( 9.625558381474982994, -12.76479910009956775, 1.000000000000000000 ) ) ;
#1229 = DIRECTION ( 'NONE',  ( 0.000000000000000000, 0.000000000000000000, -1.000000000000000000 ) ) ;
#1230 = VERTEX_POINT ( 'NONE', #6359 ) ;
#1231 = CIRCLE ( 'NONE', #843, 4.749999999999997335 ) ;
#1232 = ORIENTED_EDGE ( 'NONE', *, *, #1491, .F. ) ;
#1233 = CARTESIAN_POINT ( 'NONE',  ( -3.609655412721123557, -24.80500368935529210, -8.211502062182216122 ) ) ;
#1234 = LINE ( 'NONE', #1869, #7056 ) ;
#1235 = CARTESIAN_POINT ( 'NONE',  ( 25.16436629349527720, 15.31055444116484487, -2.000000000000011102 ) ) ;
#1236 = ADVANCED_FACE ( 'NONE', ( #7422 ), #2149, .T. ) ;
#1237 = DIRECTION ( 'NONE',  ( -1.000000000000000000, 2.191703603828919359E-17, 0.000000000000000000 ) ) ;
#1238 = EDGE_CURVE ( 'NONE', #3426, #2926, #3028, .T. ) ;
#1239 = CARTESIAN_POINT ( 'NONE',  ( 46.08259321813340392, -4.456046650082968519, -1.000000000000000000 ) ) ;
#1240 = ORIENTED_EDGE ( 'NONE', *, *, #2579, .T. ) ;
#1241 = CARTESIAN_POINT ( 'NONE',  ( 13.42231642333771724, -30.76502875201444454, 0.5000000000000000000 ) ) ;
#1242 = DIRECTION ( 'NONE',  ( 1.000000000000000000, 0.000000000000000000, 0.000000000000000000 ) ) ;
#1243 = CARTESIAN_POINT ( 'NONE',  ( 35.05612515595094436, -43.29767075805705900, -6.201502112509223785 ) ) ;
#1244 = DIRECTION ( 'NONE',  ( -1.000000000000000000, 0.000000000000000000, 0.000000000000000000 ) ) ;
#1245 = VERTEX_POINT ( 'NONE', #4535 ) ;
#1246 = EDGE_CURVE ( 'NONE', #5331, #2257, #297, .T. ) ;
#1247 = CARTESIAN_POINT ( 'NONE',  ( 2.135016159205058717, -43.23723148550483586, -9.047210079157837370 ) ) ;
#1248 = DIRECTION ( 'NONE',  ( -1.000000000000000000, 0.000000000000000000, 0.000000000000000000 ) ) ;
#1249 = CIRCLE ( 'NONE', #5511, 0.8000000000000020428 ) ;
#1250 = DIRECTION ( 'NONE',  ( -0.000000000000000000, -0.000000000000000000, 1.000000000000000000 ) ) ;
#1251 = EDGE_CURVE ( 'NONE', #700, #4515, #7048, .T. ) ;
#1252 = ORIENTED_EDGE ( 'NONE', *, *, #695, .T. ) ;
#1253 = ADVANCED_FACE ( 'NONE', ( #975 ), #1658, .F. ) ;
#1254 = CARTESIAN_POINT ( 'NONE',  ( 9.625558381474982994, -12.76479910009956775, 0.000000000000000000 ) ) ;
#1255 = CARTESIAN_POINT ( 'NONE',  ( 19.93104586479249818, -37.01578432025673493, 1.000000000000000000 ) ) ;
#1256 = DIRECTION ( 'NONE',  ( 1.000000000000000000, 0.000000000000000000, 0.000000000000000000 ) ) ;
#1257 = ORIENTED_EDGE ( 'NONE', *, *, #7263, .F. ) ;
#1258 = CARTESIAN_POINT ( 'NONE',  ( 14.40234457423413339, -32.57578554294140361, 1.000000000000000000 ) ) ;
#1259 = VECTOR ( 'NONE', #6716, 1000.000000000000000 ) ;
#1260 = DIRECTION ( 'NONE',  ( -1.453169479452032859E-16, -0.000000000000000000, -1.000000000000000000 ) ) ;
#1261 = CARTESIAN_POINT ( 'NONE',  ( 43.98256164536415724, 22.74374527427766779, -11.50000000000000000 ) ) ;
#1262 = ORIENTED_EDGE ( 'NONE', *, *, #4337, .T. ) ;
#1263 = AXIS2_PLACEMENT_3D ( 'NONE', #2542, #6671, #2466 ) ;
#1264 = CARTESIAN_POINT ( 'NONE',  ( 24.94279261915403012, -31.36692047590923593, 1.000000000000000000 ) ) ;
#1265 = PLANE ( 'NONE',  #387 ) ;
#1266 = CARTESIAN_POINT ( 'NONE',  ( 5.616575883570120276, -31.65218559571559354, 0.5000000000000001110 ) ) ;
#1267 = VECTOR ( 'NONE', #6413, 1000.000000000000000 ) ;
#1268 = DIRECTION ( 'NONE',  ( -4.310788746280319683E-17, 1.000000000000000000, 0.000000000000000000 ) ) ;
#1269 = VECTOR ( 'NONE', #4891, 1000.000000000000000 ) ;
#1270 = ORIENTED_EDGE ( 'NONE', *, *, #6570, .F. ) ;
#1271 = ORIENTED_EDGE ( 'NONE', *, *, #5703, .T. ) ;
#1272 = APPLICATION_CONTEXT ( 'automotive_design' ) ;
#1273 = EDGE_LOOP ( 'NONE', ( #5938, #2991, #2843, #1407 ) ) ;
#1274 = DIRECTION ( 'NONE',  ( 1.000000000000000000, -0.000000000000000000, -0.000000000000000000 ) ) ;
#1275 = DIRECTION ( 'NONE',  ( 0.000000000000000000, 0.000000000000000000, -1.000000000000000000 ) ) ;
#1276 = VECTOR ( 'NONE', #3412, 1000.000000000000000 ) ;
#1277 = CARTESIAN_POINT ( 'NONE',  ( 5.144585904820535127, -31.48309218507041507, 0.9999999999999997780 ) ) ;
#1278 = CARTESIAN_POINT ( 'NONE',  ( 47.90819271579395888, -43.18411716768287789, -13.50000000000000178 ) ) ;
#1279 = ADVANCED_FACE ( 'NONE', ( #1405 ), #179, .F. ) ;
#1280 = ORIENTED_EDGE ( 'NONE', *, *, #3432, .T. ) ;
#1281 = VECTOR ( 'NONE', #331, 1000.000000000000000 ) ;
#1282 = CARTESIAN_POINT ( 'NONE',  ( 8.240621197279367038, -29.12137029499594831, 0.4999999999999998890 ) ) ;
#1283 = CARTESIAN_POINT ( 'NONE',  ( 1.335016159205052899, 19.39267481122346837, -6.663148035801219393 ) ) ;
#1284 = EDGE_CURVE ( 'NONE', #3913, #1331, #2147, .T. ) ;
#1285 = ADVANCED_FACE ( 'NONE', ( #4371 ), #6780, .T. ) ;
#1286 = CARTESIAN_POINT ( 'NONE',  ( 6.625558381474976777, -12.76479910009956775, -1.000000000000000000 ) ) ;
#1287 = CARTESIAN_POINT ( 'NONE',  ( 5.925558381474854031, -0.9338809330280344323, -2.000000000000012879 ) ) ;
#1288 = CYLINDRICAL_SURFACE ( 'NONE', #323, 1.000000000000000888 ) ;
#1289 = EDGE_CURVE ( 'NONE', #5177, #4242, #7664, .T. ) ;
#1290 = CIRCLE ( 'NONE', #6561, 0.8000000000000024869 ) ;
#1291 = CARTESIAN_POINT ( 'NONE',  ( 2.390344587278904420, 22.74374527427766068, -1.000000000000000000 ) ) ;
#1292 = CARTESIAN_POINT ( 'NONE',  ( 43.98256164536415724, 22.74374527427766779, -13.43649167310371340 ) ) ;
#1293 = ORIENTED_EDGE ( 'NONE', *, *, #6635, .T. ) ;
#1294 = DIRECTION ( 'NONE',  ( 0.000000000000000000, 0.000000000000000000, 1.000000000000000000 ) ) ;
#1295 = VECTOR ( 'NONE', #1711, 1000.000000000000000 ) ;
#1296 = CARTESIAN_POINT ( 'NONE',  ( 6.802284256834068898, -30.02655867155927183, 0.5000000000000000000 ) ) ;
#1297 = EDGE_LOOP ( 'NONE', ( #4502, #659, #5126, #5246 ) ) ;
#1298 = CARTESIAN_POINT ( 'NONE',  ( 13.67021768218331346, -31.51371364680054299, 0.5000000000000000000 ) ) ;
#1299 = DIRECTION ( 'NONE',  ( 0.000000000000000000, 0.000000000000000000, -1.000000000000000000 ) ) ;
#1300 = CARTESIAN_POINT ( 'NONE',  ( 22.45325258308300675, -28.15122475661902257, 1.000000000000000000 ) ) ;
#1301 = ORIENTED_EDGE ( 'NONE', *, *, #989, .F. ) ;
#1302 = CARTESIAN_POINT ( 'NONE',  ( 9.625558381474968783, 14.63520089990043083, 0.000000000000000000 ) ) ;
#1303 = DIRECTION ( 'NONE',  ( 0.000000000000000000, 1.000000000000000000, 0.000000000000000000 ) ) ;
#1304 = CARTESIAN_POINT ( 'NONE',  ( 6.052093492566504196, -34.03415705313265960, 0.5000000000000000000 ) ) ;
#1305 = EDGE_CURVE ( 'NONE', #5427, #6180, #258, .T. ) ;
#1306 = CARTESIAN_POINT ( 'NONE',  ( 48.22446011612343142, -40.97692647319937720, -1.000000000000000000 ) ) ;
#1307 = ORIENTED_EDGE ( 'NONE', *, *, #4390, .F. ) ;
#1308 = ORIENTED_EDGE ( 'NONE', *, *, #1508, .F. ) ;
#1309 = EDGE_LOOP ( 'NONE', ( #1041, #2907, #6575, #1371 ) ) ;
#1310 = ORIENTED_EDGE ( 'NONE', *, *, #715, .T. ) ;
#1311 = LINE ( 'NONE', #3691, #4719 ) ;
#1312 = CARTESIAN_POINT ( 'NONE',  ( 10.00189159952997464, -37.35963240731984314, 1.000000000000000222 ) ) ;
#1313 = CARTESIAN_POINT ( 'NONE',  ( 44.85358460511680079, -45.58651676812957021, -13.44460281137701863 ) ) ;
#1314 = ORIENTED_EDGE ( 'NONE', *, *, #6752, .F. ) ;
#1315 = CARTESIAN_POINT ( 'NONE',  ( 9.569413117089354159, -28.59990046529315677, -1.000000000000000444 ) ) ;
#1316 = ORIENTED_EDGE ( 'NONE', *, *, #7650, .T. ) ;
#1317 = LINE ( 'NONE', #1909, #135 ) ;
#1318 = LINE ( 'NONE', #7147, #2162 ) ;
#1319 = EDGE_CURVE ( 'NONE', #1212, #1006, #1611, .T. ) ;
#1320 = DIRECTION ( 'NONE',  ( -1.000000000000000000, 0.000000000000000000, 2.710505431213754182E-16 ) ) ;
#1321 = CARTESIAN_POINT ( 'NONE',  ( 47.27739694321512331, 18.25412805827876639, 1.000000000000000000 ) ) ;
#1322 = EDGE_CURVE ( 'NONE', #7786, #7729, #4824, .T. ) ;
#1323 = AXIS2_PLACEMENT_3D ( 'NONE', #4432, #877, #2635 ) ;
#1324 = CARTESIAN_POINT ( 'NONE',  ( 42.50367785261521192, 4.686048302902208640, -2.000000000000012879 ) ) ;
#1325 = CARTESIAN_POINT ( 'NONE',  ( 36.02555838147497980, -12.76479910009956598, -1.000000000000000000 ) ) ;
#1326 = VERTEX_POINT ( 'NONE', #5845 ) ;
#1327 = CARTESIAN_POINT ( 'NONE',  ( 21.76156388963754296, -37.04870812684948334, 1.000000000000000000 ) ) ;
#1328 = AXIS2_PLACEMENT_3D ( 'NONE', #2586, #867, #304 ) ;
#1329 = DIRECTION ( 'NONE',  ( -1.000000000000000000, 0.000000000000000000, 0.000000000000000000 ) ) ;
#1330 = CARTESIAN_POINT ( 'NONE',  ( 50.48282836937413975, -41.09764947491245124, -11.50000000000000000 ) ) ;
#1331 = VERTEX_POINT ( 'NONE', #1762 ) ;
#1332 = CARTESIAN_POINT ( 'NONE',  ( 46.08259321813340392, 10.28286628251796131, -5.000000000000000000 ) ) ;
#1333 = B_SPLINE_CURVE_WITH_KNOTS ( 'NONE', 3,
 ( #2524, #879, #278, #5622, #5743, #4553, #359, #5578, #2010, #5062, #1462, #3339, #3224, #1424, #4394, #802, #2754, #5143, #7565, #2678, #2713, #6926, #6886, #2088, #2637, #3921, #7525, #6801, #4512, #6298, #2170, #1548, #3182, #3843, #840, #5104, #1507, #2600, #3879, #6337 ),
 .UNSPECIFIED., .F., .F.,
 ( 4, 2, 2, 2, 2, 2, 2, 2, 2, 2, 2, 2, 2, 2, 2, 2, 2, 2, 2, 4 ),
 ( 0.01323290624750448480, 0.01406896226585091329, 0.01490501828419734005, 0.01574107430254376855, 0.01615910231171698713, 0.01657713032089020572, 0.01699515833006342430, 0.01741318633923664289, 0.01824924235758310087, 0.01908529837592956233, 0.01992135439427602031, 0.02075741041262248177, 0.02159346643096893975, 0.02242952244931539774, 0.02326557846766185572, 0.02410163448600831718, 0.02493769050435477516, 0.02577374652270123662, 0.02619177453187447255, 0.02660980254104770848 ),
 .UNSPECIFIED. ) ;
#1334 = CARTESIAN_POINT ( 'NONE',  ( 5.443766477962406647, -45.61841504291471239, -13.10673592903544638 ) ) ;
#1335 = EDGE_CURVE ( 'NONE', #2788, #5909, #3983, .T. ) ;
#1336 = PLANE ( 'NONE',  #6866 ) ;
#1337 = AXIS2_PLACEMENT_3D ( 'NONE', #750, #4968, #1448 ) ;
#1338 = DIRECTION ( 'NONE',  ( 0.000000000000000000, -1.000000000000000000, -0.000000000000000000 ) ) ;
#1339 = ORIENTED_EDGE ( 'NONE', *, *, #4799, .T. ) ;
#1340 = CARTESIAN_POINT ( 'NONE',  ( 20.98567300027854898, -28.47998679288140522, 0.5000000000000000000 ) ) ;
#1341 = CARTESIAN_POINT ( 'NONE',  ( 5.925558381474851366, -7.832828546790671531, -2.000000000000014655 ) ) ;
#1342 = AXIS2_PLACEMENT_3D ( 'NONE', #1974, #6765, #6107 ) ;
#1343 = VECTOR ( 'NONE', #4879, 1000.000000000000000 ) ;
#1344 = FACE_OUTER_BOUND ( 'NONE', #3923, .T. ) ;
#1345 = EDGE_CURVE ( 'NONE', #2519, #4377, #6472, .T. ) ;
#1346 = DIRECTION ( 'NONE',  ( 0.000000000000000000, -0.000000000000000000, 1.000000000000000000 ) ) ;
#1347 = EDGE_LOOP ( 'NONE', ( #7090, #3141, #22, #162 ) ) ;
#1348 = EDGE_LOOP ( 'NONE', ( #3820, #5316, #1143, #1609 ) ) ;
#1349 = AXIS2_PLACEMENT_3D ( 'NONE', #645, #1823, #4240 ) ;
#1350 = ORIENTED_EDGE ( 'NONE', *, *, #4295, .T. ) ;
#1351 = CARTESIAN_POINT ( 'NONE',  ( 7.195018997908690928, 15.31055444116485198, -9.592411343199959362 ) ) ;
#1352 = EDGE_CURVE ( 'NONE', #4977, #6917, #7031, .T. ) ;
#1353 = DIRECTION ( 'NONE',  ( -1.658554010794165323E-16, -1.000000000000000000, 0.000000000000000000 ) ) ;
#1354 = AXIS2_PLACEMENT_3D ( 'NONE', #89, #691, #4875 ) ;
#1355 = AXIS2_PLACEMENT_3D ( 'NONE', #4505, #2118, #1497 ) ;
#1356 = DIRECTION ( 'NONE',  ( 1.000000000000000000, 0.000000000000000000, 0.000000000000000000 ) ) ;
#1357 = VERTEX_POINT ( 'NONE', #6401 ) ;
#1358 = CARTESIAN_POINT ( 'NONE',  ( 13.42231642333771724, -30.76502875201444454, -1.000000000000000444 ) ) ;
#1359 = CARTESIAN_POINT ( 'NONE',  ( 16.87916049426228327, -34.21350329640225851, 0.5000000000000000000 ) ) ;
#1360 = CARTESIAN_POINT ( 'NONE',  ( 11.65921818652281239, -28.15139600940794651, 0.9999999999999997780 ) ) ;
#1361 = CARTESIAN_POINT ( 'NONE',  ( 44.48286430354956877, -45.61024598401353103, -13.43858255572927973 ) ) ;
#1362 = CARTESIAN_POINT ( 'NONE',  ( -1.609655412721121781, -38.75495671797978758, -12.05827548305216013 ) ) ;
#1363 = LINE ( 'NONE', #5003, #6859 ) ;
#1364 = EDGE_CURVE ( 'NONE', #2274, #6979, #1726, .T. ) ;
#1365 = DIRECTION ( 'NONE',  ( 1.000000000000000000, 0.000000000000000000, 0.000000000000000000 ) ) ;
#1366 = EDGE_LOOP ( 'NONE', ( #531, #1709 ) ) ;
#1367 = CARTESIAN_POINT ( 'NONE',  ( 9.833540866019065518, -43.29767075805705900, -1.201502112509220010 ) ) ;
#1368 = AXIS2_PLACEMENT_3D ( 'NONE', #4516, #5748, #2014 ) ;
#1369 = DIRECTION ( 'NONE',  ( -8.042586066086100112E-17, -3.070295484789979924E-17, -1.000000000000000000 ) ) ;
#1370 = PLANE ( 'NONE',  #7619 ) ;
#1371 = ORIENTED_EDGE ( 'NONE', *, *, #3367, .F. ) ;
#1372 = LINE ( 'NONE', #3249, #3326 ) ;
#1373 = CARTESIAN_POINT ( 'NONE',  ( 1.032475904716213977, -0.9338809330280344323, -1.000000000000000000 ) ) ;
#1374 = FACE_OUTER_BOUND ( 'NONE', #3399, .T. ) ;
#1375 = EDGE_CURVE ( 'NONE', #2257, #7721, #1170, .T. ) ;
#1376 = ORIENTED_EDGE ( 'NONE', *, *, #6181, .F. ) ;
#1377 = CARTESIAN_POINT ( 'NONE',  ( 50.27737897612738749, 18.26451084227986144, -11.50000000000000355 ) ) ;
#1378 = VERTEX_POINT ( 'NONE', #7589 ) ;
#1379 = CARTESIAN_POINT ( 'NONE',  ( 20.30579257517222302, -28.62800522932533553, 0.5000000000000000000 ) ) ;
#1380 = EDGE_CURVE ( 'NONE', #3731, #2397, #2310, .T. ) ;
#1381 = CARTESIAN_POINT ( 'NONE',  ( 35.06211638159034294, 22.74374527427766779, -2.000000000000010658 ) ) ;
#1382 = DIRECTION ( 'NONE',  ( -1.000000000000000000, 0.000000000000000000, 0.000000000000000000 ) ) ;
#1383 = EDGE_CURVE ( 'NONE', #5942, #3112, #1650, .T. ) ;
#1384 = CARTESIAN_POINT ( 'NONE',  ( 34.02555838147497980, 17.63520089990043260, 1.000000000000000000 ) ) ;
#1385 = ORIENTED_EDGE ( 'NONE', *, *, #346, .T. ) ;
#1386 = ORIENTED_EDGE ( 'NONE', *, *, #6251, .F. ) ;
#1387 = DIRECTION ( 'NONE',  ( 1.000000000000000000, 0.000000000000000000, 0.000000000000000000 ) ) ;
#1388 = DIRECTION ( 'NONE',  ( -0.000000000000000000, -0.000000000000000000, 1.000000000000000000 ) ) ;
#1389 = EDGE_LOOP ( 'NONE', ( #7672, #2493, #5799, #5602 ) ) ;
#1390 = CARTESIAN_POINT ( 'NONE',  ( 21.07419483164279228, -28.44329354570521318, -1.000000000000000000 ) ) ;
#1391 = VECTOR ( 'NONE', #1303, 1000.000000000000000 ) ;
#1392 = VECTOR ( 'NONE', #1737, 1000.000000000000000 ) ;
#1393 = DIRECTION ( 'NONE',  ( -0.003460928000371844317, 0.9999940109707537994, 0.000000000000000000 ) ) ;
#1394 = ORIENTED_EDGE ( 'NONE', *, *, #6898, .T. ) ;
#1395 = ORIENTED_EDGE ( 'NONE', *, *, #807, .T. ) ;
#1396 = CARTESIAN_POINT ( 'NONE',  ( 22.47788014111349852, -37.07646964051634342, -1.000000000000000000 ) ) ;
#1397 = DIRECTION ( 'NONE',  ( -0.000000000000000000, -0.000000000000000000, 1.000000000000000000 ) ) ;
#1398 = CARTESIAN_POINT ( 'NONE',  ( 16.55633518209977240, -31.24937352836880677, 0.9999999999998672173 ) ) ;
#1399 = ORIENTED_EDGE ( 'NONE', *, *, #4258, .T. ) ;
#1400 = CARTESIAN_POINT ( 'NONE',  ( 10.51133605906845148, -24.76759449452900341, -4.663148035801218505 ) ) ;
#1401 = AXIS2_PLACEMENT_3D ( 'NONE', #4644, #5879, #7061 ) ;
#1402 = EDGE_CURVE ( 'NONE', #5876, #3167, #2902, .T. ) ;
#1403 = DIRECTION ( 'NONE',  ( -1.000000000000000000, 0.000000000000000000, 0.000000000000000000 ) ) ;
#1404 = ORIENTED_EDGE ( 'NONE', *, *, #475, .F. ) ;
#1405 = FACE_OUTER_BOUND ( 'NONE', #7790, .T. ) ;
#1406 = ORIENTED_EDGE ( 'NONE', *, *, #4751, .T. ) ;
#1407 = ORIENTED_EDGE ( 'NONE', *, *, #4559, .F. ) ;
#1408 = CARTESIAN_POINT ( 'NONE',  ( 48.48284034743263504, -41.10457133091323101, -13.50000000000000178 ) ) ;
#1409 = CARTESIAN_POINT ( 'NONE',  ( 5.528485757394219213, -32.13401815830143704, 1.000000000000000000 ) ) ;
#1410 = FACE_OUTER_BOUND ( 'NONE', #4555, .T. ) ;
#1411 = ORIENTED_EDGE ( 'NONE', *, *, #1539, .F. ) ;
#1412 = CARTESIAN_POINT ( 'NONE',  ( 10.19163860372084507, -28.48015804566978915, 0.5000000000000000000 ) ) ;
#1413 = LINE ( 'NONE', #3793, #848 ) ;
#1414 = DIRECTION ( 'NONE',  ( -1.000000000000000000, -1.873501354054951908E-16, 8.042586066086101344E-17 ) ) ;
#1415 = ORIENTED_EDGE ( 'NONE', *, *, #7143, .T. ) ;
#1416 = CARTESIAN_POINT ( 'NONE',  ( 23.91605464468797493, -37.02375751142601956, 0.9999999999999997780 ) ) ;
#1417 = ORIENTED_EDGE ( 'NONE', *, *, #5585, .T. ) ;
#1418 = AXIS2_PLACEMENT_3D ( 'NONE', #6595, #2433, #7230 ) ;
#1419 = CARTESIAN_POINT ( 'NONE',  ( 37.72555838147486185, 10.57728446746354045, -9.592411343199959362 ) ) ;
#1420 = CARTESIAN_POINT ( 'NONE',  ( 20.98567300071253783, -28.47998679539724876, 1.000000000000003553 ) ) ;
#1421 = CARTESIAN_POINT ( 'NONE',  ( 5.925558381474854031, -0.9338809330280344323, -1.000000000000000000 ) ) ;
#1422 = DIRECTION ( 'NONE',  ( 1.000000000000000000, 0.000000000000000000, 0.000000000000000000 ) ) ;
#1423 = AXIS2_PLACEMENT_3D ( 'NONE', #2333, #5913, #5195 ) ;
#1424 = CARTESIAN_POINT ( 'NONE',  ( 16.31856995507253671, -32.47558943565686462, 0.4999999999999998890 ) ) ;
#1425 = ORIENTED_EDGE ( 'NONE', *, *, #4784, .F. ) ;
#1426 = ADVANCED_FACE ( 'NONE', ( #5811 ), #4140, .T. ) ;
#1427 = ORIENTED_EDGE ( 'NONE', *, *, #4248, .T. ) ;
#1428 = DIRECTION ( 'NONE',  ( -1.000000000000000000, 0.000000000000000000, 0.000000000000000000 ) ) ;
#1429 = FACE_OUTER_BOUND ( 'NONE', #2533, .T. ) ;
#1430 = DIRECTION ( 'NONE',  ( 1.000000000000000000, -1.668303327435289349E-16, -8.042586066086100112E-17 ) ) ;
#1431 = CARTESIAN_POINT ( 'NONE',  ( 47.98256164536418567, 15.57751706311805151, -5.000000000000000000 ) ) ;
#1432 = VERTEX_POINT ( 'NONE', #458 ) ;
#1433 = ADVANCED_FACE ( 'NONE', ( #5205 ), #2895, .F. ) ;
#1434 = ORIENTED_EDGE ( 'NONE', *, *, #6543, .F. ) ;
#1435 = CARTESIAN_POINT ( 'NONE',  ( 7.620067560892297642, -29.46764490646226520, -1.000000000000000000 ) ) ;
#1436 = ORIENTED_EDGE ( 'NONE', *, *, #3384, .T. ) ;
#1437 = CARTESIAN_POINT ( 'NONE',  ( 14.41320161668620159, -34.12146348737965695, 1.000000000000000222 ) ) ;
#1438 = DIRECTION ( 'NONE',  ( -8.042586066086101344E-17, -3.070295484789979924E-17, -1.000000000000000000 ) ) ;
#1439 = CARTESIAN_POINT ( 'NONE',  ( 46.08259321813340392, -4.456046650082968519, -1.000000000000000000 ) ) ;
#1440 = DIRECTION ( 'NONE',  ( -0.000000000000000000, -0.000000000000000000, 1.000000000000000000 ) ) ;
#1441 = ORIENTED_EDGE ( 'NONE', *, *, #7085, .T. ) ;
#1442 = LINE ( 'NONE', #818, #5150 ) ;
#1443 = ORIENTED_EDGE ( 'NONE', *, *, #5406, .T. ) ;
#1444 = VERTEX_POINT ( 'NONE', #4730 ) ;
#1445 = CARTESIAN_POINT ( 'NONE',  ( 35.06211638159034294, 15.31055444116484487, -1.000000000000000000 ) ) ;
#1446 = EDGE_CURVE ( 'NONE', #7744, #625, #5022, .T. ) ;
#1447 = CARTESIAN_POINT ( 'NONE',  ( 6.293910057616304066, -34.37035389833600618, 0.5000000000000000000 ) ) ;
#1448 = DIRECTION ( 'NONE',  ( 1.000000000000000000, 0.000000000000000000, -0.000000000000000000 ) ) ;
#1449 = ORIENTED_EDGE ( 'NONE', *, *, #2198, .F. ) ;
#1450 = DIRECTION ( 'NONE',  ( 0.000000000000000000, 0.000000000000000000, -1.000000000000000000 ) ) ;
#1451 = LINE ( 'NONE', #5530, #6882 ) ;
#1452 = CYLINDRICAL_SURFACE ( 'NONE', #6249, 1.549999999999922995 ) ;
#1453 = ORIENTED_EDGE ( 'NONE', *, *, #468, .F. ) ;
#1454 = CARTESIAN_POINT ( 'NONE',  ( 24.94200774737467441, -31.36437768842693075, 1.000000000000000000 ) ) ;
#1455 = ORIENTED_EDGE ( 'NONE', *, *, #3460, .T. ) ;
#1456 = VECTOR ( 'NONE', #5636, 1000.000000000000000 ) ;
#1457 = LINE ( 'NONE', #2631, #1276 ) ;
#1458 = CARTESIAN_POINT ( 'NONE',  ( 20.58005491948687293, -28.54995698782698099, 0.5000000000000000000 ) ) ;
#1459 = CARTESIAN_POINT ( 'NONE',  ( 44.88722585882243266, -43.23723148550483586, -1.000000000000000000 ) ) ;
#1460 = DIRECTION ( 'NONE',  ( 1.000000000000000000, 0.000000000000000000, -8.042586066086100112E-17 ) ) ;
#1461 = AXIS2_PLACEMENT_3D ( 'NONE', #1947, #3163, #6234 ) ;
#1462 = CARTESIAN_POINT ( 'NONE',  ( 16.37670390830272282, -31.78560084159968824, 0.5000000000000000000 ) ) ;
#1463 = LINE ( 'NONE', #2211, #5905 ) ;
#1464 = ADVANCED_FACE ( 'NONE', ( #7299 ), #7776, .F. ) ;
#1465 = ORIENTED_EDGE ( 'NONE', *, *, #1099, .F. ) ;
#1466 = CARTESIAN_POINT ( 'NONE',  ( 18.41410195745270784, -29.46747365367343718, 0.5000000000000000000 ) ) ;
#1467 = VECTOR ( 'NONE', #4651, 1000.000000000000000 ) ;
#1468 = CARTESIAN_POINT ( 'NONE',  ( 44.48286430354961141, -41.11841504291471949, -11.50000000000000000 ) ) ;
#1469 = AXIS2_PLACEMENT_3D ( 'NONE', #6956, #1578, #2786 ) ;
#1470 = CARTESIAN_POINT ( 'NONE',  ( 19.67885155840740552, -28.84615418385027397, -1.000000000000000000 ) ) ;
#1471 = B_SPLINE_CURVE_WITH_KNOTS ( 'NONE', 3,
 ( #2392, #3018, #7191, #5407, #3899, #3942, #5044, #340, #3784, #7460, #3319, #221, #5004, #3281, #4496, #5683, #3362, #5081 ),
 .UNSPECIFIED., .F., .F.,
 ( 4, 2, 2, 2, 2, 2, 2, 2, 4 ),
 ( 0.000000000000000000, 0.0007812417581427523634, 0.001562483516285504727, 0.002343725274428257090, 0.003124967032571009454, 0.003906208790713761817, 0.004687450548856514181, 0.005468692306999266978, 0.006249934065142018907 ),
 .UNSPECIFIED. ) ;
#1472 = DIRECTION ( 'NONE',  ( -0.000000000000000000, -0.000000000000000000, 1.000000000000000000 ) ) ;
#1473 = VECTOR ( 'NONE', #3266, 1000.000000000000000 ) ;
#1474 = ORIENTED_EDGE ( 'NONE', *, *, #2142, .T. ) ;
#1475 = VECTOR ( 'NONE', #3723, 1000.000000000000000 ) ;
#1476 = EDGE_CURVE ( 'NONE', #4615, #5331, #1875, .T. ) ;
#1477 = ORIENTED_EDGE ( 'NONE', *, *, #4799, .F. ) ;
#1478 = CARTESIAN_POINT ( 'NONE',  ( 17.84548938052273570, -35.17542824148721792, -1.000000000000000000 ) ) ;
#1479 = CARTESIAN_POINT ( 'NONE',  ( 9.366826532506465242, -28.14923119001167606, 1.000000000000000000 ) ) ;
#1480 = EDGE_CURVE ( 'NONE', #272, #7149, #3762, .T. ) ;
#1481 = CIRCLE ( 'NONE', #3226, 4.500000000000003553 ) ;
#1482 = CARTESIAN_POINT ( 'NONE',  ( 16.55633518319290332, -31.24937352893165254, 0.5000000000000000000 ) ) ;
#1483 = DIRECTION ( 'NONE',  ( 0.000000000000000000, 1.000000000000000000, 1.380205382052140384E-16 ) ) ;
#1484 = EDGE_CURVE ( 'NONE', #6833, #5571, #6699, .T. ) ;
#1485 = CARTESIAN_POINT ( 'NONE',  ( 41.96106399535297982, 11.54623778400322109, -2.000000000000011102 ) ) ;
#1486 = VECTOR ( 'NONE', #4936, 1000.000000000000000 ) ;
#1487 = DIRECTION ( 'NONE',  ( -1.000000000000000000, 0.000000000000000000, 0.000000000000000000 ) ) ;
#1488 = ORIENTED_EDGE ( 'NONE', *, *, #6673, .F. ) ;
#1489 = VERTEX_POINT ( 'NONE', #2459 ) ;
#1490 = LINE ( 'NONE', #1408, #1689 ) ;
#1491 = EDGE_CURVE ( 'NONE', #1035, #2925, #2025, .T. ) ;
#1492 = CARTESIAN_POINT ( 'NONE',  ( 5.591530459563129440, -31.74972709366935320, 1.000000000000000000 ) ) ;
#1493 = CARTESIAN_POINT ( 'NONE',  ( 12.82033012497712221, -21.98944555883515051, -3.000000000000000000 ) ) ;
#1494 = EDGE_LOOP ( 'NONE', ( #5286, #1434, #1270, #2191 ) ) ;
#1495 = CARTESIAN_POINT ( 'NONE',  ( 10.97924884300974568, -28.48105136345788679, 0.5000000000000000000 ) ) ;
#1496 = DIRECTION ( 'NONE',  ( 0.000000000000000000, -1.000000000000000000, -1.380205382052140384E-16 ) ) ;
#1497 = DIRECTION ( 'NONE',  ( -1.000000000000000000, 0.000000000000000000, 0.000000000000000000 ) ) ;
#1498 = EDGE_CURVE ( 'NONE', #5429, #900, #1317, .T. ) ;
#1499 = EDGE_LOOP ( 'NONE', ( #7751, #2648, #5273, #3670 ) ) ;
#1500 = EDGE_CURVE ( 'NONE', #165, #3540, #7220, .T. ) ;
#1501 = VECTOR ( 'NONE', #7363, 1000.000000000000000 ) ;
#1502 = CARTESIAN_POINT ( 'NONE',  ( 12.34334880155074643, -45.61841504291471239, -1.000000000000000000 ) ) ;
#1503 = ORIENTED_EDGE ( 'NONE', *, *, #3192, .T. ) ;
#1504 = CARTESIAN_POINT ( 'NONE',  ( 1.335016159205053343, 19.39267481122346837, -9.047210079157837370 ) ) ;
#1505 = CARTESIAN_POINT ( 'NONE',  ( 23.17245951786106417, -36.89973966606024192, -1.000000000000000000 ) ) ;
#1506 = DIRECTION ( 'NONE',  ( 0.000000000000000000, 1.000000000000000000, -0.000000000000000000 ) ) ;
#1507 = CARTESIAN_POINT ( 'NONE',  ( 23.01609352964543476, -36.93361593546354982, 0.4999999999999998890 ) ) ;
#1508 = EDGE_CURVE ( 'NONE', #1926, #7389, #5515, .T. ) ;
#1509 = ORIENTED_EDGE ( 'NONE', *, *, #171, .F. ) ;
#1510 = CARTESIAN_POINT ( 'NONE',  ( 44.38408591663488778, 15.57751706311805151, -5.000000000000000000 ) ) ;
#1511 = CIRCLE ( 'NONE', #7033, 3.000000000000000000 ) ;
#1512 = DIRECTION ( 'NONE',  ( -1.000000000000000000, 0.000000000000000000, 0.000000000000000000 ) ) ;
#1513 = CARTESIAN_POINT ( 'NONE',  ( 11.31133605906838113, -24.76759449452900341, -4.663148035801218505 ) ) ;
#1514 = LINE ( 'NONE', #5034, #2965 ) ;
#1515 = TOROIDAL_SURFACE ( 'NONE', #6533, 3.999999999999998224, 2.000000000000000000 ) ;
#1516 = ORIENTED_EDGE ( 'NONE', *, *, #3120, .F. ) ;
#1517 = ORIENTED_EDGE ( 'NONE', *, *, #6500, .F. ) ;
#1518 = CARTESIAN_POINT ( 'NONE',  ( 21.68663857092130343, -37.06127908773790125, -1.000000000000000000 ) ) ;
#1519 = CARTESIAN_POINT ( 'NONE',  ( 12.07771047034584377, -28.35766707498497397, 0.9999999999999997780 ) ) ;
#1520 = LINE ( 'NONE', #253, #3164 ) ;
#1521 = ADVANCED_FACE ( 'NONE', ( #136, #3049 ), #6736, .T. ) ;
#1522 = CARTESIAN_POINT ( 'NONE',  ( 7.051454983962321954, -35.17559949427604238, 0.5000000000000000000 ) ) ;
#1523 = CARTESIAN_POINT ( 'NONE',  ( 44.27741491030285914, 18.24374527427767134, 1.000000000000000000 ) ) ;
#1524 = VECTOR ( 'NONE', #2270, 1000.000000000000000 ) ;
#1525 = ADVANCED_FACE ( 'NONE', ( #6585 ), #579, .F. ) ;
#1526 = EDGE_CURVE ( 'NONE', #6180, #5427, #6424, .T. ) ;
#1527 = DIRECTION ( 'NONE',  ( 0.000000000000000000, 0.000000000000000000, -1.000000000000000000 ) ) ;
#1528 = ORIENTED_EDGE ( 'NONE', *, *, #3169, .F. ) ;
#1529 = ORIENTED_EDGE ( 'NONE', *, *, #3805, .T. ) ;
#1530 = PLANE ( 'NONE',  #4673 ) ;
#1531 = CARTESIAN_POINT ( 'NONE',  ( 7.101109347396706184, -35.16368061924068655, 1.000000000000000000 ) ) ;
#1532 = CARTESIAN_POINT ( 'NONE',  ( 2.135016159205056496, 19.39267481122346837, -1.000000000000000888 ) ) ;
#1533 = ORIENTED_EDGE ( 'NONE', *, *, #92, .T. ) ;
#1534 = VECTOR ( 'NONE', #4797, 1000.000000000000000 ) ;
#1535 = FACE_OUTER_BOUND ( 'NONE', #6996, .T. ) ;
#1536 = CARTESIAN_POINT ( 'NONE',  ( 37.72555838147485474, -0.9338809330280339882, -1.000000000000000000 ) ) ;
#1537 = FACE_OUTER_BOUND ( 'NONE', #714, .T. ) ;
#1538 = ORIENTED_EDGE ( 'NONE', *, *, #4532, .F. ) ;
#1539 = EDGE_CURVE ( 'NONE', #5836, #5574, #3622, .T. ) ;
#1540 = ORIENTED_EDGE ( 'NONE', *, *, #7100, .F. ) ;
#1541 = AXIS2_PLACEMENT_3D ( 'NONE', #2503, #6586, #4885 ) ;
#1542 = LINE ( 'NONE', #2749, #1890 ) ;
#1543 = ORIENTED_EDGE ( 'NONE', *, *, #7151, .T. ) ;
#1544 = DIRECTION ( 'NONE',  ( -1.000000000000000000, 1.658554010794165570E-16, 0.000000000000000000 ) ) ;
#1545 = DIRECTION ( 'NONE',  ( -1.000000000000000000, 0.000000000000000000, 0.000000000000000000 ) ) ;
#1546 = CARTESIAN_POINT ( 'NONE',  ( 17.84548938052273570, -35.17542824148721792, -1.000000000000000000 ) ) ;
#1547 = CARTESIAN_POINT ( 'NONE',  ( 44.36295186973670468, -10.37268082840335559, -5.000000000000000000 ) ) ;
#1548 = CARTESIAN_POINT ( 'NONE',  ( 21.37727331569898581, -36.98948579728314456, 0.5000000000000000000 ) ) ;
#1549 = AXIS2_PLACEMENT_3D ( 'NONE', #6627, #3086, #1244 ) ;
#1550 = DIRECTION ( 'NONE',  ( -0.000000000000000000, -0.000000000000000000, 1.000000000000000000 ) ) ;
#1551 = ORIENTED_EDGE ( 'NONE', *, *, #3169, .T. ) ;
#1552 = DIRECTION ( 'NONE',  ( -0.000000000000000000, -0.000000000000000000, 1.000000000000000000 ) ) ;
#1553 = CARTESIAN_POINT ( 'NONE',  ( 7.195018997908690928, 22.74374527427766068, -2.000000000000010658 ) ) ;
#1554 = ORIENTED_EDGE ( 'NONE', *, *, #3917, .T. ) ;
#1555 = ADVANCED_FACE ( 'NONE', ( #7259, #4254 ), #6663, .T. ) ;
#1556 = CIRCLE ( 'NONE', #1685, 1.000000000000000000 ) ;
#1557 = CARTESIAN_POINT ( 'NONE',  ( 24.46512585913088600, -35.25552670649772580, 0.5000000000000000000 ) ) ;
#1558 = CARTESIAN_POINT ( 'NONE',  ( 37.24050430185577198, -45.61841504291471239, -1.000000000000000000 ) ) ;
#1559 = ORIENTED_EDGE ( 'NONE', *, *, #1284, .F. ) ;
#1560 = ORIENTED_EDGE ( 'NONE', *, *, #5089, .T. ) ;
#1561 = CARTESIAN_POINT ( 'NONE',  ( 3.396721997073072874, 1.876083684937086327, -2.000000000000012879 ) ) ;
#1562 = CARTESIAN_POINT ( 'NONE',  ( 13.32235620740686244, -30.62124246324404808, 0.5000000000000000000 ) ) ;
#1563 = CARTESIAN_POINT ( 'NONE',  ( 47.48284633646188269, -41.10803225891356760, -2.000000000000000000 ) ) ;
#1564 = CARTESIAN_POINT ( 'NONE',  ( 17.94048372104146338, -29.76589776244401619, 0.5000000000000000000 ) ) ;
#1565 = DIRECTION ( 'NONE',  ( 0.000000000000000000, -1.000000000000000000, 0.000000000000000000 ) ) ;
#1566 = AXIS2_PLACEMENT_3D ( 'NONE', #7338, #4257, #1911 ) ;
#1567 = CARTESIAN_POINT ( 'NONE',  ( 5.925558381474854031, 4.686048302902208640, -2.000000000000012879 ) ) ;
#1568 = ORIENTED_EDGE ( 'NONE', *, *, #4873, .F. ) ;
#1569 = DIRECTION ( 'NONE',  ( 1.012926086421548048E-15, -1.000000000000000000, 0.000000000000000000 ) ) ;
#1570 = EDGE_CURVE ( 'NONE', #4690, #2960, #701, .T. ) ;
#1571 = VERTEX_POINT ( 'NONE', #4884 ) ;
#1572 = EDGE_LOOP ( 'NONE', ( #2624, #833 ) ) ;
#1573 = DIRECTION ( 'NONE',  ( -1.000000000000000000, 0.000000000000000000, 8.042586066086100112E-17 ) ) ;
#1574 = CARTESIAN_POINT ( 'NONE',  ( 5.528291729338091542, -32.51978090380403330, 0.5000000000000000000 ) ) ;
#1575 = ORIENTED_EDGE ( 'NONE', *, *, #5281, .F. ) ;
#1576 = EDGE_CURVE ( 'NONE', #3264, #5006, #7421, .T. ) ;
#1577 = DIRECTION ( 'NONE',  ( -0.000000000000000000, -0.000000000000000000, 1.000000000000000000 ) ) ;
#1578 = DIRECTION ( 'NONE',  ( 0.000000000000000000, 0.000000000000000000, 1.000000000000000000 ) ) ;
#1579 = LINE ( 'NONE', #2279, #1742 ) ;
#1580 = VERTEX_POINT ( 'NONE', #813 ) ;
#1581 = VERTEX_POINT ( 'NONE', #4444 ) ;
#1582 = PLANE ( 'NONE',  #6038 ) ;
#1583 = ORIENTED_EDGE ( 'NONE', *, *, #4027, .F. ) ;
#1584 = DIRECTION ( 'NONE',  ( 0.000000000000000000, 1.000000000000000000, 1.380205382052140384E-16 ) ) ;
#1585 = TOROIDAL_SURFACE ( 'NONE', #1323, 3.000000000000000000, 1.000000000000000000 ) ;
#1586 = CARTESIAN_POINT ( 'NONE',  ( 7.323732930487381054, -45.61841504291471239, -6.201502112509217568 ) ) ;
#1587 = CARTESIAN_POINT ( 'NONE',  ( 13.38494205885614186, -35.95745951876674695, 1.000000000000000000 ) ) ;
#1588 = EDGE_CURVE ( 'NONE', #6538, #6978, #931, .T. ) ;
#1589 = DIRECTION ( 'NONE',  ( 0.000000000000000000, 0.000000000000000000, -1.000000000000000000 ) ) ;
#1590 = CARTESIAN_POINT ( 'NONE',  ( 44.48286430354961141, -41.11841504291471949, -2.000000000000000000 ) ) ;
#1591 = ORIENTED_EDGE ( 'NONE', *, *, #4578, .T. ) ;
#1592 = CARTESIAN_POINT ( 'NONE',  ( 2.390344587278875554, 18.74374527427766068, -11.50000000000000000 ) ) ;
#1593 = EDGE_CURVE ( 'NONE', #7470, #7014, #2775, .T. ) ;
#1594 = AXIS2_PLACEMENT_3D ( 'NONE', #2574, #4961, #4368 ) ;
#1595 = DIRECTION ( 'NONE',  ( 0.9999940109707539104, 0.003460928000378203813, 0.000000000000000000 ) ) ;
#1596 = CARTESIAN_POINT ( 'NONE',  ( 21.24353153537936478, -28.44439290351694183, 0.5000000000000000000 ) ) ;
#1597 = ORIENTED_EDGE ( 'NONE', *, *, #6446, .T. ) ;
#1598 = ORIENTED_EDGE ( 'NONE', *, *, #873, .T. ) ;
#1599 = AXIS2_PLACEMENT_3D ( 'NONE', #6078, #5435, #131 ) ;
#1600 = ADVANCED_FACE ( 'NONE', ( #6310 ), #2702, .F. ) ;
#1601 = CARTESIAN_POINT ( 'NONE',  ( 43.98256164536418567, 18.74374527427766779, -6.663148035801223834 ) ) ;
#1602 = CARTESIAN_POINT ( 'NONE',  ( 37.72555838147486185, 10.57728446746354045, -1.000000000000000000 ) ) ;
#1603 = DIRECTION ( 'NONE',  ( 1.000000000000000000, -0.000000000000000000, -0.000000000000000000 ) ) ;
#1604 = CARTESIAN_POINT ( 'NONE',  ( 16.33699094279155872, -32.00550938872386553, 0.5000000000000000000 ) ) ;
#1605 = AXIS2_PLACEMENT_3D ( 'NONE', #806, #3804, #5067 ) ;
#1606 = AXIS2_PLACEMENT_3D ( 'NONE', #718, #636, #73 ) ;
#1607 = CARTESIAN_POINT ( 'NONE',  ( 5.455194273636760016, -32.13320243262111120, -1.000000000000000000 ) ) ;
#1608 = FACE_OUTER_BOUND ( 'NONE', #7376, .T. ) ;
#1609 = ORIENTED_EDGE ( 'NONE', *, *, #3805, .F. ) ;
#1610 = VERTEX_POINT ( 'NONE', #3891 ) ;
#1611 = LINE ( 'NONE', #3475, #3270 ) ;
#1612 = ORIENTED_EDGE ( 'NONE', *, *, #2169, .F. ) ;
#1613 = VECTOR ( 'NONE', #7430, 1000.000000000000000 ) ;
#1614 = VERTEX_POINT ( 'NONE', #7372 ) ;
#1615 = LINE ( 'NONE', #502, #2303 ) ;
#1616 = CARTESIAN_POINT ( 'NONE',  ( 11.50349769417960921, -37.05826581561874633, 0.5000000000000000000 ) ) ;
#1617 = ORIENTED_EDGE ( 'NONE', *, *, #276, .F. ) ;
#1618 = CARTESIAN_POINT ( 'NONE',  ( 34.02555838147497980, -18.76479910009956598, 1.000000000000000000 ) ) ;
#1619 = FACE_OUTER_BOUND ( 'NONE', #6733, .T. ) ;
#1620 = AXIS2_PLACEMENT_3D ( 'NONE', #3239, #5682, #3819 ) ;
#1621 = DIRECTION ( 'NONE',  ( -8.042586066086100112E-17, -3.070295484789979924E-17, -1.000000000000000000 ) ) ;
#1622 = ORIENTED_EDGE ( 'NONE', *, *, #779, .T. ) ;
#1623 = LINE ( 'NONE', #1026, #7044 ) ;
#1624 = EDGE_LOOP ( 'NONE', ( #3872, #3538, #1529, #7621 ) ) ;
#1625 = LINE ( 'NONE', #2084, #3525 ) ;
#1626 = DIRECTION ( 'NONE',  ( 0.000000000000000000, 0.000000000000000000, -1.000000000000000000 ) ) ;
#1627 = DIRECTION ( 'NONE',  ( 1.000000000000000000, -0.000000000000000000, -0.000000000000000000 ) ) ;
#1628 = CARTESIAN_POINT ( 'NONE',  ( 13.55182651828113549, -35.59490859121409301, 1.000000000000000000 ) ) ;
#1629 = ADVANCED_FACE ( 'NONE', ( #3194 ), #7493, .F. ) ;
#1630 = CARTESIAN_POINT ( 'NONE',  ( 25.68877323985573824, -45.11841504291469107, -6.284504751596059258 ) ) ;
#1631 = LINE ( 'NONE', #3922, #7281 ) ;
#1632 = ADVANCED_FACE ( 'NONE', ( #212 ), #2611, .T. ) ;
#1633 = ORIENTED_EDGE ( 'NONE', *, *, #2137, .T. ) ;
#1634 = EDGE_CURVE ( 'NONE', #6822, #430, #3506, .T. ) ;
#1635 = CARTESIAN_POINT ( 'NONE',  ( 45.68722585882243692, 19.14266193162950103, -9.047210079157837370 ) ) ;
#1636 = CARTESIAN_POINT ( 'NONE',  ( 24.55729985598549803, -34.91486069756307131, 0.5000000000000000000 ) ) ;
#1637 = DIRECTION ( 'NONE',  ( 1.000000000000000000, 0.000000000000000000, 0.000000000000000000 ) ) ;
#1638 = EDGE_CURVE ( 'NONE', #1791, #3575, #4153, .T. ) ;
#1639 = CARTESIAN_POINT ( 'NONE',  ( 2.390344587278876443, -41.61841504291471949, -1.000000000000000000 ) ) ;
#1640 = ORIENTED_EDGE ( 'NONE', *, *, #107, .T. ) ;
#1641 = CIRCLE ( 'NONE', #3739, 0.4999999999999990563 ) ;
#1642 = ORIENTED_EDGE ( 'NONE', *, *, #6422, .T. ) ;
#1643 = LINE ( 'NONE', #4055, #781 ) ;
#1644 = CARTESIAN_POINT ( 'NONE',  ( 13.70774066124896784, -31.64357885062112175, 0.5000000000000001110 ) ) ;
#1645 = CARTESIAN_POINT ( 'NONE',  ( 16.33699094445157485, -32.00550938903889886, 1.000000000000000000 ) ) ;
#1646 = AXIS2_PLACEMENT_3D ( 'NONE', #5342, #4787, #1148 ) ;
#1647 = DIRECTION ( 'NONE',  ( 0.000000000000000000, -1.000000000000000000, 0.000000000000000000 ) ) ;
#1648 = DIRECTION ( 'NONE',  ( 0.000000000000000000, -1.000000000000000000, -1.380205382052140384E-16 ) ) ;
#1649 = VERTEX_POINT ( 'NONE', #4013 ) ;
#1650 = LINE ( 'NONE', #2817, #897 ) ;
#1651 = VERTEX_POINT ( 'NONE', #3389 ) ;
#1652 = LINE ( 'NONE', #3514, #5945 ) ;
#1653 = DIRECTION ( 'NONE',  ( -7.083454193571964143E-15, -1.000000000000000000, 0.000000000000000000 ) ) ;
#1654 = ORIENTED_EDGE ( 'NONE', *, *, #7544, .T. ) ;
#1655 = EDGE_CURVE ( 'NONE', #7361, #2519, #5920, .T. ) ;
#1656 = DIRECTION ( 'NONE',  ( -1.000000000000000000, 0.000000000000000000, 0.000000000000000000 ) ) ;
#1657 = VECTOR ( 'NONE', #6028, 1000.000000000000000 ) ;
#1658 = TOROIDAL_SURFACE ( 'NONE', #6922, 4.999999999999998224, 1.000000000000000000 ) ;
#1659 = LINE ( 'NONE', #427, #6607 ) ;
#1660 = DIRECTION ( 'NONE',  ( -0.000000000000000000, -0.000000000000000000, 1.000000000000000000 ) ) ;
#1661 = ORIENTED_EDGE ( 'NONE', *, *, #1207, .F. ) ;
#1662 = CARTESIAN_POINT ( 'NONE',  ( 44.08722585882242839, 19.14266193162950103, -1.000000000000000888 ) ) ;
#1663 = EDGE_LOOP ( 'NONE', ( #49, #5192, #4372, #7764 ) ) ;
#1664 = LINE ( 'NONE', #591, #5539 ) ;
#1665 = AXIS2_PLACEMENT_3D ( 'NONE', #1561, #3934, #6980 ) ;
#1666 = CARTESIAN_POINT ( 'NONE',  ( -1.109655412721124002, -41.11841504291472660, -11.49999999999999822 ) ) ;
#1667 = FACE_OUTER_BOUND ( 'NONE', #5587, .T. ) ;
#1668 = PLANE ( 'NONE',  #6378 ) ;
#1669 = AXIS2_PLACEMENT_3D ( 'NONE', #1171, #3551, #5398 ) ;
#1670 = CARTESIAN_POINT ( 'NONE',  ( 2.390344587278875554, 18.74374527427766068, -6.663148035801220281 ) ) ;
#1671 = ORIENTED_EDGE ( 'NONE', *, *, #5789, .F. ) ;
#1672 = PLANE ( 'NONE',  #5777 ) ;
#1673 = FACE_OUTER_BOUND ( 'NONE', #6064, .T. ) ;
#1674 = EDGE_CURVE ( 'NONE', #5442, #5710, #3466, .T. ) ;
#1675 = ORIENTED_EDGE ( 'NONE', *, *, #6001, .F. ) ;
#1676 = VECTOR ( 'NONE', #4733, 1000.000000000000000 ) ;
#1677 = CARTESIAN_POINT ( 'NONE',  ( 37.24050430185577198, -45.61841504291471949, -6.201502112509220233 ) ) ;
#1678 = EDGE_CURVE ( 'NONE', #5876, #86, #7566, .T. ) ;
#1679 = CARTESIAN_POINT ( 'NONE',  ( -1.609655412721123557, -24.80500368935529565, -7.551502062183216957 ) ) ;
#1680 = VERTEX_POINT ( 'NONE', #2338 ) ;
#1681 = ORIENTED_EDGE ( 'NONE', *, *, #1902, .T. ) ;
#1682 = PRODUCT_DEFINITION ( 'æœ', '', #7513, #4042 ) ;
#1683 = FACE_OUTER_BOUND ( 'NONE', #2111, .T. ) ;
#1684 = CARTESIAN_POINT ( 'NONE',  ( 13.11818170530654015, -36.36986876172436922, 0.5000000000000000000 ) ) ;
#1685 = AXIS2_PLACEMENT_3D ( 'NONE', #1727, #3438, #7032 ) ;
#1686 = CARTESIAN_POINT ( 'NONE',  ( 15.89891032695254403, -31.63220929449850161, 1.000000000000000000 ) ) ;
#1687 = CARTESIAN_POINT ( 'NONE',  ( 17.57697512523560235, -35.54960831874343086, 1.000000000000000000 ) ) ;
#1688 = CARTESIAN_POINT ( 'NONE',  ( 10.51133605906845148, -24.76759449452900341, -4.663148035801218505 ) ) ;
#1689 = VECTOR ( 'NONE', #3742, 1000.000000000000114 ) ;
#1690 = DIRECTION ( 'NONE',  ( 1.000000000000000000, 0.000000000000000000, 0.000000000000000000 ) ) ;
#1691 = VERTEX_POINT ( 'NONE', #1716 ) ;
#1692 = VERTEX_POINT ( 'NONE', #4564 ) ;
#1693 = DIRECTION ( 'NONE',  ( -0.9999898277492168530, -0.004510476481664495857, 8.056352750459599235E-17 ) ) ;
#1694 = FACE_OUTER_BOUND ( 'NONE', #6963, .T. ) ;
#1695 = CARTESIAN_POINT ( 'NONE',  ( 11.89792908520180070, -37.01386205714575794, 0.5000000000000000000 ) ) ;
#1696 = ORIENTED_EDGE ( 'NONE', *, *, #6406, .T. ) ;
#1697 = EDGE_CURVE ( 'NONE', #6504, #1357, #5801, .T. ) ;
#1698 = LINE ( 'NONE', #4032, #69 ) ;
#1699 = DIRECTION ( 'NONE',  ( 1.000000000000000000, 0.000000000000000000, 0.000000000000000000 ) ) ;
#1700 = CARTESIAN_POINT ( 'NONE',  ( 47.98256164536418567, 18.74374527427764292, -1.000000000000000000 ) ) ;
#1701 = VERTEX_POINT ( 'NONE', #7614 ) ;
#1702 = CARTESIAN_POINT ( 'NONE',  ( 6.625558381474984770, -41.61841504291471949, -1.000000000000000000 ) ) ;
#1703 = EDGE_CURVE ( 'NONE', #5797, #2412, #7433, .T. ) ;
#1704 = EDGE_LOOP ( 'NONE', ( #6929, #6072, #5179, #3006 ) ) ;
#1705 = CARTESIAN_POINT ( 'NONE',  ( 41.96106399535297982, 10.57728446746354045, -1.000000000000000000 ) ) ;
#1706 = CARTESIAN_POINT ( 'NONE',  ( 13.32048593899414612, -36.06737926053479271, 1.000000000000000000 ) ) ;
#1707 = CARTESIAN_POINT ( 'NONE',  ( -1.609655412721124446, 17.10562838809392971, -1.000000000000000000 ) ) ;
#1708 = DIRECTION ( 'NONE',  ( -1.000000000000000000, 0.000000000000000000, 0.000000000000000000 ) ) ;
#1709 = ORIENTED_EDGE ( 'NONE', *, *, #2505, .T. ) ;
#1710 = CARTESIAN_POINT ( 'NONE',  ( 25.20687692653575951, -34.12473186185724217, 1.000000000000000000 ) ) ;
#1711 = DIRECTION ( 'NONE',  ( 0.000000000000000000, 1.000000000000000000, 0.000000000000000000 ) ) ;
#1712 = DIRECTION ( 'NONE',  ( 0.000000000000000000, 0.000000000000000000, -1.000000000000000000 ) ) ;
#1713 = ADVANCED_FACE ( 'NONE', ( #2181 ), #410, .T. ) ;
#1714 = ORIENTED_EDGE ( 'NONE', *, *, #1207, .T. ) ;
#1715 = ORIENTED_EDGE ( 'NONE', *, *, #6480, .T. ) ;
#1716 = CARTESIAN_POINT ( 'NONE',  ( 7.625558381474975000, -12.76479910009956775, -1.000000000000000000 ) ) ;
#1717 = CARTESIAN_POINT ( 'NONE',  ( 9.378655565527218130, -28.67057227468818681, 0.5000000000000001110 ) ) ;
#1718 = CIRCLE ( 'NONE', #7735, 5.999999999999998224 ) ;
#1719 = CARTESIAN_POINT ( 'NONE',  ( 17.65551023692793819, -29.35451741096276024, 1.000000000000000000 ) ) ;
#1720 = CARTESIAN_POINT ( 'NONE',  ( 7.018250698443103452, -29.84893174320341913, 0.5000000000000000000 ) ) ;
#1721 = EDGE_CURVE ( 'NONE', #7198, #3284, #6938, .T. ) ;
#1722 = CIRCLE ( 'NONE', #4588, 2.600000000000001421 ) ;
#1723 = CARTESIAN_POINT ( 'NONE',  ( 5.783580688646249968, -31.05707297069714912, -1.000000000000000000 ) ) ;
#1724 = ORIENTED_EDGE ( 'NONE', *, *, #7258, .F. ) ;
#1725 = ORIENTED_EDGE ( 'NONE', *, *, #908, .T. ) ;
#1726 = LINE ( 'NONE', #3512, #7686 ) ;
#1727 = CARTESIAN_POINT ( 'NONE',  ( 37.02555838147498690, -12.76479910009956598, -1.000000000000000000 ) ) ;
#1728 = AXIS2_PLACEMENT_3D ( 'NONE', #1334, #2587, #4972 ) ;
#1729 = CARTESIAN_POINT ( 'NONE',  ( 11.37099666823127997, -37.06182097088971972, 1.000000000000000000 ) ) ;
#1730 = VERTEX_POINT ( 'NONE', #5198 ) ;
#1731 = DIRECTION ( 'NONE',  ( -0.000000000000000000, -0.000000000000000000, 1.000000000000000000 ) ) ;
#1732 = EDGE_CURVE ( 'NONE', #4632, #172, #527, .T. ) ;
#1733 = DIRECTION ( 'NONE',  ( -8.042586066086100112E-17, -3.070295484789979924E-17, -1.000000000000000000 ) ) ;
#1734 = AXIS2_PLACEMENT_3D ( 'NONE', #5802, #411, #2809 ) ;
#1735 = VECTOR ( 'NONE', #124, 1000.000000000000000 ) ;
#1736 = ORIENTED_EDGE ( 'NONE', *, *, #3311, .T. ) ;
#1737 = DIRECTION ( 'NONE',  ( -1.000000000000000000, 0.000000000000000000, 0.000000000000000000 ) ) ;
#1738 = VERTEX_POINT ( 'NONE', #3428 ) ;
#1739 = CARTESIAN_POINT ( 'NONE',  ( 31.27174601004611887, -39.42070666598473139, -1.000000000000000000 ) ) ;
#1740 = DIRECTION ( 'NONE',  ( 1.000000000000000000, 0.000000000000000000, -8.042586066086100112E-17 ) ) ;
#1741 = ORIENTED_EDGE ( 'NONE', *, *, #2093, .T. ) ;
#1742 = VECTOR ( 'NONE', #469, 1000.000000000000000 ) ;
#1743 = FACE_OUTER_BOUND ( 'NONE', #6485, .T. ) ;
#1744 = EDGE_CURVE ( 'NONE', #194, #1790, #7692, .T. ) ;
#1745 = EDGE_CURVE ( 'NONE', #1701, #7081, #1643, .T. ) ;
#1746 = DIRECTION ( 'NONE',  ( -0.000000000000000000, -0.000000000000000000, 1.000000000000000000 ) ) ;
#1747 = DIRECTION ( 'NONE',  ( 0.000000000000000000, 0.000000000000000000, 1.000000000000000000 ) ) ;
#1748 = ORIENTED_EDGE ( 'NONE', *, *, #2255, .F. ) ;
#1749 = CARTESIAN_POINT ( 'NONE',  ( 24.46425207793975787, -31.51354239429890214, 1.000000000000001332 ) ) ;
#1750 = DIRECTION ( 'NONE',  ( -1.668315467342550204E-16, 1.000000000000000000, 0.000000000000000000 ) ) ;
#1751 = DIRECTION ( 'NONE',  ( 0.000000000000000000, 1.000000000000000000, 1.380205382052140384E-16 ) ) ;
#1752 = EDGE_CURVE ( 'NONE', #1926, #2986, #5837, .T. ) ;
#1753 = FACE_OUTER_BOUND ( 'NONE', #2816, .T. ) ;
#1754 = ORIENTED_EDGE ( 'NONE', *, *, #4410, .T. ) ;
#1755 = VERTEX_POINT ( 'NONE', #7657 ) ;
#1756 = ORIENTED_EDGE ( 'NONE', *, *, #5676, .T. ) ;
#1757 = DIRECTION ( 'NONE',  ( 0.000000000000000000, 0.000000000000000000, 1.000000000000000000 ) ) ;
#1758 = LINE ( 'NONE', #2494, #1853 ) ;
#1759 = CARTESIAN_POINT ( 'NONE',  ( 22.62987829039992249, -37.54183858567107279, 1.000000000000000444 ) ) ;
#1760 = ORIENTED_EDGE ( 'NONE', *, *, #216, .F. ) ;
#1761 = DIRECTION ( 'NONE',  ( 0.000000000000000000, 0.000000000000000000, 1.000000000000000000 ) ) ;
#1762 = CARTESIAN_POINT ( 'NONE',  ( 9.711336059068521820, -24.76759449452900341, -4.663148035801218505 ) ) ;
#1763 = ORIENTED_EDGE ( 'NONE', *, *, #4533, .T. ) ;
#1764 = DIRECTION ( 'NONE',  ( 0.004510476481664495857, -0.9999898277492168530, 3.196359366350211616E-17 ) ) ;
#1765 = ADVANCED_FACE ( 'NONE', ( #1683 ), #835, .F. ) ;
#1766 = CARTESIAN_POINT ( 'NONE',  ( 47.98256164536418567, 14.42020381552566732, -5.000000000000000000 ) ) ;
#1767 = EDGE_LOOP ( 'NONE', ( #3030, #745, #3036, #5238, #4436, #7481, #3104 ) ) ;
#1768 = FACE_OUTER_BOUND ( 'NONE', #3037, .T. ) ;
#1769 = EDGE_CURVE ( 'NONE', #6724, #2335, #3614, .T. ) ;
#1770 = CARTESIAN_POINT ( 'NONE',  ( 32.48338076306245625, -31.97260846456628869, 1.250000000000000000 ) ) ;
#1771 = ORIENTED_EDGE ( 'NONE', *, *, #1158, .F. ) ;
#1772 = AXIS2_PLACEMENT_3D ( 'NONE', #561, #2949, #2002 ) ;
#1773 = CARTESIAN_POINT ( 'NONE',  ( -0.6215749342419232271, -44.26348397799739587, -13.37082330520272855 ) ) ;
#1774 = ORIENTED_EDGE ( 'NONE', *, *, #4150, .F. ) ;
#1775 = DIRECTION ( 'NONE',  ( 0.000000000000000000, 0.000000000000000000, -1.000000000000000000 ) ) ;
#1776 = CARTESIAN_POINT ( 'NONE',  ( 7.625558381474968783, 11.63520089990043083, -1.000000000000000000 ) ) ;
#1777 = ORIENTED_EDGE ( 'NONE', *, *, #6305, .T. ) ;
#1778 = CIRCLE ( 'NONE', #3756, 1.000000000000000000 ) ;
#1779 = CARTESIAN_POINT ( 'NONE',  ( 11.35712804322400515, -28.57448384643538475, 0.5000000000000000000 ) ) ;
#1780 = EDGE_CURVE ( 'NONE', #1791, #5685, #1794, .T. ) ;
#1781 = LINE ( 'NONE', #3603, #5877 ) ;
#1782 = VECTOR ( 'NONE', #101, 1000.000000000000000 ) ;
#1783 = DIRECTION ( 'NONE',  ( -0.000000000000000000, -0.000000000000000000, 1.000000000000000000 ) ) ;
#1784 = ORIENTED_EDGE ( 'NONE', *, *, #54, .F. ) ;
#1785 = CARTESIAN_POINT ( 'NONE',  ( 21.90128294832819122, -28.50558167472375715, 1.000000000000068390 ) ) ;
#1786 = CARTESIAN_POINT ( 'NONE',  ( 2.390344587278904420, 22.74374527427766068, -11.50000000000000000 ) ) ;
#1787 = CARTESIAN_POINT ( 'NONE',  ( 5.582669511742309076, -31.78577209438850204, 0.5000000000000000000 ) ) ;
#1788 = AXIS2_PLACEMENT_3D ( 'NONE', #52, #6616, #6796 ) ;
#1789 = CARTESIAN_POINT ( 'NONE',  ( 48.87309483438121305, -29.00591734882469908, -11.50000000000000000 ) ) ;
#1790 = VERTEX_POINT ( 'NONE', #7173 ) ;
#1791 = VERTEX_POINT ( 'NONE', #16 ) ;
#1792 = PLANE ( 'NONE',  #7381 ) ;
#1793 = CIRCLE ( 'NONE', #3157, 1.000000000000000000 ) ;
#1794 = LINE ( 'NONE', #5466, #5532 ) ;
#1795 = FACE_BOUND ( 'NONE', #2179, .T. ) ;
#1796 = EDGE_CURVE ( 'NONE', #5313, #6632, #4978, .T. ) ;
#1797 = CARTESIAN_POINT ( 'NONE',  ( 16.69763406689129681, -34.68478787169977551, 1.000000000000000000 ) ) ;
#1798 = CARTESIAN_POINT ( 'NONE',  ( 7.623637715709593365, -29.46551993125084934, 0.5000000000000001110 ) ) ;
#1799 = CARTESIAN_POINT ( 'NONE',  ( 10.28016043508238830, -28.44346479849404830, 0.5000000000000000000 ) ) ;
#1800 = CIRCLE ( 'NONE', #4792, 2.999999999999999112 ) ;
#1801 = DIRECTION ( 'NONE',  ( -8.042586066086100112E-17, -3.070295484789979924E-17, -1.000000000000000000 ) ) ;
#1802 = DIRECTION ( 'NONE',  ( -1.000000000000000000, -0.000000000000000000, -0.000000000000000000 ) ) ;
#1803 = DIRECTION ( 'NONE',  ( -2.843808977011159309E-16, 1.000000000000000000, 0.000000000000000000 ) ) ;
#1804 = ORIENTED_EDGE ( 'NONE', *, *, #2856, .T. ) ;
#1805 = VECTOR ( 'NONE', #1751, 1000.000000000000000 ) ;
#1806 = DIRECTION ( 'NONE',  ( 0.004510476481663465431, -0.9999898277492168530, 0.000000000000000000 ) ) ;
#1807 = LINE ( 'NONE', #4183, #5618 ) ;
#1808 = EDGE_CURVE ( 'NONE', #4698, #2047, #5283, .T. ) ;
#1809 = DIRECTION ( 'NONE',  ( 0.000000000000000000, 0.000000000000000000, 1.000000000000000000 ) ) ;
#1810 = ORIENTED_EDGE ( 'NONE', *, *, #2555, .T. ) ;
#1811 = DIRECTION ( 'NONE',  ( 1.000000000000000000, -0.000000000000000000, 0.000000000000000000 ) ) ;
#1812 = CARTESIAN_POINT ( 'NONE',  ( 23.51167280472278520, -36.69064511513241200, 0.5000000000000000000 ) ) ;
#1813 = ADVANCED_FACE ( 'NONE', ( #7397 ), #2450, .F. ) ;
#1814 = EDGE_LOOP ( 'NONE', ( #2658, #6026, #3440, #7273 ) ) ;
#1815 = CARTESIAN_POINT ( 'NONE',  ( 13.81694748196427547, -30.49689124421070474, 1.000000000000000000 ) ) ;
#1816 = CARTESIAN_POINT ( 'NONE',  ( 34.02555838147497980, -17.76479910009956598, 1.000000000000000000 ) ) ;
#1817 = EDGE_CURVE ( 'NONE', #1230, #289, #2961, .T. ) ;
#1818 = LINE ( 'NONE', #5226, #1136 ) ;
#1819 = ORIENTED_EDGE ( 'NONE', *, *, #4092, .F. ) ;
#1820 = CARTESIAN_POINT ( 'NONE',  ( 24.54228702556342157, -31.79122195790198191, 1.000000000000535127 ) ) ;
#1821 = CARTESIAN_POINT ( 'NONE',  ( 32.48338076306245625, -31.97260846456628869, 1.250000000000000000 ) ) ;
#1822 = CARTESIAN_POINT ( 'NONE',  ( 9.833540866019065518, -43.29767075805705900, -1.201502112509220010 ) ) ;
#1823 = DIRECTION ( 'NONE',  ( -8.042586066086100112E-17, -3.070295484789979924E-17, -1.000000000000000000 ) ) ;
#1824 = ORIENTED_EDGE ( 'NONE', *, *, #3192, .F. ) ;
#1825 = ORIENTED_EDGE ( 'NONE', *, *, #1018, .T. ) ;
#1826 = LINE ( 'NONE', #7051, #233 ) ;
#1827 = PLANE ( 'NONE',  #1788 ) ;
#1828 = PLANE ( 'NONE',  #969 ) ;
#1829 = ADVANCED_FACE ( 'NONE', ( #6653 ), #7213, .T. ) ;
#1830 = VECTOR ( 'NONE', #3301, 1000.000000000000000 ) ;
#1831 = DIRECTION ( 'NONE',  ( 0.000000000000000000, 0.000000000000000000, 1.000000000000000000 ) ) ;
#1832 = CARTESIAN_POINT ( 'NONE',  ( 45.90883905469549831, -45.26625438184182570, -13.46560741854088938 ) ) ;
#1833 = ADVANCED_FACE ( 'NONE', ( #3654 ), #3577, .F. ) ;
#1834 = CARTESIAN_POINT ( 'NONE',  ( 9.383239641340672677, -36.58272043159517750, -1.000000000000000000 ) ) ;
#1835 = FACE_BOUND ( 'NONE', #5373, .T. ) ;
#1836 = VECTOR ( 'NONE', #3517, 1000.000000000000000 ) ;
#1837 = ORIENTED_EDGE ( 'NONE', *, *, #1238, .F. ) ;
#1838 = CARTESIAN_POINT ( 'NONE',  ( 32.48338076306245625, -31.97260846456628869, 1.000000000000000000 ) ) ;
#1839 = LINE ( 'NONE', #7494, #911 ) ;
#1840 = CARTESIAN_POINT ( 'NONE',  ( 34.25612515595094720, -43.29767075805705900, -1.201502112509223341 ) ) ;
#1841 = ORIENTED_EDGE ( 'NONE', *, *, #995, .T. ) ;
#1842 = AXIS2_PLACEMENT_3D ( 'NONE', #713, #6711, #3247 ) ;
#1843 = DIRECTION ( 'NONE',  ( 0.000000000000000000, 1.000000000000000000, 0.000000000000000000 ) ) ;
#1844 = DIRECTION ( 'NONE',  ( 1.000000000000000000, 2.514877418146365435E-16, -8.042586066086101344E-17 ) ) ;
#1845 = DIRECTION ( 'NONE',  ( -6.938893903907228378E-15, 0.000000000000000000, 1.000000000000000000 ) ) ;
#1846 = VECTOR ( 'NONE', #5885, 1000.000000000000000 ) ;
#1847 = ORIENTED_EDGE ( 'NONE', *, *, #1319, .F. ) ;
#1848 = AXIS2_PLACEMENT_3D ( 'NONE', #3949, #5253, #1699 ) ;
#1849 = CARTESIAN_POINT ( 'NONE',  ( 10.51133605906845148, -24.76759449452900341, -4.663148035801218505 ) ) ;
#1850 = CARTESIAN_POINT ( 'NONE',  ( 6.479786643208914398, -30.30218539228869190, 0.9999999999999669154 ) ) ;
#1851 = VERTEX_POINT ( 'NONE', #5430 ) ;
#1852 = CARTESIAN_POINT ( 'NONE',  ( 13.94732219068574786, -33.20729783172770055, 1.000000000000268230 ) ) ;
#1853 = VECTOR ( 'NONE', #4133, 1000.000000000000000 ) ;
#1854 = CIRCLE ( 'NONE', #7250, 3.000000000000000000 ) ;
#1855 = CARTESIAN_POINT ( 'NONE',  ( 48.22735356466326806, -41.61841504291469107, -11.50000000000000000 ) ) ;
#1856 = CARTESIAN_POINT ( 'NONE',  ( 21.85172868996477291, -27.98628106946571492, 1.000000000000000222 ) ) ;
#1857 = ORIENTED_EDGE ( 'NONE', *, *, #3677, .F. ) ;
#1858 = CARTESIAN_POINT ( 'NONE',  ( 24.69933294396892265, -32.63419977419038531, 0.5000000000000000000 ) ) ;
#1859 = AXIS2_PLACEMENT_3D ( 'NONE', #5496, #2517, #2438 ) ;
#1860 = FACE_OUTER_BOUND ( 'NONE', #4909, .T. ) ;
#1861 = CARTESIAN_POINT ( 'NONE',  ( 5.947074069886068237, -30.89037737499486269, 0.5000000000000001110 ) ) ;
#1862 = CARTESIAN_POINT ( 'NONE',  ( 35.06211638159034294, 22.74374527427766779, -1.000000000000000000 ) ) ;
#1863 = EDGE_CURVE ( 'NONE', #2568, #3421, #5291, .T. ) ;
#1864 = ORIENTED_EDGE ( 'NONE', *, *, #608, .F. ) ;
#1865 = ADVANCED_FACE ( 'NONE', ( #90 ), #1827, .F. ) ;
#1866 = AXIS2_PLACEMENT_3D ( 'NONE', #178, #2692, #6903 ) ;
#1867 = ORIENTED_EDGE ( 'NONE', *, *, #4028, .F. ) ;
#1868 = ORIENTED_EDGE ( 'NONE', *, *, #7335, .F. ) ;
#1869 = CARTESIAN_POINT ( 'NONE',  ( 48.87309483438121305, -18.65776962898985758, -1.000000000000000000 ) ) ;
#1870 = DIRECTION ( 'NONE',  ( 0.000000000000000000, -0.000000000000000000, 1.000000000000000000 ) ) ;
#1871 = ADVANCED_FACE ( 'NONE', ( #5616 ), #4723, .F. ) ;
#1872 = DIRECTION ( 'NONE',  ( 1.000000000000000000, -1.658554010794165323E-16, 0.000000000000000000 ) ) ;
#1873 = DIRECTION ( 'NONE',  ( 1.000000000000000000, -2.368872718505104717E-15, -8.042586066086092716E-17 ) ) ;
#1874 = CARTESIAN_POINT ( 'NONE',  ( 13.97136120740845300, -33.18937205261808288, 0.5000000000000000000 ) ) ;
#1875 = LINE ( 'NONE', #58, #5922 ) ;
#1876 = FACE_OUTER_BOUND ( 'NONE', #6205, .T. ) ;
#1877 = CARTESIAN_POINT ( 'NONE',  ( 10.63354086601906978, -43.29767075805705900, -1.201502112509220233 ) ) ;
#1878 = CARTESIAN_POINT ( 'NONE',  ( -1.609655412721121781, -38.75495671797978758, -1.000000000000000000 ) ) ;
#1879 = DIRECTION ( 'NONE',  ( -0.000000000000000000, -0.000000000000000000, 1.000000000000000000 ) ) ;
#1880 = ORIENTED_EDGE ( 'NONE', *, *, #3442, .F. ) ;
#1881 = LINE ( 'NONE', #3633, #5161 ) ;
#1882 = LINE ( 'NONE', #4267, #4293 ) ;
#1883 = EDGE_CURVE ( 'NONE', #4162, #841, #7138, .T. ) ;
#1884 = CARTESIAN_POINT ( 'NONE',  ( 6.802284258139175144, -30.02655867328343575, 1.000000000000214939 ) ) ;
#1885 = EDGE_LOOP ( 'NONE', ( #1307, #4975, #5428, #4562 ) ) ;
#1886 = CARTESIAN_POINT ( 'NONE',  ( 14.44998389489389901, -33.50653885522484643, 1.000000000000000000 ) ) ;
#1887 = LINE ( 'NONE', #1184, #4479 ) ;
#1888 = FACE_OUTER_BOUND ( 'NONE', #5856, .T. ) ;
#1889 = VERTEX_POINT ( 'NONE', #4756 ) ;
#1890 = VECTOR ( 'NONE', #3914, 1000.000000000000000 ) ;
#1891 = LINE ( 'NONE', #3682, #5740 ) ;
#1892 = CARTESIAN_POINT ( 'NONE',  ( 35.06211638159034294, 15.31055444116484487, -1.000000000000000000 ) ) ;
#1893 = CARTESIAN_POINT ( 'NONE',  ( 7.381858757560340045, -29.60942805820968360, 0.5000000000000000000 ) ) ;
#1894 = CIRCLE ( 'NONE', #5395, 0.8000000000000020428 ) ;
#1895 = CARTESIAN_POINT ( 'NONE',  ( 37.72555838147486185, 10.57728446746354045, -2.000000000000011990 ) ) ;
#1896 = VECTOR ( 'NONE', #3058, 1000.000000000000000 ) ;
#1897 = VERTEX_POINT ( 'NONE', #6541 ) ;
#1898 = EDGE_CURVE ( 'NONE', #1738, #5635, #1234, .T. ) ;
#1899 = VERTEX_POINT ( 'NONE', #5959 ) ;
#1900 = VERTEX_POINT ( 'NONE', #4244 ) ;
#1901 = FACE_OUTER_BOUND ( 'NONE', #861, .T. ) ;
#1902 = EDGE_CURVE ( 'NONE', #3255, #310, #5926, .T. ) ;
#1903 = CARTESIAN_POINT ( 'NONE',  ( 10.91309180190251382, -37.54743125877763532, 1.000000000000000222 ) ) ;
#1904 = CARTESIAN_POINT ( 'NONE',  ( 24.42100398431781727, -31.38000281730887053, 0.5000000000000000000 ) ) ;
#1905 = ORIENTED_EDGE ( 'NONE', *, *, #2165, .T. ) ;
#1906 = AXIS2_PLACEMENT_3D ( 'NONE', #1821, #5309, #4526 ) ;
#1907 = CARTESIAN_POINT ( 'NONE',  ( 13.91407343923848217, -34.14952937773848163, 0.5000000000000000000 ) ) ;
#1908 = ORIENTED_EDGE ( 'NONE', *, *, #7556, .F. ) ;
#1909 = CARTESIAN_POINT ( 'NONE',  ( 8.202730447109999545, 22.74374527427766068, -9.592411343199959362 ) ) ;
#1910 = LINE ( 'NONE', #5516, #1676 ) ;
#1911 = DIRECTION ( 'NONE',  ( 0.000000000000000000, 0.000000000000000000, 1.000000000000000000 ) ) ;
#1912 = DIRECTION ( 'NONE',  ( 0.000000000000000000, -1.000000000000000000, 0.000000000000000000 ) ) ;
#1913 = AXIS2_PLACEMENT_3D ( 'NONE', #2731, #5119, #332 ) ;
#1914 = DIRECTION ( 'NONE',  ( -0.000000000000000000, -0.000000000000000000, 1.000000000000000000 ) ) ;
#1915 = CARTESIAN_POINT ( 'NONE',  ( 45.87309483438121305, -26.38459728854136799, -6.285192739890203661 ) ) ;
#1916 = ORIENTED_EDGE ( 'NONE', *, *, #4528, .F. ) ;
#1917 = CARTESIAN_POINT ( 'NONE',  ( 19.10114700972043522, -36.00043039088168229, 0.5000000000000000000 ) ) ;
#1918 = EDGE_CURVE ( 'NONE', #3284, #3731, #7520, .T. ) ;
#1919 = VECTOR ( 'NONE', #3383, 1000.000000000000000 ) ;
#1920 = PLANE ( 'NONE',  #5546 ) ;
#1921 = CARTESIAN_POINT ( 'NONE',  ( 0.5350161592050475257, -43.23723148550483586, -9.047210079157837370 ) ) ;
#1922 = VERTEX_POINT ( 'NONE', #5058 ) ;
#1923 = CARTESIAN_POINT ( 'NONE',  ( 13.94732219082123059, -33.20729783171776006, 0.5000000000000000000 ) ) ;
#1924 = ADVANCED_FACE ( 'NONE', ( #991 ), #273, .F. ) ;
#1925 = CARTESIAN_POINT ( 'NONE',  ( 5.443766477962406647, -45.61841504291471239, -4.663148035801216729 ) ) ;
#1926 = VERTEX_POINT ( 'NONE', #3957 ) ;
#1927 = CARTESIAN_POINT ( 'NONE',  ( 20.16148632206498803, -28.14886768440486264, 1.000000000000000000 ) ) ;
#1928 = DIRECTION ( 'NONE',  ( 0.9999940109707539104, 0.003460928000371264919, 0.000000000000000000 ) ) ;
#1929 = CARTESIAN_POINT ( 'NONE',  ( 47.98256164536418567, 16.99293638262966510, -1.000000000000000000 ) ) ;
#1930 = B_SPLINE_CURVE_WITH_KNOTS ( 'NONE', 3,
 ( #5700, #2709, #1505, #5186, #7602, #6377, #4430, #5739, #2207, #1546, #3258, #357, #5659, #2752, #5141, #3839, #4590, #3220 ),
 .UNSPECIFIED., .F., .F.,
 ( 4, 1, 1, 1, 1, 1, 1, 1, 1, 1, 1, 1, 1, 1, 1, 4 ),
 ( 0.000000000000000000, 0.01562500000000000000, 0.03125000000000000000, 0.06250000000000000000, 0.09375000000000000000, 0.1250000000000000000, 0.1562500000000000000, 0.1875000000000000000, 0.2500000000000000000, 0.3125000000000000000, 0.3437500000000000000, 0.3750000000000000000, 0.4062500000000000000, 0.4375000000000000000, 0.4687500000000000000, 0.5000000000000000000 ),
 .UNSPECIFIED. ) ;
#1931 = LINE ( 'NONE', #2561, #4727 ) ;
#1932 = ORIENTED_EDGE ( 'NONE', *, *, #1051, .F. ) ;
#1933 = ORIENTED_EDGE ( 'NONE', *, *, #6729, .F. ) ;
#1934 = ORIENTED_EDGE ( 'NONE', *, *, #1732, .T. ) ;
#1935 = DIRECTION ( 'NONE',  ( -1.000000000000000000, -2.168404344971010840E-16, -3.761581922631323529E-31 ) ) ;
#1936 = FACE_OUTER_BOUND ( 'NONE', #4194, .T. ) ;
#1937 = EDGE_CURVE ( 'NONE', #2592, #3052, #2707, .T. ) ;
#1938 = CARTESIAN_POINT ( 'NONE',  ( 23.91221610186694946, -36.36969750893551634, 0.5000000000000000000 ) ) ;
#1939 = EDGE_LOOP ( 'NONE', ( #5071, #4130, #3253, #5248 ) ) ;
#1940 = CARTESIAN_POINT ( 'NONE',  ( 13.67109146257048735, -35.25569795928656447, -1.000000000000000444 ) ) ;
#1941 = DIRECTION ( 'NONE',  ( -0.000000000000000000, -0.000000000000000000, -1.000000000000000000 ) ) ;
#1942 = AXIS2_PLACEMENT_3D ( 'NONE', #6260, #159, #2559 ) ;
#1943 = CARTESIAN_POINT ( 'NONE',  ( 11.05769429340459631, -27.98645232225459623, 1.000000000000000222 ) ) ;
#1944 = PLANE ( 'NONE',  #6961 ) ;
#1945 = ORIENTED_EDGE ( 'NONE', *, *, #3448, .T. ) ;
#1946 = EDGE_CURVE ( 'NONE', #1230, #5313, #2751, .T. ) ;
#1947 = CARTESIAN_POINT ( 'NONE',  ( 2.390344587278884436, 14.63520089990043260, -1.000000000000000000 ) ) ;
#1948 = VECTOR ( 'NONE', #585, 1000.000000000000114 ) ;
#1949 = CARTESIAN_POINT ( 'NONE',  ( 47.98256164536418567, 16.99293638262966510, -1.000000000000000000 ) ) ;
#1950 = ADVANCED_FACE ( 'NONE', ( #4589 ), #6333, .F. ) ;
#1951 = CARTESIAN_POINT ( 'NONE',  ( 34.02555838147497980, -17.76479910009956598, 0.000000000000000000 ) ) ;
#1952 = EDGE_LOOP ( 'NONE', ( #5696, #4122 ) ) ;
#1953 = CARTESIAN_POINT ( 'NONE',  ( 23.29942580497920090, -36.82922309921566040, 0.9999999999986224353 ) ) ;
#1954 = VECTOR ( 'NONE', #7302, 1000.000000000000000 ) ;
#1955 = DIRECTION ( 'NONE',  ( -1.000000000000000000, 0.000000000000000000, 0.000000000000000000 ) ) ;
#1956 = EDGE_CURVE ( 'NONE', #976, #3778, #6412, .T. ) ;
#1957 = PLANE ( 'NONE',  #2215 ) ;
#1958 = EDGE_LOOP ( 'NONE', ( #1617, #2119, #4861, #2997 ) ) ;
#1959 = CARTESIAN_POINT ( 'NONE',  ( 9.511758179784493450, -28.62817648551152416, 1.000000000000000000 ) ) ;
#1960 = FACE_OUTER_BOUND ( 'NONE', #825, .T. ) ;
#1961 = CARTESIAN_POINT ( 'NONE',  ( 50.43190725012332365, -26.38459728854136799, -5.285192739890203661 ) ) ;
#1962 = VECTOR ( 'NONE', #4994, 1000.000000000000000 ) ;
#1963 = DIRECTION ( 'NONE',  ( 1.000000000000000000, 0.000000000000000000, 0.000000000000000000 ) ) ;
#1964 = ORIENTED_EDGE ( 'NONE', *, *, #1156, .F. ) ;
#1965 = CARTESIAN_POINT ( 'NONE',  ( 21.77328323957133449, -28.48088011066916181, 0.5000000000000000000 ) ) ;
#1966 = CARTESIAN_POINT ( 'NONE',  ( 7.323732930487381054, -45.61841504291471239, -6.201502112509218456 ) ) ;
#1967 = CIRCLE ( 'NONE', #87, 1.549999999999999378 ) ;
#1968 = DIRECTION ( 'NONE',  ( 0.000000000000000000, 0.000000000000000000, -1.000000000000000000 ) ) ;
#1969 = DIRECTION ( 'NONE',  ( 1.000000000000000000, 0.000000000000000000, -8.042586066086100112E-17 ) ) ;
#1970 = ORIENTED_EDGE ( 'NONE', *, *, #3328, .F. ) ;
#1971 = EDGE_LOOP ( 'NONE', ( #6366, #2996, #5880, #6236 ) ) ;
#1972 = VECTOR ( 'NONE', #1040, 1000.000000000000000 ) ;
#1973 = DIRECTION ( 'NONE',  ( -1.000000000000000000, 0.000000000000000000, 0.000000000000000000 ) ) ;
#1974 = CARTESIAN_POINT ( 'NONE',  ( 25.16436629349527720, 15.31055444116484487, -9.592411343199959362 ) ) ;
#1975 = ORIENTED_EDGE ( 'NONE', *, *, #2391, .F. ) ;
#1976 = ADVANCED_FACE ( 'NONE', ( #2049 ), #1028, .F. ) ;
#1977 = CARTESIAN_POINT ( 'NONE',  ( 24.59935648199099134, -34.76752072743728661, 0.5000000000000000000 ) ) ;
#1978 = VECTOR ( 'NONE', #4811, 1000.000000000000000 ) ;
#1979 = DIRECTION ( 'NONE',  ( -2.843808977011159802E-16, 1.000000000000000000, 0.000000000000000000 ) ) ;
#1980 = VERTEX_POINT ( 'NONE', #2792 ) ;
#1981 = ORIENTED_EDGE ( 'NONE', *, *, #7069, .T. ) ;
#1982 = CARTESIAN_POINT ( 'NONE',  ( 18.21037354098383432, -29.58873389503889584, 0.5000000000000000000 ) ) ;
#1983 = B_SPLINE_CURVE_WITH_KNOTS ( 'NONE', 3,
 ( #1278, #5469, #4952, #4321, #5584, #2417, #5510, #7216, #1832, #2567, #1313, #3693 ),
 .UNSPECIFIED., .F., .F.,
 ( 4, 2, 2, 2, 2, 4 ),
 ( 0.000000000000000000, 0.001098773588313059664, 0.001648160382469597736, 0.002197547176626135808, 0.003296320764939216288, 0.004395094353252297636 ),
 .UNSPECIFIED. ) ;
#1984 = CARTESIAN_POINT ( 'NONE',  ( 32.48338076306245625, -31.97260846456628869, 1.500000000000000000 ) ) ;
#1985 = CARTESIAN_POINT ( 'NONE',  ( 16.73335995478388583, -30.90572701674813771, 1.000000000000271339 ) ) ;
#1986 = ORIENTED_EDGE ( 'NONE', *, *, #2323, .T. ) ;
#1987 = CYLINDRICAL_SURFACE ( 'NONE', #3579, 3.000000000000000000 ) ;
#1988 = CARTESIAN_POINT ( 'NONE',  ( 48.87309483438121305, -18.65776962898985758, -11.50000000000000000 ) ) ;
#1989 = LINE ( 'NONE', #5720, #2646 ) ;
#1990 = ADVANCED_FACE ( 'NONE', ( #3918 ), #2671, .F. ) ;
#1991 = ORIENTED_EDGE ( 'NONE', *, *, #190, .F. ) ;
#1992 = EDGE_LOOP ( 'NONE', ( #441, #6683, #3320, #5400 ) ) ;
#1993 = PLANE ( 'NONE',  #3297 ) ;
#1994 = CARTESIAN_POINT ( 'NONE',  ( 7.807122942415186451, -35.68610166686754326, 1.000000000000066835 ) ) ;
#1995 = FACE_BOUND ( 'NONE', #7462, .T. ) ;
#1996 = ORIENTED_EDGE ( 'NONE', *, *, #7064, .F. ) ;
#1997 = EDGE_CURVE ( 'NONE', #1900, #5892, #1457, .T. ) ;
#1998 = FACE_OUTER_BOUND ( 'NONE', #3651, .T. ) ;
#1999 = CARTESIAN_POINT ( 'NONE',  ( 12.34334880155074643, -40.56364722183403160, -1.000000000000000000 ) ) ;
#2000 = PLANE ( 'NONE',  #856 ) ;
#2001 = ORIENTED_EDGE ( 'NONE', *, *, #3102, .F. ) ;
#2002 = DIRECTION ( 'NONE',  ( 0.000000000000000000, 0.000000000000000000, 1.000000000000000000 ) ) ;
#2003 = EDGE_LOOP ( 'NONE', ( #5878, #1062, #1986, #2245 ) ) ;
#2004 = DIRECTION ( 'NONE',  ( 4.891920202254595020E-16, 1.000000000000000000, 1.380205382051887209E-16 ) ) ;
#2005 = CARTESIAN_POINT ( 'NONE',  ( 18.94719532075112767, -29.17011395362340664, 1.000000000000000000 ) ) ;
#2006 = LINE ( 'NONE', #1892, #1391 ) ;
#2007 = AXIS2_PLACEMENT_3D ( 'NONE', #7644, #2251, #4083 ) ;
#2008 = EDGE_CURVE ( 'NONE', #5887, #1900, #5019, .T. ) ;
#2009 = DIRECTION ( 'NONE',  ( -8.042586066086100112E-17, -3.070295484789979924E-17, -1.000000000000000000 ) ) ;
#2010 = CARTESIAN_POINT ( 'NONE',  ( 16.49751697053444488, -31.38966293396319784, 0.5000000000000000000 ) ) ;
#2011 = ORIENTED_EDGE ( 'NONE', *, *, #6017, .T. ) ;
#2012 = VECTOR ( 'NONE', #3594, 1000.000000000000000 ) ;
#2013 = EDGE_LOOP ( 'NONE', ( #6200, #489, #7181, #3288 ) ) ;
#2014 = DIRECTION ( 'NONE',  ( 0.000000000000000000, 0.000000000000000000, -1.000000000000000000 ) ) ;
#2015 = CARTESIAN_POINT ( 'NONE',  ( 34.02555838147497980, 11.63520089990043260, 0.000000000000000000 ) ) ;
#2016 = CARTESIAN_POINT ( 'NONE',  ( 24.12037844102774997, -36.09207547688636453, -1.000000000000000000 ) ) ;
#2017 = CIRCLE ( 'NONE', #3636, 0.5000000000000013323 ) ;
#2018 = AXIS2_PLACEMENT_3D ( 'NONE', #1702, #512, #2906 ) ;
#2019 = DIRECTION ( 'NONE',  ( 0.000000000000000000, 0.000000000000000000, -1.000000000000000000 ) ) ;
#2020 = EDGE_LOOP ( 'NONE', ( #4986, #235 ) ) ;
#2021 = EDGE_CURVE ( 'NONE', #1162, #2040, #3298, .T. ) ;
#2022 = ORIENTED_EDGE ( 'NONE', *, *, #4477, .F. ) ;
#2023 = AXIS2_PLACEMENT_3D ( 'NONE', #3008, #1941, #6116 ) ;
#2024 = CARTESIAN_POINT ( 'NONE',  ( 1.335016159205053343, -43.23723148550483586, -1.000000000000000888 ) ) ;
#2025 = B_SPLINE_CURVE_WITH_KNOTS ( 'NONE', 3,
 ( #4178, #2969, #2536, #7334 ),
 .UNSPECIFIED., .F., .F.,
 ( 4, 4 ),
 ( 0.000000000000000000, 0.0002950670785849927738 ),
 .UNSPECIFIED. ) ;
#2026 = CARTESIAN_POINT ( 'NONE',  ( 12.99098821140080418, -37.10948077418181157, 1.000000000000000000 ) ) ;
#2027 = DIRECTION ( 'NONE',  ( 0.000000000000000000, 0.000000000000000000, 1.000000000000000000 ) ) ;
#2028 = ORIENTED_EDGE ( 'NONE', *, *, #2142, .F. ) ;
#2029 = CARTESIAN_POINT ( 'NONE',  ( 44.38408591663488778, 10.28286628251796131, -5.000000000000000000 ) ) ;
#2030 = VECTOR ( 'NONE', #1104, 1000.000000000000000 ) ;
#2031 = DIRECTION ( 'NONE',  ( -0.000000000000000000, -0.000000000000000000, 1.000000000000000000 ) ) ;
#2032 = ORIENTED_EDGE ( 'NONE', *, *, #4983, .F. ) ;
#2033 = DIRECTION ( 'NONE',  ( 1.000000000000000000, 2.514877418146365435E-16, -0.000000000000000000 ) ) ;
#2034 = ORIENTED_EDGE ( 'NONE', *, *, #4265, .T. ) ;
#2035 = ORIENTED_EDGE ( 'NONE', *, *, #6363, .F. ) ;
#2036 = DIRECTION ( 'NONE',  ( 0.000000000000000000, 1.000000000000000000, 0.000000000000000000 ) ) ;
#2037 = CIRCLE ( 'NONE', #664, 2.999999999999999556 ) ;
#2038 = CARTESIAN_POINT ( 'NONE',  ( 5.542956547890986130, -32.00568064182760253, 1.000000000000000000 ) ) ;
#2039 = DIRECTION ( 'NONE',  ( 0.000000000000000000, 0.000000000000000000, 1.000000000000000000 ) ) ;
#2040 = VERTEX_POINT ( 'NONE', #3335 ) ;
#2041 = CARTESIAN_POINT ( 'NONE',  ( 7.894806723666892623, -29.30516663123744792, 0.5000000000000000000 ) ) ;
#2042 = EDGE_CURVE ( 'NONE', #7287, #3553, #5411, .T. ) ;
#2043 = LINE ( 'NONE', #868, #3113 ) ;
#2044 = DIRECTION ( 'NONE',  ( -8.042586066086100112E-17, -3.070295484789979924E-17, -1.000000000000000000 ) ) ;
#2045 = ORIENTED_EDGE ( 'NONE', *, *, #557, .T. ) ;
#2046 = CARTESIAN_POINT ( 'NONE',  ( 12.71763840816227820, -36.69081636792130752, 0.5000000000000000000 ) ) ;
#2047 = VERTEX_POINT ( 'NONE', #6256 ) ;
#2048 = AXIS2_PLACEMENT_3D ( 'NONE', #5337, #5861, #2285 ) ;
#2049 = FACE_OUTER_BOUND ( 'NONE', #4694, .T. ) ;
#2050 = CARTESIAN_POINT ( 'NONE',  ( 37.24050430185577198, -40.97692647319939141, -13.76255307708051490 ) ) ;
#2051 = CARTESIAN_POINT ( 'NONE',  ( 36.03106969813007510, 22.74374527427766779, -2.000000000000010658 ) ) ;
#2052 = LINE ( 'NONE', #2598, #705 ) ;
#2053 = AXIS2_PLACEMENT_3D ( 'NONE', #5287, #3400, #6362 ) ;
#2054 = DIRECTION ( 'NONE',  ( 0.000000000000000000, 0.000000000000000000, -1.000000000000000000 ) ) ;
#2055 = DIRECTION ( 'NONE',  ( 0.000000000000000000, 5.256737805998289968E-15, -1.000000000000000000 ) ) ;
#2056 = VERTEX_POINT ( 'NONE', #874 ) ;
#2057 = DIRECTION ( 'NONE',  ( 0.000000000000000000, 1.000000000000000000, 0.000000000000000000 ) ) ;
#2058 = FACE_OUTER_BOUND ( 'NONE', #6779, .T. ) ;
#2059 = LINE ( 'NONE', #5068, #3544 ) ;
#2060 = FILL_AREA_STYLE_COLOUR ( '', #7365 ) ;
#2061 = ORIENTED_EDGE ( 'NONE', *, *, #4774, .F. ) ;
#2062 = VERTEX_POINT ( 'NONE', #7473 ) ;
#2063 = EDGE_CURVE ( 'NONE', #4681, #5169, #7436, .T. ) ;
#2064 = CARTESIAN_POINT ( 'NONE',  ( 20.87442686535597858, -36.87332770495793710, 0.5000000000000000000 ) ) ;
#2065 = CARTESIAN_POINT ( 'NONE',  ( 14.25497924515527082, -35.03195792598478420, 1.000000000000000222 ) ) ;
#2066 = CARTESIAN_POINT ( 'NONE',  ( 17.48590358480417706, -30.11571168062654635, 1.000000000000000000 ) ) ;
#2067 = EDGE_CURVE ( 'NONE', #5958, #976, #1625, .T. ) ;
#2068 = LINE ( 'NONE', #7339, #7748 ) ;
#2069 = CARTESIAN_POINT ( 'NONE',  ( 3.226601152850407050, 22.74374527427766424, -1.000000000000000000 ) ) ;
#2070 = DIRECTION ( 'NONE',  ( 1.000000000000000000, 0.000000000000000000, 0.000000000000000000 ) ) ;
#2071 = ORIENTED_EDGE ( 'NONE', *, *, #1352, .F. ) ;
#2072 = ORIENTED_EDGE ( 'NONE', *, *, #7567, .F. ) ;
#2073 = DIRECTION ( 'NONE',  ( 0.000000000000000000, -0.000000000000000000, 1.000000000000000000 ) ) ;
#2074 = CARTESIAN_POINT ( 'NONE',  ( 6.877690231029786716, -34.97445060266080219, 1.000000000000201394 ) ) ;
#2075 = DIRECTION ( 'NONE',  ( 0.000000000000000000, 0.000000000000000000, -1.000000000000000000 ) ) ;
#2076 = ORIENTED_EDGE ( 'NONE', *, *, #7567, .T. ) ;
#2077 = EDGE_CURVE ( 'NONE', #4241, #2905, #5140, .T. ) ;
#2078 = DIRECTION ( 'NONE',  ( -1.000000000000000000, 0.000000000000000000, 0.000000000000000000 ) ) ;
#2079 = CARTESIAN_POINT ( 'NONE',  ( 8.608240758198650866, -27.06847516654442032, -3.000000000000000000 ) ) ;
#2080 = DIRECTION ( 'NONE',  ( -5.501601722518989248E-16, 1.000000000000000000, 0.000000000000000000 ) ) ;
#2081 = EDGE_LOOP ( 'NONE', ( #6143, #449, #2195, #3402 ) ) ;
#2082 = DIRECTION ( 'NONE',  ( 0.000000000000000000, -1.000000000000000000, 0.000000000000000000 ) ) ;
#2083 = EDGE_LOOP ( 'NONE', ( #7211, #511, #4486, #2967, #7172 ) ) ;
#2084 = CARTESIAN_POINT ( 'NONE',  ( 47.98256164536418567, 15.57751706311805151, -1.000000000000000000 ) ) ;
#2085 = PLANE ( 'NONE',  #7047 ) ;
#2086 = LINE ( 'NONE', #4473, #1830 ) ;
#2087 = CIRCLE ( 'NONE', #4714, 2.000000000000000000 ) ;
#2088 = CARTESIAN_POINT ( 'NONE',  ( 18.42115589863707115, -35.56300569322742433, 0.5000000000000000000 ) ) ;
#2089 = DIRECTION ( 'NONE',  ( -1.000000000000000000, -2.132856732758369605E-16, -0.000000000000000000 ) ) ;
#2090 = ORIENTED_EDGE ( 'NONE', *, *, #4289, .F. ) ;
#2091 = CARTESIAN_POINT ( 'NONE',  ( 40.97104298065090688, -31.38865712849714384, -4.163148035801221170 ) ) ;
#2092 = FACE_OUTER_BOUND ( 'NONE', #6462, .T. ) ;
#2093 = EDGE_CURVE ( 'NONE', #5790, #4413, #311, .T. ) ;
#2094 = AXIS2_PLACEMENT_3D ( 'NONE', #1639, #6537, #5234 ) ;
#2095 = DIRECTION ( 'NONE',  ( -0.000000000000000000, -0.000000000000000000, 1.000000000000000000 ) ) ;
#2096 = EDGE_CURVE ( 'NONE', #5899, #2056, #4031, .T. ) ;
#2097 = ADVANCED_FACE ( 'NONE', ( #7119 ), #1066, .F. ) ;
#2098 = CARTESIAN_POINT ( 'NONE',  ( 22.06035893696027017, -28.54560110882471236, 0.5000000000000000000 ) ) ;
#2099 = AXIS2_PLACEMENT_3D ( 'NONE', #2641, #3848, #844 ) ;
#2100 = ORIENTED_EDGE ( 'NONE', *, *, #5326, .F. ) ;
#2101 = ORIENTED_EDGE ( 'NONE', *, *, #4456, .F. ) ;
#2102 = CARTESIAN_POINT ( 'NONE',  ( 21.68663857092130343, -37.06127908773790125, 0.5000000000000000000 ) ) ;
#2103 = LINE ( 'NONE', #4488, #2289 ) ;
#2104 = AXIS2_PLACEMENT_3D ( 'NONE', #6062, #41, #6134 ) ;
#2105 = CARTESIAN_POINT ( 'NONE',  ( 16.82114292162371783, -30.04209906401106167, 1.000000000000000000 ) ) ;
#2106 = CARTESIAN_POINT ( 'NONE',  ( 8.794520846166296479, -36.27990011284978777, 0.5000000000000000000 ) ) ;
#2107 = DIRECTION ( 'NONE',  ( -0.000000000000000000, -0.000000000000000000, -1.000000000000000000 ) ) ;
#2108 = AXIS2_PLACEMENT_3D ( 'NONE', #6133, #4423, #6714 ) ;
#2109 = DIRECTION ( 'NONE',  ( -1.000000000000000000, -0.000000000000000000, -0.000000000000000000 ) ) ;
#2110 = ORIENTED_EDGE ( 'NONE', *, *, #4195, .T. ) ;
#2111 = EDGE_LOOP ( 'NONE', ( #3786, #4235, #6574, #4453 ) ) ;
#2112 = CARTESIAN_POINT ( 'NONE',  ( 43.62352618543248894, 16.99293638262966510, -1.000000000000000000 ) ) ;
#2113 = CARTESIAN_POINT ( 'NONE',  ( 5.979333454580136653, -33.91602656517412839, 1.000000000000135669 ) ) ;
#2114 = DIRECTION ( 'NONE',  ( -1.000000000000000000, -0.000000000000000000, -0.000000000000000000 ) ) ;
#2115 = VERTEX_POINT ( 'NONE', #1739 ) ;
#2116 = CARTESIAN_POINT ( 'NONE',  ( 49.00749553206704690, 12.65288649460165438, -1.000000000000000000 ) ) ;
#2117 = LINE ( 'NONE', #6873, #3840 ) ;
#2118 = DIRECTION ( 'NONE',  ( 8.042586066086100112E-17, 3.070295484789979924E-17, 1.000000000000000000 ) ) ;
#2119 = ORIENTED_EDGE ( 'NONE', *, *, #924, .T. ) ;
#2120 = EDGE_LOOP ( 'NONE', ( #3771, #5736, #3811, #3652, #742, #3915 ) ) ;
#2121 = CARTESIAN_POINT ( 'NONE',  ( 12.87708898426330073, -36.57528921761910823, 0.5000000000000000000 ) ) ;
#2122 = ADVANCED_FACE ( 'NONE', ( #7194 ), #7680, .F. ) ;
#2123 = ORIENTED_EDGE ( 'NONE', *, *, #6676, .T. ) ;
#2124 = DIRECTION ( 'NONE',  ( -0.000000000000000000, -0.000000000000000000, 1.000000000000000000 ) ) ;
#2125 = DIRECTION ( 'NONE',  ( 0.000000000000000000, -1.000000000000000000, -0.000000000000000000 ) ) ;
#2126 = CARTESIAN_POINT ( 'NONE',  ( 47.98256164536418567, 12.65288649460165438, -13.50000000000000355 ) ) ;
#2127 = DIRECTION ( 'NONE',  ( 0.000000000000000000, -1.000000000000000000, -0.000000000000000000 ) ) ;
#2128 = CARTESIAN_POINT ( 'NONE',  ( 5.644693691445203498, 11.54623778400322109, -2.000000000000011102 ) ) ;
#2129 = EDGE_LOOP ( 'NONE', ( #6209, #3455, #118, #6540, #3318 ) ) ;
#2130 = CARTESIAN_POINT ( 'NONE',  ( 18.42481529191433154, -29.46110410818694803, 0.5000000000000000000 ) ) ;
#2131 = VECTOR ( 'NONE', #1550, 1000.000000000000000 ) ;
#2132 = CARTESIAN_POINT ( 'NONE',  ( 24.81184192949452338, -35.77670143589404006, 1.000000000000000000 ) ) ;
#2133 = EDGE_LOOP ( 'NONE', ( #6041, #4587, #5114, #4637 ) ) ;
#2134 = CARTESIAN_POINT ( 'NONE',  ( 24.76539560396886586, -33.18920079982924420, -1.000000000000000000 ) ) ;
#2135 = CARTESIAN_POINT ( 'NONE',  ( 18.90669415427581868, -29.17619277109195863, 0.5000000000000000000 ) ) ;
#2136 = CIRCLE ( 'NONE', #509, 0.8000000000000038192 ) ;
#2137 = EDGE_CURVE ( 'NONE', #2722, #5011, #4702, .T. ) ;
#2138 = ORIENTED_EDGE ( 'NONE', *, *, #5089, .F. ) ;
#2139 = ORIENTED_EDGE ( 'NONE', *, *, #5716, .F. ) ;
#2140 = CARTESIAN_POINT ( 'NONE',  ( 18.79985600311794514, -35.82748228364955168, 0.5000000000000000000 ) ) ;
#2141 = LINE ( 'NONE', #1602, #6864 ) ;
#2142 = EDGE_CURVE ( 'NONE', #3112, #7325, #7636, .T. ) ;
#2143 = CARTESIAN_POINT ( 'NONE',  ( 13.83723877751359055, -36.20120190094205270, 1.000000000000000000 ) ) ;
#2144 = LINE ( 'NONE', #3894, #7319 ) ;
#2145 = CARTESIAN_POINT ( 'NONE',  ( 8.794520846166296479, -36.27990011284978777, -1.000000000000000000 ) ) ;
#2146 = DIRECTION ( 'NONE',  ( -0.000000000000000000, -0.000000000000000000, 1.000000000000000000 ) ) ;
#2147 = CIRCLE ( 'NONE', #6044, 0.7999999999999292122 ) ;
#2148 = ORIENTED_EDGE ( 'NONE', *, *, #3016, .T. ) ;
#2149 = PLANE ( 'NONE',  #4147 ) ;
#2150 = EDGE_LOOP ( 'NONE', ( #6757, #2367, #327, #7472, #3214, #3193, #6689, #2076, #7269 ) ) ;
#2151 = ADVANCED_FACE ( 'NONE', ( #7156 ), #4040, .F. ) ;
#2152 = ORIENTED_EDGE ( 'NONE', *, *, #3658, .T. ) ;
#2153 = DIRECTION ( 'NONE',  ( -0.000000000000000000, -0.000000000000000000, -1.000000000000000000 ) ) ;
#2154 = CARTESIAN_POINT ( 'NONE',  ( 5.704512965916545220, -30.38198214587809076, 1.000000000000000000 ) ) ;
#2155 = ORIENTED_EDGE ( 'NONE', *, *, #1588, .F. ) ;
#2156 = VECTOR ( 'NONE', #5259, 1000.000000000000000 ) ;
#2157 = LINE ( 'NONE', #7078, #3083 ) ;
#2158 = CYLINDRICAL_SURFACE ( 'NONE', #1469, 6.000000000000005329 ) ;
#2159 = CARTESIAN_POINT ( 'NONE',  ( 36.02555838147497980, -12.76479910009956598, -1.000000000000000000 ) ) ;
#2160 = ORIENTED_EDGE ( 'NONE', *, *, #7054, .T. ) ;
#2161 = ORIENTED_EDGE ( 'NONE', *, *, #6176, .T. ) ;
#2162 = VECTOR ( 'NONE', #1764, 1000.000000000000000 ) ;
#2163 = CARTESIAN_POINT ( 'NONE',  ( 23.13275934241265830, -28.53225988340128794, 1.000000000000000000 ) ) ;
#2164 = ORIENTED_EDGE ( 'NONE', *, *, #7199, .T. ) ;
#2165 = EDGE_CURVE ( 'NONE', #6978, #6576, #4625, .T. ) ;
#2166 = DIRECTION ( 'NONE',  ( 0.000000000000000000, 0.000000000000000000, -1.000000000000000000 ) ) ;
#2167 = CARTESIAN_POINT ( 'NONE',  ( 42.50367785261521192, -0.9338809330280339882, -2.000000000000012879 ) ) ;
#2168 = CARTESIAN_POINT ( 'NONE',  ( 13.17220504204817999, -36.27787407746320270, 0.5000000000000000000 ) ) ;
#2169 = EDGE_CURVE ( 'NONE', #2056, #3462, #2944, .T. ) ;
#2170 = CARTESIAN_POINT ( 'NONE',  ( 20.84581021057251959, -36.84946089069470077, 0.5000000000000000000 ) ) ;
#2171 = AXIS2_PLACEMENT_3D ( 'NONE', #7779, #4887, #4180 ) ;
#2172 = DIRECTION ( 'NONE',  ( -1.000000000000000000, -2.132856732758369605E-16, 0.000000000000000000 ) ) ;
#2173 = ORIENTED_EDGE ( 'NONE', *, *, #5956, .F. ) ;
#2174 = DIRECTION ( 'NONE',  ( -1.000000000000000000, 0.000000000000000000, 0.000000000000000000 ) ) ;
#2175 = CARTESIAN_POINT ( 'NONE',  ( 25.04290253589843829, -35.03456905548495115, 1.000000000000000000 ) ) ;
#2176 = VECTOR ( 'NONE', #6201, 1000.000000000000000 ) ;
#2177 = LINE ( 'NONE', #4560, #6687 ) ;
#2178 = CARTESIAN_POINT ( 'NONE',  ( 23.40209577053590095, -29.46817715755057066, 0.5000000000000000000 ) ) ;
#2179 = EDGE_LOOP ( 'NONE', ( #7186, #2100, #4940, #5527, #1425, #1157, #4762, #4570 ) ) ;
#2180 = ORIENTED_EDGE ( 'NONE', *, *, #5405, .T. ) ;
#2181 = FACE_OUTER_BOUND ( 'NONE', #2887, .T. ) ;
#2182 = LINE ( 'NONE', #1044, #6732 ) ;
#2183 = DIRECTION ( 'NONE',  ( -0.000000000000000000, -0.000000000000000000, 1.000000000000000000 ) ) ;
#2184 = EDGE_CURVE ( 'NONE', #86, #2062, #7187, .T. ) ;
#2185 = CARTESIAN_POINT ( 'NONE',  ( 15.82329464614262449, -32.55905146069648737, 1.000000000000000000 ) ) ;
#2186 = LINE ( 'NONE', #5842, #3087 ) ;
#2187 = CARTESIAN_POINT ( 'NONE',  ( 7.195018997908690928, 15.31055444116485198, -1.000000000000000000 ) ) ;
#2188 = ORIENTED_EDGE ( 'NONE', *, *, #3212, .T. ) ;
#2189 = CARTESIAN_POINT ( 'NONE',  ( 48.87309483438121305, -29.00591734882469908, -11.50000000000000000 ) ) ;
#2190 = ORIENTED_EDGE ( 'NONE', *, *, #2262, .F. ) ;
#2191 = ORIENTED_EDGE ( 'NONE', *, *, #3110, .F. ) ;
#2192 = CARTESIAN_POINT ( 'NONE',  ( 18.61783037392579132, -29.34621341230523228, 0.5000000000000000000 ) ) ;
#2193 = ADVANCED_FACE ( 'NONE', ( #6594, #4668 ), #1214, .T. ) ;
#2194 = CARTESIAN_POINT ( 'NONE',  ( 12.27593990298320570, -36.92587176962606321, 0.9999999999999995559 ) ) ;
#2195 = ORIENTED_EDGE ( 'NONE', *, *, #407, .T. ) ;
#2196 = CARTESIAN_POINT ( 'NONE',  ( -1.609655412721123557, -15.26500368935729135, -8.211502062182216122 ) ) ;
#2197 = DIRECTION ( 'NONE',  ( 1.000000000000000000, 0.000000000000000000, 0.000000000000000000 ) ) ;
#2198 = EDGE_CURVE ( 'NONE', #390, #4892, #4159, .T. ) ;
#2199 = LINE ( 'NONE', #4583, #5107 ) ;
#2200 = EDGE_LOOP ( 'NONE', ( #1120, #910, #5182, #1932 ) ) ;
#2201 = CARTESIAN_POINT ( 'NONE',  ( 25.20723601324662866, -34.12129223459059801, 1.000000000000000000 ) ) ;
#2202 = ORIENTED_EDGE ( 'NONE', *, *, #6846, .F. ) ;
#2203 = ADVANCED_FACE ( 'NONE', ( #434 ), #2394, .F. ) ;
#2204 = DIRECTION ( 'NONE',  ( -1.000000000000000000, 6.938893903907221278E-15, 0.000000000000000000 ) ) ;
#2205 = DIRECTION ( 'NONE',  ( -8.042586066086101344E-17, -3.070295484789979924E-17, -1.000000000000000000 ) ) ;
#2206 = CIRCLE ( 'NONE', #5074, 1.000000000000000000 ) ;
#2207 = CARTESIAN_POINT ( 'NONE',  ( 18.79985600311794514, -35.82748228364955168, -1.000000000000000000 ) ) ;
#2208 = FACE_OUTER_BOUND ( 'NONE', #676, .T. ) ;
#2209 = LINE ( 'NONE', #4594, #342 ) ;
#2210 = VECTOR ( 'NONE', #3404, 1000.000000000000000 ) ;
#2211 = CARTESIAN_POINT ( 'NONE',  ( 37.24050430185577198, -40.97692647319939141, -4.663148035801220281 ) ) ;
#2212 = ORIENTED_EDGE ( 'NONE', *, *, #2063, .T. ) ;
#2213 = CARTESIAN_POINT ( 'NONE',  ( 7.823795977365374021, -29.34638466509406385, 0.5000000000000000000 ) ) ;
#2214 = CARTESIAN_POINT ( 'NONE',  ( 23.88414666328821312, -36.37558370517054840, 0.5000000000000000000 ) ) ;
#2215 = AXIS2_PLACEMENT_3D ( 'NONE', #4304, #262, #6164 ) ;
#2216 = CARTESIAN_POINT ( 'NONE',  ( 2.890344587278875554, -47.11841504291472660, -11.50000000000000000 ) ) ;
#2217 = CARTESIAN_POINT ( 'NONE',  ( -1.609655412721123335, 10.57728446746353868, -2.000000000000011990 ) ) ;
#2218 = VERTEX_POINT ( 'NONE', #2983 ) ;
#2219 = ORIENTED_EDGE ( 'NONE', *, *, #7125, .T. ) ;
#2220 = PRESENTATION_LAYER_ASSIGNMENT (  '', '', ( #7625 ) ) ;
#2221 = CARTESIAN_POINT ( 'NONE',  ( 13.42231642333771724, -30.76502875201444454, -1.000000000000000000 ) ) ;
#2222 = CARTESIAN_POINT ( 'NONE',  ( 10.99767196749239240, -28.48381409526877306, 0.5000000000000001110 ) ) ;
#2223 = ADVANCED_FACE ( 'NONE', ( #2827 ), #5219, .F. ) ;
#2224 = CARTESIAN_POINT ( 'NONE',  ( 17.67172462759031504, -34.97427934987101139, 1.000000000000000000 ) ) ;
#2225 = VECTOR ( 'NONE', #883, 1000.000000000000000 ) ;
#2226 = VECTOR ( 'NONE', #4985, 1000.000000000000000 ) ;
#2227 = CARTESIAN_POINT ( 'NONE',  ( 6.085126097701873960, -34.21367454919111140, 0.5000000000000000000 ) ) ;
#2228 = LINE ( 'NONE', #418, #4843 ) ;
#2229 = ORIENTED_EDGE ( 'NONE', *, *, #4769, .F. ) ;
#2230 = ORIENTED_EDGE ( 'NONE', *, *, #4160, .T. ) ;
#2231 = CARTESIAN_POINT ( 'NONE',  ( 18.61783037392579487, -29.34621341230522873, -1.000000000000000000 ) ) ;
#2232 = VECTOR ( 'NONE', #5021, 1000.000000000000000 ) ;
#2233 = AXIS2_PLACEMENT_3D ( 'NONE', #4820, #6565, #6600 ) ;
#2234 = EDGE_LOOP ( 'NONE', ( #498, #1825, #6588, #7452 ) ) ;
#2235 = PLANE ( 'NONE',  #6566 ) ;
#2236 = PLANE ( 'NONE',  #5174 ) ;
#2237 = ORIENTED_EDGE ( 'NONE', *, *, #245, .T. ) ;
#2238 = CARTESIAN_POINT ( 'NONE',  ( 25.68877323985574179, -47.11841504291472660, -3.684504751596059613 ) ) ;
#2239 = CARTESIAN_POINT ( 'NONE',  ( 5.925558381474854031, -0.9338809330280344323, -9.451567670042738456 ) ) ;
#2240 = CIRCLE ( 'NONE', #1620, 0.7999999999999999334 ) ;
#2241 = LINE ( 'NONE', #5895, #7515 ) ;
#2242 = EDGE_CURVE ( 'NONE', #5331, #2974, #1664, .T. ) ;
#2243 = ORIENTED_EDGE ( 'NONE', *, *, #6581, .T. ) ;
#2244 = CARTESIAN_POINT ( 'NONE',  ( 44.22735356466323964, -45.61841504291471949, -3.684504751596059613 ) ) ;
#2245 = ORIENTED_EDGE ( 'NONE', *, *, #6676, .F. ) ;
#2246 = CARTESIAN_POINT ( 'NONE',  ( 46.08259321813340392, 14.42020381552566732, -5.000000000000000000 ) ) ;
#2247 = EDGE_CURVE ( 'NONE', #5350, #88, #4778, .T. ) ;
#2248 = CARTESIAN_POINT ( 'NONE',  ( 45.39755601137789398, -25.67721764505392912, -6.201502112509221121 ) ) ;
#2249 = CARTESIAN_POINT ( 'NONE',  ( 13.76326545907889098, -34.91503195026069051, 1.000000000000000000 ) ) ;
#2250 = FACE_OUTER_BOUND ( 'NONE', #6089, .T. ) ;
#2251 = DIRECTION ( 'NONE',  ( 8.042586066086100112E-17, 3.070295484789979924E-17, 1.000000000000000000 ) ) ;
#2252 = ORIENTED_EDGE ( 'NONE', *, *, #5326, .T. ) ;
#2253 = CARTESIAN_POINT ( 'NONE',  ( 44.08722585882242839, 19.14266193162950103, -6.663148035801222946 ) ) ;
#2254 = DIRECTION ( 'NONE',  ( -0.000000000000000000, -0.000000000000000000, 1.000000000000000000 ) ) ;
#2255 = EDGE_CURVE ( 'NONE', #1432, #3284, #5900, .T. ) ;
#2256 = CARTESIAN_POINT ( 'NONE',  ( 9.625558381474982994, -15.76479910009957131, -1.000000000000000000 ) ) ;
#2257 = VERTEX_POINT ( 'NONE', #6633 ) ;
#2258 = ORIENTED_EDGE ( 'NONE', *, *, #932, .F. ) ;
#2259 = CARTESIAN_POINT ( 'NONE',  ( 13.67109146257048735, -35.25569795928656447, -1.000000000000000000 ) ) ;
#2260 = ORIENTED_EDGE ( 'NONE', *, *, #6385, .F. ) ;
#2261 = CARTESIAN_POINT ( 'NONE',  ( 3.226601152850406606, 17.10562838809392971, -6.663148035801220281 ) ) ;
#2262 = EDGE_CURVE ( 'NONE', #3225, #2610, #4280, .T. ) ;
#2263 = CARTESIAN_POINT ( 'NONE',  ( 16.44501088011484313, -33.17475845474950091, 0.5000000000000000000 ) ) ;
#2264 = CARTESIAN_POINT ( 'NONE',  ( 15.81483979928163741, -32.40464774684637916, 1.000000000000000000 ) ) ;
#2265 = CIRCLE ( 'NONE', #5910, 1.999999999999994893 ) ;
#2266 = CARTESIAN_POINT ( 'NONE',  ( 12.37842512130065131, -36.89991091884907348, 0.5000000000000000000 ) ) ;
#2267 = EDGE_CURVE ( 'NONE', #5127, #5057, #1881, .T. ) ;
#2268 = LINE ( 'NONE', #2774, #1467 ) ;
#2269 = ORIENTED_EDGE ( 'NONE', *, *, #4008, .F. ) ;
#2270 = DIRECTION ( 'NONE',  ( 0.000000000000000000, -1.000000000000000000, -1.380205382052140384E-16 ) ) ;
#2271 = EDGE_LOOP ( 'NONE', ( #4655, #2358, #2148, #5919, #7420, #4203 ) ) ;
#2272 = CARTESIAN_POINT ( 'NONE',  ( 2.890344587278919075, 24.24374527427766424, -11.50000000000000000 ) ) ;
#2273 = CARTESIAN_POINT ( 'NONE',  ( 10.68734006277731829, -37.00914454778722273, 1.000000000000000000 ) ) ;
#2274 = VERTEX_POINT ( 'NONE', #4858 ) ;
#2275 = DIRECTION ( 'NONE',  ( 0.000000000000000000, -1.000000000000000000, -0.000000000000000000 ) ) ;
#2276 = CIRCLE ( 'NONE', #6661, 2.000000000000000000 ) ;
#2277 = VECTOR ( 'NONE', #500, 1000.000000000000000 ) ;
#2278 = DIRECTION ( 'NONE',  ( 0.000000000000000000, 0.000000000000000000, 1.000000000000000000 ) ) ;
#2279 = CARTESIAN_POINT ( 'NONE',  ( 44.48286430354956877, -47.11841504291472660, -11.50000000000000000 ) ) ;
#2280 = EDGE_LOOP ( 'NONE', ( #4301, #3854, #6405, #3705 ) ) ;
#2281 = FACE_OUTER_BOUND ( 'NONE', #3627, .T. ) ;
#2282 = ORIENTED_EDGE ( 'NONE', *, *, #1721, .T. ) ;
#2283 = DIRECTION ( 'NONE',  ( 1.012926086421548048E-15, -1.000000000000000000, -0.000000000000000000 ) ) ;
#2284 = AXIS2_PLACEMENT_3D ( 'NONE', #554, #2283, #4115 ) ;
#2285 = DIRECTION ( 'NONE',  ( -1.000000000000000000, 0.000000000000000000, 0.000000000000000000 ) ) ;
#2286 = EDGE_CURVE ( 'NONE', #3310, #6786, #6056, .T. ) ;
#2287 = DIRECTION ( 'NONE',  ( -0.000000000000000000, -0.000000000000000000, 1.000000000000000000 ) ) ;
#2288 = CARTESIAN_POINT ( 'NONE',  ( 37.24050430185577198, -45.61841504291471239, -13.26766223891080720 ) ) ;
#2289 = VECTOR ( 'NONE', #6153, 1000.000000000000000 ) ;
#2290 = DIRECTION ( 'NONE',  ( 0.000000000000000000, 1.000000000000000000, 0.000000000000000000 ) ) ;
#2291 = ORIENTED_EDGE ( 'NONE', *, *, #3671, .T. ) ;
#2292 = CARTESIAN_POINT ( 'NONE',  ( 24.75352609806283510, -35.92063208689860687, 1.000000000000000000 ) ) ;
#2293 = ADVANCED_FACE ( 'NONE', ( #671 ), #4266, .F. ) ;
#2294 = CARTESIAN_POINT ( 'NONE',  ( 50.30828536141694229, 9.334478149609639175, -5.285192739890222313 ) ) ;
#2295 = VECTOR ( 'NONE', #7301, 1000.000000000000000 ) ;
#2296 = DIRECTION ( 'NONE',  ( -4.310788746280319683E-17, 1.000000000000000000, 0.000000000000000000 ) ) ;
#2297 = ORIENTED_EDGE ( 'NONE', *, *, #5536, .T. ) ;
#2298 = EDGE_CURVE ( 'NONE', #7003, #751, #6018, .T. ) ;
#2299 = ADVANCED_FACE ( 'NONE', ( #5409 ), #4037, .T. ) ;
#2300 = ORIENTED_EDGE ( 'NONE', *, *, #7240, .F. ) ;
#2301 = DIRECTION ( 'NONE',  ( 0.000000000000000000, -1.000000000000000000, 0.000000000000000000 ) ) ;
#2302 = CARTESIAN_POINT ( 'NONE',  ( 12.90726949744075647, -36.54957423647316261, 0.5000000000000000000 ) ) ;
#2303 = VECTOR ( 'NONE', #4575, 1000.000000000000000 ) ;
#2304 = EDGE_CURVE ( 'NONE', #5173, #6114, #7184, .T. ) ;
#2305 = DIRECTION ( 'NONE',  ( 0.9999940109707539104, 0.003460928000371264919, 0.000000000000000000 ) ) ;
#2306 = CARTESIAN_POINT ( 'NONE',  ( 7.018250698443103452, -29.84893174320341913, -1.000000000000000000 ) ) ;
#2307 = CARTESIAN_POINT ( 'NONE',  ( 48.22735356466326095, -29.00591734882469908, -1.000000000000000000 ) ) ;
#2308 = VERTEX_POINT ( 'NONE', #26 ) ;
#2309 = ORIENTED_EDGE ( 'NONE', *, *, #2400, .T. ) ;
#2310 = LINE ( 'NONE', #5767, #4271 ) ;
#2311 = ORIENTED_EDGE ( 'NONE', *, *, #6343, .T. ) ;
#2312 = DIRECTION ( 'NONE',  ( 0.000000000000000000, 0.000000000000000000, 1.000000000000000000 ) ) ;
#2313 = ADVANCED_FACE ( 'NONE', ( #4847 ), #7441, .T. ) ;
#2314 = EDGE_CURVE ( 'NONE', #2610, #1691, #1793, .T. ) ;
#2315 = LINE ( 'NONE', #4923, #5425 ) ;
#2316 = VERTEX_POINT ( 'NONE', #2384 ) ;
#2317 = CARTESIAN_POINT ( 'NONE',  ( 41.96106399535297982, 10.57728446746354045, -2.000000000000011990 ) ) ;
#2318 = CARTESIAN_POINT ( 'NONE',  ( 44.95876338300006836, 22.63841191173492717, -13.45275007491675900 ) ) ;
#2319 = ORIENTED_EDGE ( 'NONE', *, *, #74, .T. ) ;
#2320 = CARTESIAN_POINT ( 'NONE',  ( 5.644693691445203498, 10.57728446746354045, -2.000000000000011990 ) ) ;
#2321 = ORIENTED_EDGE ( 'NONE', *, *, #219, .F. ) ;
#2322 = CARTESIAN_POINT ( 'NONE',  ( 34.02555838147497980, 16.63520089990043260, 1.000000000000000000 ) ) ;
#2323 = EDGE_CURVE ( 'NONE', #5057, #1614, #740, .T. ) ;
#2324 = FACE_BOUND ( 'NONE', #5130, .T. ) ;
#2325 = ORIENTED_EDGE ( 'NONE', *, *, #4513, .T. ) ;
#2326 = DIRECTION ( 'NONE',  ( -0.003460928000371844750, 0.9999940109707539104, 0.000000000000000000 ) ) ;
#2327 = FACE_OUTER_BOUND ( 'NONE', #5928, .T. ) ;
#2328 = DIRECTION ( 'NONE',  ( 6.938893903907222067E-15, -1.000000000000000000, 0.000000000000000000 ) ) ;
#2329 = EDGE_LOOP ( 'NONE', ( #1308, #5810, #7137, #6516, #6049, #4954 ) ) ;
#2330 = CIRCLE ( 'NONE', #1942, 1.000000000000000000 ) ;
#2331 = CARTESIAN_POINT ( 'NONE',  ( 22.30890884072412206, -28.09913255563848367, 1.000000000000000000 ) ) ;
#2332 = CARTESIAN_POINT ( 'NONE',  ( 12.82033012497712221, -27.06847516654442032, -3.000000000000000000 ) ) ;
#2333 = CARTESIAN_POINT ( 'NONE',  ( 37.72555838147485474, -8.763023730668720646, -9.592411343199959362 ) ) ;
#2334 = DIRECTION ( 'NONE',  ( 0.000000000000000000, 0.000000000000000000, 1.000000000000000000 ) ) ;
#2335 = VERTEX_POINT ( 'NONE', #2460 ) ;
#2336 = EDGE_LOOP ( 'NONE', ( #2090, #4402 ) ) ;
#2337 = ORIENTED_EDGE ( 'NONE', *, *, #1883, .F. ) ;
#2338 = CARTESIAN_POINT ( 'NONE',  ( 49.00749553206704690, 11.33447814960963917, -5.285192739890222313 ) ) ;
#2339 = DIRECTION ( 'NONE',  ( 0.000000000000000000, 1.000000000000000000, 0.000000000000000000 ) ) ;
#2340 = VECTOR ( 'NONE', #4350, 1000.000000000000000 ) ;
#2341 = ADVANCED_FACE ( 'NONE', ( #2422 ), #7778, .F. ) ;
#2342 = DIRECTION ( 'NONE',  ( 0.003460928000371844750, -0.9999940109707539104, 3.042442285389009745E-17 ) ) ;
#2343 = VECTOR ( 'NONE', #2513, 1000.000000000000000 ) ;
#2344 = CARTESIAN_POINT ( 'NONE',  ( 7.051454983962321954, -35.17559949427604238, -1.000000000000000000 ) ) ;
#2345 = CARTESIAN_POINT ( 'NONE',  ( 48.22735356466326806, -41.61841504291469107, -13.50000000000000178 ) ) ;
#2346 = VERTEX_POINT ( 'NONE', #4296 ) ;
#2347 = DIRECTION ( 'NONE',  ( 0.000000000000000000, -0.000000000000000000, -1.000000000000000000 ) ) ;
#2348 = AXIS2_PLACEMENT_3D ( 'NONE', #7407, #7447, #204 ) ;
#2349 = ADVANCED_FACE ( 'NONE', ( #3085 ), #661, .F. ) ;
#2350 = CARTESIAN_POINT ( 'NONE',  ( 11.37425636596174172, -37.56218267856329618, 1.000000000000000000 ) ) ;
#2351 = EDGE_LOOP ( 'NONE', ( #1181, #5359, #3411, #4075 ) ) ;
#2352 = FACE_OUTER_BOUND ( 'NONE', #4823, .T. ) ;
#2353 = DIRECTION ( 'NONE',  ( 0.000000000000000000, -1.000000000000000000, 0.000000000000000000 ) ) ;
#2354 =( GEOMETRIC_REPRESENTATION_CONTEXT ( 3 ) GLOBAL_UNCERTAINTY_ASSIGNED_CONTEXT ( ( #139 ) ) GLOBAL_UNIT_ASSIGNED_CONTEXT ( ( #7521, #5782, #951 ) ) REPRESENTATION_CONTEXT ( 'NONE', 'WORKASPACE' ) );
#2355 = AXIS2_PLACEMENT_3D ( 'NONE', #3146, #3073, #5991 ) ;
#2356 = ORIENTED_EDGE ( 'NONE', *, *, #3072, .T. ) ;
#2357 = DIRECTION ( 'NONE',  ( -1.453169479452032859E-16, -0.000000000000000000, -1.000000000000000000 ) ) ;
#2358 = ORIENTED_EDGE ( 'NONE', *, *, #6274, .F. ) ;
#2359 = CARTESIAN_POINT ( 'NONE',  ( 40.97104298065090688, -31.38865712849714384, -13.26766223891080720 ) ) ;
#2360 = DIRECTION ( 'NONE',  ( 1.000000000000000000, 0.000000000000000000, 0.000000000000000000 ) ) ;
#2361 = ORIENTED_EDGE ( 'NONE', *, *, #5474, .T. ) ;
#2362 = VECTOR ( 'NONE', #5730, 1000.000000000000000 ) ;
#2363 = CARTESIAN_POINT ( 'NONE',  ( 13.01962014196864814, -29.17946469965076162, 1.000000000000000000 ) ) ;
#2364 = DIRECTION ( 'NONE',  ( 0.000000000000000000, 0.000000000000000000, -1.000000000000000000 ) ) ;
#2365 = EDGE_CURVE ( 'NONE', #3310, #4395, #6058, .T. ) ;
#2366 = DIRECTION ( 'NONE',  ( 0.000000000000000000, 0.000000000000000000, -1.000000000000000000 ) ) ;
#2367 = ORIENTED_EDGE ( 'NONE', *, *, #3120, .T. ) ;
#2368 = CARTESIAN_POINT ( 'NONE',  ( 22.45451793372913585, -28.15172048598121535, 1.000000000000000000 ) ) ;
#2369 = FACE_OUTER_BOUND ( 'NONE', #5962, .T. ) ;
#2370 = CARTESIAN_POINT ( 'NONE',  ( 10.58323891913846104, -36.98965705007194771, 0.5000000000000000000 ) ) ;
#2371 = ORIENTED_EDGE ( 'NONE', *, *, #7478, .F. ) ;
#2372 = ORIENTED_EDGE ( 'NONE', *, *, #5417, .T. ) ;
#2373 = ORIENTED_EDGE ( 'NONE', *, *, #1017, .F. ) ;
#2374 = DIRECTION ( 'NONE',  ( 1.000000000000000000, -4.163336342344333492E-13, 0.000000000000000000 ) ) ;
#2375 = VECTOR ( 'NONE', #5108, 1000.000000000000000 ) ;
#2376 = DIRECTION ( 'NONE',  ( 0.000000000000000000, 1.000000000000000000, 0.000000000000000000 ) ) ;
#2377 = CARTESIAN_POINT ( 'NONE',  ( 18.84601210054456644, -36.43063037275882010, 1.000000000000000000 ) ) ;
#2378 = ADVANCED_FACE ( 'NONE', ( #3050 ), #3279, .T. ) ;
#2379 = CARTESIAN_POINT ( 'NONE',  ( 12.74928301024631416, -36.68418493466880648, -1.000000000000000000 ) ) ;
#2380 = FACE_BOUND ( 'NONE', #5980, .T. ) ;
#2381 = EDGE_CURVE ( 'NONE', #1651, #4214, #1910, .T. ) ;
#2382 = ORIENTED_EDGE ( 'NONE', *, *, #6635, .F. ) ;
#2383 = CARTESIAN_POINT ( 'NONE',  ( 24.70810783579889147, -34.14935812494965717, -1.000000000000000000 ) ) ;
#2384 = CARTESIAN_POINT ( 'NONE',  ( 48.22735356466326806, -41.61841504291469107, -1.000000000000000000 ) ) ;
#2385 = AXIS2_PLACEMENT_3D ( 'NONE', #4597, #5869, #7647 ) ;
#2386 = CARTESIAN_POINT ( 'NONE',  ( 2.890344587278875998, -44.11841504291471949, 1.000000000000000000 ) ) ;
#2387 = VERTEX_POINT ( 'NONE', #1243 ) ;
#2388 = ADVANCED_FACE ( 'NONE', ( #5478 ), #4179, .F. ) ;
#2389 = DIRECTION ( 'NONE',  ( 0.000000000000000000, 0.000000000000000000, 1.000000000000000000 ) ) ;
#2390 = CARTESIAN_POINT ( 'NONE',  ( 24.01864339560688677, 15.31055444116484487, -1.000000000000000000 ) ) ;
#2391 = EDGE_CURVE ( 'NONE', #2514, #1432, #3126, .T. ) ;
#2392 = CARTESIAN_POINT ( 'NONE',  ( -1.609655412721123557, 18.74374527427763581, -13.42912948050400956 ) ) ;
#2393 = ORIENTED_EDGE ( 'NONE', *, *, #6492, .F. ) ;
#2394 = PLANE ( 'NONE',  #7695 ) ;
#2395 = CARTESIAN_POINT ( 'NONE',  ( 22.16503106479237672, -37.06164971810035524, 1.000000000000000000 ) ) ;
#2396 = CARTESIAN_POINT ( 'NONE',  ( 44.36295186973670468, -4.456046650082968519, -5.000000000000000000 ) ) ;
#2397 = VERTEX_POINT ( 'NONE', #6700 ) ;
#2398 = CARTESIAN_POINT ( 'NONE',  ( 11.70840330428114839, -28.72414565724188407, 1.000000000000171196 ) ) ;
#2399 = DIRECTION ( 'NONE',  ( 0.000000000000000000, -0.000000000000000000, 1.000000000000000000 ) ) ;
#2400 = EDGE_CURVE ( 'NONE', #5, #2569, #4216, .T. ) ;
#2401 = AXIS2_PLACEMENT_3D ( 'NONE', #1283, #3664, #6081 ) ;
#2402 = CARTESIAN_POINT ( 'NONE',  ( 39.06812483162726579, 1.876083684937086327, -2.000000000000012879 ) ) ;
#2403 = ORIENTED_EDGE ( 'NONE', *, *, #2724, .T. ) ;
#2404 = CARTESIAN_POINT ( 'NONE',  ( 24.74355867093532169, -33.49901734283156429, 0.5000000000000000000 ) ) ;
#2405 = LINE ( 'NONE', #3607, #1281 ) ;
#2406 = EDGE_CURVE ( 'NONE', #6003, #4615, #1318, .T. ) ;
#2407 = CARTESIAN_POINT ( 'NONE',  ( 0.3512439203877670835, -4.664145929984653272, -2.000000000000013767 ) ) ;
#2408 = VECTOR ( 'NONE', #5697, 1000.000000000000000 ) ;
#2409 = CARTESIAN_POINT ( 'NONE',  ( 39.02555838147497980, 11.63520089990043260, 0.000000000000000000 ) ) ;
#2410 = ORIENTED_EDGE ( 'NONE', *, *, #6705, .T. ) ;
#2411 = ORIENTED_EDGE ( 'NONE', *, *, #7095, .T. ) ;
#2412 = VERTEX_POINT ( 'NONE', #6550 ) ;
#2413 = CARTESIAN_POINT ( 'NONE',  ( 37.72555838147485474, -7.832828546790673307, -9.592411343199959362 ) ) ;
#2414 = ORIENTED_EDGE ( 'NONE', *, *, #6390, .T. ) ;
#2415 = LINE ( 'NONE', #1235, #7503 ) ;
#2416 = CARTESIAN_POINT ( 'NONE',  ( 5.029422798295221320, -32.09304812412661079, 1.000000000000000000 ) ) ;
#2417 = CARTESIAN_POINT ( 'NONE',  ( 46.83253718049858350, -44.65927520172869691, -13.48499435532376189 ) ) ;
#2418 = DIRECTION ( 'NONE',  ( 1.000000000000000000, 0.000000000000000000, 0.000000000000000000 ) ) ;
#2419 = FACE_BOUND ( 'NONE', #1103, .T. ) ;
#2420 = CIRCLE ( 'NONE', #680, 4.500000000000000888 ) ;
#2421 = DIRECTION ( 'NONE',  ( 4.891920202254595020E-16, 1.000000000000000000, 1.380205382051887209E-16 ) ) ;
#2422 = FACE_OUTER_BOUND ( 'NONE', #3610, .T. ) ;
#2423 = CARTESIAN_POINT ( 'NONE',  ( 27.98338076306244915, -31.97260846456628869, 1.000000000000000000 ) ) ;
#2424 = EDGE_LOOP ( 'NONE', ( #1094, #6637, #1178, #3890, #5615, #830 ) ) ;
#2425 = VECTOR ( 'NONE', #2660, 1000.000000000000000 ) ;
#2426 = CARTESIAN_POINT ( 'NONE',  ( 2.135016159205056052, 19.39267481122346837, -6.663148035801219393 ) ) ;
#2427 = DIRECTION ( 'NONE',  ( 1.000000000000000000, 0.000000000000000000, 0.000000000000000000 ) ) ;
#2428 = VERTEX_POINT ( 'NONE', #621 ) ;
#2429 = CARTESIAN_POINT ( 'NONE',  ( 25.16436629349527720, 15.31055444116484487, -1.000000000000000000 ) ) ;
#2430 = EDGE_CURVE ( 'NONE', #2563, #7003, #2970, .T. ) ;
#2431 = VERTEX_POINT ( 'NONE', #7221 ) ;
#2432 = CARTESIAN_POINT ( 'NONE',  ( 45.87309483438121305, -26.38459728854136799, -7.285192739890203661 ) ) ;
#2433 = DIRECTION ( 'NONE',  ( -1.453169479452033105E-16, 0.000000000000000000, -1.000000000000000000 ) ) ;
#2434 = CARTESIAN_POINT ( 'NONE',  ( 37.48338076306244915, -31.97260846456628869, 1.500000000000000000 ) ) ;
#2435 = ORIENTED_EDGE ( 'NONE', *, *, #510, .F. ) ;
#2436 = EDGE_CURVE ( 'NONE', #1078, #1899, #1839, .T. ) ;
#2437 = CARTESIAN_POINT ( 'NONE',  ( 14.35951461953662012, -32.27060806400340454, 1.000000000000000000 ) ) ;
#2438 = DIRECTION ( 'NONE',  ( 1.000000000000000000, 0.000000000000000000, -0.000000000000000000 ) ) ;
#2439 = ADVANCED_FACE ( 'NONE', ( #2688 ), #5075, .F. ) ;
#2440 = FACE_OUTER_BOUND ( 'NONE', #3004, .T. ) ;
#2441 = ORIENTED_EDGE ( 'NONE', *, *, #4931, .T. ) ;
#2442 = CARTESIAN_POINT ( 'NONE',  ( 23.24150187658220901, -29.28635450579835009, 0.5000000000000000000 ) ) ;
#2443 = DIRECTION ( 'NONE',  ( -1.000000000000000000, 0.000000000000000000, 0.000000000000000000 ) ) ;
#2444 = ORIENTED_EDGE ( 'NONE', *, *, #6582, .T. ) ;
#2445 = CARTESIAN_POINT ( 'NONE',  ( 12.71763840816227820, -36.69081636792130752, 0.5000000000000000000 ) ) ;
#2446 = CARTESIAN_POINT ( 'NONE',  ( 34.02555838147497980, 13.63520089990042727, -1.000000000000000000 ) ) ;
#2447 = ORIENTED_EDGE ( 'NONE', *, *, #4688, .F. ) ;
#2448 = ORIENTED_EDGE ( 'NONE', *, *, #3106, .T. ) ;
#2449 = DIRECTION ( 'NONE',  ( -2.191703603828919359E-17, -1.000000000000000000, 0.000000000000000000 ) ) ;
#2450 = CYLINDRICAL_SURFACE ( 'NONE', #6052, 0.8000000000000020428 ) ;
#2451 = ORIENTED_EDGE ( 'NONE', *, *, #4449, .F. ) ;
#2452 = CARTESIAN_POINT ( 'NONE',  ( 12.34334880155074643, -45.61841504291471239, -6.201502112509218456 ) ) ;
#2453 = CARTESIAN_POINT ( 'NONE',  ( 11.52892133442614053, -37.56710276502481349, 1.000000000000000222 ) ) ;
#2454 = CARTESIAN_POINT ( 'NONE',  ( 48.00806037650425395, -14.80302503274316628, -1.000000000000000000 ) ) ;
#2455 = ADVANCED_FACE ( 'NONE', ( #4407 ), #3235, .T. ) ;
#2456 = DIRECTION ( 'NONE',  ( 0.000000000000000000, 0.000000000000000000, -1.000000000000000000 ) ) ;
#2457 = VECTOR ( 'NONE', #5816, 1000.000000000000000 ) ;
#2458 = ORIENTED_EDGE ( 'NONE', *, *, #6094, .F. ) ;
#2459 = CARTESIAN_POINT ( 'NONE',  ( -3.109655412721124002, -41.11841504291472660, -11.50000000000000000 ) ) ;
#2460 = CARTESIAN_POINT ( 'NONE',  ( 44.22735356466323964, -45.61841504291471949, -6.663148035801221170 ) ) ;
#2461 = DIRECTION ( 'NONE',  ( -0.000000000000000000, -0.000000000000000000, 1.000000000000000000 ) ) ;
#2462 = EDGE_LOOP ( 'NONE', ( #6092, #6150, #6792, #3932 ) ) ;
#2463 = DIRECTION ( 'NONE',  ( -0.000000000000000000, -0.000000000000000000, 1.000000000000000000 ) ) ;
#2464 = DIRECTION ( 'NONE',  ( -1.000000000000000000, 0.000000000000000000, -0.000000000000000000 ) ) ;
#2465 = ORIENTED_EDGE ( 'NONE', *, *, #6746, .T. ) ;
#2466 = DIRECTION ( 'NONE',  ( 0.000000000000000000, 0.000000000000000000, -1.000000000000000000 ) ) ;
#2467 = VECTOR ( 'NONE', #782, 1000.000000000000000 ) ;
#2468 = ORIENTED_EDGE ( 'NONE', *, *, #4330, .F. ) ;
#2469 = AXIS2_PLACEMENT_3D ( 'NONE', #3349, #6223, #5672 ) ;
#2470 = DIRECTION ( 'NONE',  ( -1.000000000000000000, 0.000000000000000000, 0.000000000000000000 ) ) ;
#2471 = CARTESIAN_POINT ( 'NONE',  ( 19.11237118085526276, -36.58495242592190522, 1.000000000000000000 ) ) ;
#2472 = CARTESIAN_POINT ( 'NONE',  ( -3.109655412721123557, -24.80500368935529210, -8.211502062182216122 ) ) ;
#2473 = VERTEX_POINT ( 'NONE', #6272 ) ;
#2474 = CARTESIAN_POINT ( 'NONE',  ( 13.87862585570709406, -34.35623047009519127, 0.5000000000000000000 ) ) ;
#2475 = AXIS2_PLACEMENT_3D ( 'NONE', #2015, #1388, #1512 ) ;
#2476 = EDGE_CURVE ( 'NONE', #736, #2040, #3314, .T. ) ;
#2477 = AXIS2_PLACEMENT_3D ( 'NONE', #1630, #7684, #7643 ) ;
#2478 = DIRECTION ( 'NONE',  ( 0.000000000000000000, 0.000000000000000000, 1.000000000000000000 ) ) ;
#2479 = CARTESIAN_POINT ( 'NONE',  ( 44.08722585882242839, -43.23723148550483586, 1.262741699796958716 ) ) ;
#2480 = ORIENTED_EDGE ( 'NONE', *, *, #3479, .F. ) ;
#2481 = EDGE_CURVE ( 'NONE', #409, #5932, #2103, .T. ) ;
#2482 = CARTESIAN_POINT ( 'NONE',  ( 22.93896413943682688, -29.01641472927738263, 1.000000000000169198 ) ) ;
#2483 = AXIS2_PLACEMENT_3D ( 'NONE', #5054, #2044, #869 ) ;
#2484 = CARTESIAN_POINT ( 'NONE',  ( 31.27174601004611887, -45.61841504291471949, -13.26766223891080720 ) ) ;
#2485 = CARTESIAN_POINT ( 'NONE',  ( 6.502839617334282174, -30.27181027934597424, 0.5000000000000000000 ) ) ;
#2486 = PRODUCT_RELATED_PRODUCT_CATEGORY ( 'part', '', ( #4017 ) ) ;
#2487 = CARTESIAN_POINT ( 'NONE',  ( 9.625558381474982994, -18.76479910009956598, 1.000000000000000000 ) ) ;
#2488 = ORIENTED_EDGE ( 'NONE', *, *, #7018, .F. ) ;
#2489 = VECTOR ( 'NONE', #4462, 1000.000000000000000 ) ;
#2490 = VERTEX_POINT ( 'NONE', #2026 ) ;
#2491 = EDGE_CURVE ( 'NONE', #6649, #4383, #3776, .T. ) ;
#2492 = ORIENTED_EDGE ( 'NONE', *, *, #1638, .F. ) ;
#2493 = ORIENTED_EDGE ( 'NONE', *, *, #7489, .F. ) ;
#2494 = CARTESIAN_POINT ( 'NONE',  ( 49.00749553206704690, -8.626537619883473340, -11.50000000000000000 ) ) ;
#2495 = CARTESIAN_POINT ( 'NONE',  ( 12.72883864035126855, -37.28064061627466685, 0.9999999999999997780 ) ) ;
#2496 = CARTESIAN_POINT ( 'NONE',  ( 24.64706781923138479, -34.61178930576128465, 0.4999999999999997780 ) ) ;
#2497 = EDGE_LOOP ( 'NONE', ( #4155, #5606, #3208, #5055 ) ) ;
#2498 = VECTOR ( 'NONE', #5666, 1000.000000000000000 ) ;
#2499 = CARTESIAN_POINT ( 'NONE',  ( 13.80532208543057671, -34.76769198022615370, 0.5000000000000000000 ) ) ;
#2500 = ADVANCED_FACE ( 'NONE', ( #776 ), #6816, .T. ) ;
#2501 = ORIENTED_EDGE ( 'NONE', *, *, #832, .T. ) ;
#2502 = CARTESIAN_POINT ( 'NONE',  ( 7.323732930487381054, -45.61841504291471239, -4.663148035801216729 ) ) ;
#2503 = CARTESIAN_POINT ( 'NONE',  ( 44.88722585882243266, 19.14266193162950103, -9.047210079157837370 ) ) ;
#2504 = CARTESIAN_POINT ( 'NONE',  ( 8.608240758198650866, -27.06847516654442032, -1.000000000000000000 ) ) ;
#2505 = EDGE_CURVE ( 'NONE', #6211, #2490, #537, .T. ) ;
#2506 = DIRECTION ( 'NONE',  ( 2.191703603828919359E-17, 1.000000000000000000, 0.000000000000000000 ) ) ;
#2507 = PLANE ( 'NONE',  #4855 ) ;
#2508 = VECTOR ( 'NONE', #3007, 1000.000000000000000 ) ;
#2509 = CARTESIAN_POINT ( 'NONE',  ( 34.02555838147497980, -15.76479910009956775, 0.000000000000000000 ) ) ;
#2510 = ORIENTED_EDGE ( 'NONE', *, *, #7335, .T. ) ;
#2511 = CARTESIAN_POINT ( 'NONE',  ( 19.88301431084376603, -36.43314555415075517, 0.5000000000000000000 ) ) ;
#2512 = CARTESIAN_POINT ( 'NONE',  ( 48.87309483438121305, -26.38459728854136799, -6.285192739890203661 ) ) ;
#2513 = DIRECTION ( 'NONE',  ( -0.000000000000000000, -0.000000000000000000, 1.000000000000000000 ) ) ;
#2514 = VERTEX_POINT ( 'NONE', #2332 ) ;
#2515 = CARTESIAN_POINT ( 'NONE',  ( 12.44746748312400264, -29.28652575511012657, 1.000000000000000000 ) ) ;
#2516 = CIRCLE ( 'NONE', #2007, 5.999999999999998224 ) ;
#2517 = DIRECTION ( 'NONE',  ( 0.000000000000000000, -0.000000000000000000, 1.000000000000000000 ) ) ;
#2518 = CARTESIAN_POINT ( 'NONE',  ( 5.925558381474851366, -8.763023730668722422, -9.592411343199959362 ) ) ;
#2519 = VERTEX_POINT ( 'NONE', #4749 ) ;
#2520 = CYLINDRICAL_SURFACE ( 'NONE', #478, 0.8000000000000020428 ) ;
#2521 = EDGE_CURVE ( 'NONE', #1571, #2047, #6984, .T. ) ;
#2522 = CARTESIAN_POINT ( 'NONE',  ( 2.890344587278919075, 24.24374527427766424, -11.50000000000000000 ) ) ;
#2523 = PLANE ( 'NONE',  #4196 ) ;
#2524 = CARTESIAN_POINT ( 'NONE',  ( 18.41410195745270784, -29.46747365367343718, 0.5000000000000000000 ) ) ;
#2525 = VECTOR ( 'NONE', #1801, 1000.000000000000000 ) ;
#2526 = ORIENTED_EDGE ( 'NONE', *, *, #1001, .T. ) ;
#2527 = VERTEX_POINT ( 'NONE', #4790 ) ;
#2528 = VERTEX_POINT ( 'NONE', #5381 ) ;
#2529 = CARTESIAN_POINT ( 'NONE',  ( 4.579512680287500359, 17.10562838809392971, -6.663148035801220281 ) ) ;
#2530 = AXIS2_PLACEMENT_3D ( 'NONE', #6376, #7601, #6294 ) ;
#2531 = CARTESIAN_POINT ( 'NONE',  ( -3.109655412721123557, -15.26500368935729135, -8.211502062182216122 ) ) ;
#2532 = CARTESIAN_POINT ( 'NONE',  ( 24.73008855321252852, -32.97958336115858913, 0.5000000000000000000 ) ) ;
#2533 = EDGE_LOOP ( 'NONE', ( #4230, #4065, #6241, #3059 ) ) ;
#2534 = PLANE ( 'NONE',  #4129 ) ;
#2535 = EDGE_CURVE ( 'NONE', #5297, #7528, #29, .T. ) ;
#2536 = CARTESIAN_POINT ( 'NONE',  ( 44.17927285391204606, 22.74011727720696641, -13.43743923887498504 ) ) ;
#2537 = CARTESIAN_POINT ( 'NONE',  ( 13.38083733429580846, -29.68109764021588859, 1.000000000000000000 ) ) ;
#2538 = CARTESIAN_POINT ( 'NONE',  ( 48.22735356466326806, -41.61841504291469107, -9.702778586452756926 ) ) ;
#2539 = CARTESIAN_POINT ( 'NONE',  ( 5.925558381474854031, -0.9338809330280344323, -1.000000000000000000 ) ) ;
#2540 = CIRCLE ( 'NONE', #1913, 1.000000000000000000 ) ;
#2541 = CYLINDRICAL_SURFACE ( 'NONE', #484, 2.600000000000001421 ) ;
#2542 = CARTESIAN_POINT ( 'NONE',  ( 37.23338076306244915, -31.97260846456628869, 1.250000000000000000 ) ) ;
#2543 = EDGE_CURVE ( 'NONE', #7198, #899, #374, .T. ) ;
#2544 = ORIENTED_EDGE ( 'NONE', *, *, #1570, .F. ) ;
#2545 = EDGE_CURVE ( 'NONE', #181, #7081, #6941, .T. ) ;
#2546 = CARTESIAN_POINT ( 'NONE',  ( 22.56033158793140814, -37.03408017042452371, 0.5000000000000000000 ) ) ;
#2547 = VECTOR ( 'NONE', #5671, 1000.000000000000000 ) ;
#2548 = CARTESIAN_POINT ( 'NONE',  ( 6.861487877254626611, -29.35468068732724234, 1.000000000000000000 ) ) ;
#2549 = DIRECTION ( 'NONE',  ( -1.000000000000000000, 0.000000000000000000, 0.000000000000000000 ) ) ;
#2550 = ORIENTED_EDGE ( 'NONE', *, *, #1446, .T. ) ;
#2551 = CARTESIAN_POINT ( 'NONE',  ( 48.22446011612342431, -40.97692647319937720, -9.702778586452756926 ) ) ;
#2552 = CARTESIAN_POINT ( 'NONE',  ( 50.27737897612738749, 18.26451084227986144, -2.000000000000000000 ) ) ;
#2553 = CYLINDRICAL_SURFACE ( 'NONE', #984, 0.7999999999999292122 ) ;
#2554 = CARTESIAN_POINT ( 'NONE',  ( 50.27737897612738749, 18.26451084227986144, -11.50000000000000000 ) ) ;
#2555 = EDGE_CURVE ( 'NONE', #4698, #7679, #2037, .T. ) ;
#2556 = EDGE_LOOP ( 'NONE', ( #4396, #1240, #7394, #4226 ) ) ;
#2557 = FACE_OUTER_BOUND ( 'NONE', #5136, .T. ) ;
#2558 = LINE ( 'NONE', #1421, #1657 ) ;
#2559 = DIRECTION ( 'NONE',  ( 0.000000000000000000, 0.000000000000000000, -1.000000000000000000 ) ) ;
#2560 = AXIS2_PLACEMENT_3D ( 'NONE', #3589, #7262, #3699 ) ;
#2561 = CARTESIAN_POINT ( 'NONE',  ( 44.22735356466323964, -40.97692647319937720, -6.663148035801221170 ) ) ;
#2562 = ORIENTED_EDGE ( 'NONE', *, *, #2815, .F. ) ;
#2563 = VERTEX_POINT ( 'NONE', #3937 ) ;
#2564 = DIRECTION ( 'NONE',  ( 0.004510476481663465431, -0.9999898277492168530, 3.033988357671494291E-17 ) ) ;
#2565 = CYLINDRICAL_SURFACE ( 'NONE', #6612, 2.999999999999999112 ) ;
#2566 = CARTESIAN_POINT ( 'NONE',  ( 6.782940728675054487, -35.54977957153217005, 1.000000000000000000 ) ) ;
#2567 = CARTESIAN_POINT ( 'NONE',  ( 45.21845887857431023, -45.51095091976289098, -13.45158862149822276 ) ) ;
#2568 = VERTEX_POINT ( 'NONE', #3568 ) ;
#2569 = VERTEX_POINT ( 'NONE', #5759 ) ;
#2570 = CARTESIAN_POINT ( 'NONE',  ( 17.84548938052273570, -35.17542824148721792, 0.5000000000000000000 ) ) ;
#2571 = EDGE_CURVE ( 'NONE', #1730, #2514, #2993, .T. ) ;
#2572 = CARTESIAN_POINT ( 'NONE',  ( 10.59210013041478859, -27.95141654065468728, 1.000000000000000222 ) ) ;
#2573 = CARTESIAN_POINT ( 'NONE',  ( 17.27382103976889738, -30.30201413950021916, 1.000000000000000000 ) ) ;
#2574 = CARTESIAN_POINT ( 'NONE',  ( 4.579512680287500359, 17.10562838809392971, -15.03537376769511091 ) ) ;
#2575 = VECTOR ( 'NONE', #2287, 1000.000000000000000 ) ;
#2576 = DIRECTION ( 'NONE',  ( 1.000000000000000000, 0.000000000000000000, 0.000000000000000000 ) ) ;
#2577 = DIRECTION ( 'NONE',  ( -1.000000000000000000, 0.000000000000000000, 0.000000000000000000 ) ) ;
#2578 = ORIENTED_EDGE ( 'NONE', *, *, #5789, .T. ) ;
#2579 = EDGE_CURVE ( 'NONE', #2806, #3662, #2405, .T. ) ;
#2580 = ORIENTED_EDGE ( 'NONE', *, *, #5036, .F. ) ;
#2581 = LINE ( 'NONE', #3285, #3788 ) ;
#2582 = VECTOR ( 'NONE', #3817, 1000.000000000000000 ) ;
#2583 = FACE_OUTER_BOUND ( 'NONE', #7775, .T. ) ;
#2584 = CARTESIAN_POINT ( 'NONE',  ( 45.68722585882243692, -43.23723148550483586, -1.000000000000000000 ) ) ;
#2585 = ORIENTED_EDGE ( 'NONE', *, *, #3980, .F. ) ;
#2586 = CARTESIAN_POINT ( 'NONE',  ( 44.48286430354961141, -41.11841504291471949, -11.50000000000000178 ) ) ;
#2587 = DIRECTION ( 'NONE',  ( -1.000000000000000000, 0.000000000000000000, 0.000000000000000000 ) ) ;
#2588 = CARTESIAN_POINT ( 'NONE',  ( 48.00806037650425395, -14.80302503274316628, -11.50000000000000000 ) ) ;
#2589 = AXIS2_PLACEMENT_3D ( 'NONE', #19, #1353, #1872 ) ;
#2590 = ORIENTED_EDGE ( 'NONE', *, *, #6519, .T. ) ;
#2591 = DIRECTION ( 'NONE',  ( 0.000000000000000000, 0.000000000000000000, -1.000000000000000000 ) ) ;
#2592 = VERTEX_POINT ( 'NONE', #4566 ) ;
#2593 = DIRECTION ( 'NONE',  ( 1.000000000000000000, 0.000000000000000000, -0.000000000000000000 ) ) ;
#2594 = CARTESIAN_POINT ( 'NONE',  ( 48.00806037650425395, -8.626537619883473340, -11.50000000000000000 ) ) ;
#2595 = CARTESIAN_POINT ( 'NONE',  ( 48.27739095418588278, 18.25758898627912075, -11.50000000000000355 ) ) ;
#2596 = CIRCLE ( 'NONE', #5870, 2.000000000000001776 ) ;
#2597 = TOROIDAL_SURFACE ( 'NONE', #5601, 4.999999999999999112, 1.000000000000000000 ) ;
#2598 = CARTESIAN_POINT ( 'NONE',  ( 31.27174601004611887, -45.61841504291471949, -13.26766223891080720 ) ) ;
#2599 = ADVANCED_FACE ( 'NONE', ( #6571 ), #6353, .F. ) ;
#2600 = CARTESIAN_POINT ( 'NONE',  ( 23.27199095725542222, -36.83052941657724944, 0.5000000000000000000 ) ) ;
#2601 = ORIENTED_EDGE ( 'NONE', *, *, #4695, .F. ) ;
#2602 = ORIENTED_EDGE ( 'NONE', *, *, #3667, .F. ) ;
#2603 = AXIS2_PLACEMENT_3D ( 'NONE', #5133, #1621, #5293 ) ;
#2604 = CARTESIAN_POINT ( 'NONE',  ( 46.08259321813340392, 10.28286628251796131, -5.000000000000000000 ) ) ;
#2605 = PLANE ( 'NONE',  #4096 ) ;
#2606 = CARTESIAN_POINT ( 'NONE',  ( 24.59935648199099134, -34.76752072743728661, -1.000000000000000000 ) ) ;
#2607 = AXIS2_PLACEMENT_3D ( 'NONE', #4451, #744, #3130 ) ;
#2608 = LINE ( 'NONE', #2721, #1962 ) ;
#2609 = EDGE_LOOP ( 'NONE', ( #2458, #7239, #5858, #857 ) ) ;
#2610 = VERTEX_POINT ( 'NONE', #5345 ) ;
#2611 = CYLINDRICAL_SURFACE ( 'NONE', #7303, 5.999999999999998224 ) ;
#2612 = CARTESIAN_POINT ( 'NONE',  ( 14.40198950495848607, -32.57281839223006870, 0.9999999999999997780 ) ) ;
#2613 = CARTESIAN_POINT ( 'NONE',  ( 16.50447697531815550, -31.37263953930414928, 0.5000000000000000000 ) ) ;
#2614 = ORIENTED_EDGE ( 'NONE', *, *, #6746, .F. ) ;
#2615 = CARTESIAN_POINT ( 'NONE',  ( 24.01864339560688677, 15.31055444116484310, -2.000000000000011102 ) ) ;
#2616 = CYLINDRICAL_SURFACE ( 'NONE', #1866, 3.999999999999996447 ) ;
#2617 = CARTESIAN_POINT ( 'NONE',  ( 7.387036712235207858, -29.02452577797364697, 0.5000000000000000000 ) ) ;
#2618 = ORIENTED_EDGE ( 'NONE', *, *, #1732, .F. ) ;
#2619 = ORIENTED_EDGE ( 'NONE', *, *, #183, .T. ) ;
#2620 = LINE ( 'NONE', #6783, #2176 ) ;
#2621 = ADVANCED_FACE ( 'NONE', ( #4713 ), #5951, .F. ) ;
#2622 = CARTESIAN_POINT ( 'NONE',  ( 7.275312296234415221, -35.92781300368154973, 1.000000000000000000 ) ) ;
#2623 = CARTESIAN_POINT ( 'NONE',  ( 37.72555838147485474, 4.686048302902208640, -1.000000000000000000 ) ) ;
#2624 = ORIENTED_EDGE ( 'NONE', *, *, #5170, .F. ) ;
#2625 = CARTESIAN_POINT ( 'NONE',  ( -0.1096554127211213370, -41.11841504291472660, -2.000000000000000000 ) ) ;
#2626 = LINE ( 'NONE', #6754, #1112 ) ;
#2627 = LINE ( 'NONE', #5014, #1613 ) ;
#2628 = ORIENTED_EDGE ( 'NONE', *, *, #5668, .F. ) ;
#2629 = DIRECTION ( 'NONE',  ( -1.000000000000000000, 2.469311568473896000E-33, 8.042586066086100112E-17 ) ) ;
#2630 = ORIENTED_EDGE ( 'NONE', *, *, #364, .F. ) ;
#2631 = CARTESIAN_POINT ( 'NONE',  ( 37.72555838147486185, 11.54623778400322109, -9.592411343199959362 ) ) ;
#2632 = CARTESIAN_POINT ( 'NONE',  ( 20.45825605810092540, -28.06358285024607468, 1.000000000000000000 ) ) ;
#2633 = LINE ( 'NONE', #6214, #6775 ) ;
#2634 = AXIS2_PLACEMENT_3D ( 'NONE', #7756, #7204, #5946 ) ;
#2635 = DIRECTION ( 'NONE',  ( -1.000000000000000000, 0.000000000000000000, 0.000000000000000000 ) ) ;
#2636 = ADVANCED_FACE ( 'NONE', ( #2369 ), #2728, .F. ) ;
#2637 = CARTESIAN_POINT ( 'NONE',  ( 18.64900294330702479, -35.71697083571513787, 0.4999999999999998890 ) ) ;
#2638 = FACE_OUTER_BOUND ( 'NONE', #3862, .T. ) ;
#2639 = ORIENTED_EDGE ( 'NONE', *, *, #3910, .T. ) ;
#2640 = CARTESIAN_POINT ( 'NONE',  ( 44.36295186973670468, -10.37268082840335559, -1.000000000000000000 ) ) ;
#2641 = CARTESIAN_POINT ( 'NONE',  ( -3.109655412721123557, -16.81500368935729028, -7.551502062183216957 ) ) ;
#2642 = ADVANCED_FACE ( 'NONE', ( #5118 ), #7760, .F. ) ;
#2643 = EDGE_CURVE ( 'NONE', #5297, #1980, #6535, .T. ) ;
#2644 = CARTESIAN_POINT ( 'NONE',  ( -1.609655412721123335, 10.57728446746354045, -1.000000000000000000 ) ) ;
#2645 = VECTOR ( 'NONE', #5783, 1000.000000000000000 ) ;
#2646 = VECTOR ( 'NONE', #2033, 1000.000000000000000 ) ;
#2647 = DIRECTION ( 'NONE',  ( -0.000000000000000000, -1.000000000000000000, -0.000000000000000000 ) ) ;
#2648 = ORIENTED_EDGE ( 'NONE', *, *, #1498, .T. ) ;
#2649 = ORIENTED_EDGE ( 'NONE', *, *, #2643, .F. ) ;
#2650 = AXIS2_PLACEMENT_3D ( 'NONE', #7768, #7252, #2593 ) ;
#2651 = DIRECTION ( 'NONE',  ( -1.000000000000000000, 0.000000000000000000, 0.000000000000000000 ) ) ;
#2652 = CARTESIAN_POINT ( 'NONE',  ( 8.496463861951610852, -28.46583585329958410, 1.000000000000000222 ) ) ;
#2653 = CARTESIAN_POINT ( 'NONE',  ( 44.39783288920480686, -45.61568870937649933, -13.43720170107880563 ) ) ;
#2654 = DIRECTION ( 'NONE',  ( -0.000000000000000000, -0.000000000000000000, 1.000000000000000000 ) ) ;
#2655 = VECTOR ( 'NONE', #6524, 1000.000000000000000 ) ;
#2656 = DIRECTION ( 'NONE',  ( 0.000000000000000000, 1.000000000000000000, 0.000000000000000000 ) ) ;
#2657 = CARTESIAN_POINT ( 'NONE',  ( 32.48338076306245625, -31.97260846456628869, 1.000000000000000000 ) ) ;
#2658 = ORIENTED_EDGE ( 'NONE', *, *, #216, .T. ) ;
#2659 = VERTEX_POINT ( 'NONE', #3534 ) ;
#2660 = DIRECTION ( 'NONE',  ( -4.310788746280319683E-17, 1.000000000000000000, 0.000000000000000000 ) ) ;
#2661 = AXIS2_PLACEMENT_3D ( 'NONE', #1030, #2869, #2985 ) ;
#2662 = CARTESIAN_POINT ( 'NONE',  ( 5.400788879421768662, -33.89834642321142155, 1.000000000000000000 ) ) ;
#2663 = CARTESIAN_POINT ( 'NONE',  ( 40.02555838147498690, -12.76479910009956953, 1.000000000000000000 ) ) ;
#2664 = EDGE_LOOP ( 'NONE', ( #1206, #4185, #5375, #3217 ) ) ;
#2665 = CARTESIAN_POINT ( 'NONE',  ( 48.87309483438121305, -18.65776962898985758, -11.50000000000000000 ) ) ;
#2666 = DIRECTION ( 'NONE',  ( 0.000000000000000000, -1.000000000000000000, 3.070295484789979924E-17 ) ) ;
#2667 = LINE ( 'NONE', #2588, #2987 ) ;
#2668 = ORIENTED_EDGE ( 'NONE', *, *, #468, .T. ) ;
#2669 = DIRECTION ( 'NONE',  ( 0.000000000000000000, 0.000000000000000000, -1.000000000000000000 ) ) ;
#2670 = ORIENTED_EDGE ( 'NONE', *, *, #2571, .T. ) ;
#2671 = PLANE ( 'NONE',  #2784 ) ;
#2672 = LINE ( 'NONE', #4347, #5609 ) ;
#2673 = ADVANCED_FACE ( 'NONE', ( #1114 ), #3497, .F. ) ;
#2674 = ADVANCED_FACE ( 'NONE', ( #7399 ), #3144, .F. ) ;
#2675 = DIRECTION ( 'NONE',  ( -1.152121119379017815E-31, -5.256737805998289968E-15, 1.000000000000000000 ) ) ;
#2676 = DIRECTION ( 'NONE',  ( 0.000000000000000000, 1.380205382052140384E-16, -1.000000000000000000 ) ) ;
#2677 = EDGE_CURVE ( 'NONE', #751, #6195, #2558, .T. ) ;
#2678 = CARTESIAN_POINT ( 'NONE',  ( 17.17775199216357507, -34.47800985774282623, 0.5000000000000000000 ) ) ;
#2679 = ADVANCED_FACE ( 'NONE', ( #4942 ), #642, .F. ) ;
#2680 = CARTESIAN_POINT ( 'NONE',  ( 24.01864339560688677, 22.74374527427766424, -2.000000000000010658 ) ) ;
#2681 = ORIENTED_EDGE ( 'NONE', *, *, #3505, .F. ) ;
#2682 = DIRECTION ( 'NONE',  ( -1.000000000000000000, 0.000000000000000000, 0.000000000000000000 ) ) ;
#2683 = CARTESIAN_POINT ( 'NONE',  ( 21.73214898378775217, -28.45787019115513772, 0.5000000000000000000 ) ) ;
#2684 = DIRECTION ( 'NONE',  ( -1.000000000000000000, 0.000000000000000000, 0.000000000000000000 ) ) ;
#2685 = ORIENTED_EDGE ( 'NONE', *, *, #6251, .T. ) ;
#2686 = ORIENTED_EDGE ( 'NONE', *, *, #5170, .T. ) ;
#2687 = CARTESIAN_POINT ( 'NONE',  ( 18.41410195745916312, -29.46747365366959315, 0.5000000000000000000 ) ) ;
#2688 = FACE_OUTER_BOUND ( 'NONE', #3901, .T. ) ;
#2689 = CARTESIAN_POINT ( 'NONE',  ( 18.18365003400350943, -29.60368265448465053, 1.000000000000000000 ) ) ;
#2690 = DIRECTION ( 'NONE',  ( 1.000000000000000000, -0.000000000000000000, 0.000000000000000000 ) ) ;
#2691 = EDGE_CURVE ( 'NONE', #3662, #5844, #2006, .T. ) ;
#2692 = DIRECTION ( 'NONE',  ( 0.000000000000000000, 0.000000000000000000, 1.000000000000000000 ) ) ;
#2693 = DIRECTION ( 'NONE',  ( 0.000000000000000000, 0.000000000000000000, -1.000000000000000000 ) ) ;
#2694 = ORIENTED_EDGE ( 'NONE', *, *, #6343, .F. ) ;
#2695 = ORIENTED_EDGE ( 'NONE', *, *, #3936, .T. ) ;
#2696 = CARTESIAN_POINT ( 'NONE',  ( -3.109655412721123557, -23.25500368935628970, -6.001502062183216246 ) ) ;
#2697 = CARTESIAN_POINT ( 'NONE',  ( 7.565994519605242274, -35.52061862757003041, 0.5000000000000000000 ) ) ;
#2698 = CYLINDRICAL_SURFACE ( 'NONE', #3458, 1.999999999999997558 ) ;
#2699 = VERTEX_POINT ( 'NONE', #1966 ) ;
#2700 = CARTESIAN_POINT ( 'NONE',  ( 10.59517671836881192, -28.45188563841007579, 1.000000000000000000 ) ) ;
#2701 = CARTESIAN_POINT ( 'NONE',  ( 36.03106969813007510, 15.31055444116484487, -2.000000000000011102 ) ) ;
#2702 = B_SPLINE_SURFACE_WITH_KNOTS ( 'NONE', 3, 1, ( 
 ( #6856, #4524 ),
 ( #3855, #5631 ),
 ( #5675, #5038 ),
 ( #173, #1396 ),
 ( #2102, #1518 ),
 ( #2064, #330 ),
 ( #5073, #2726 ),
 ( #4956, #7537 ),
 ( #2140, #4405 ),
 ( #2570, #1478 ),
 ( #1359, #3734 ),
 ( #4487, #3275 ),
 ( #6192, #5554 ),
 ( #7454, #6271 ),
 ( #890, #5589 ),
 ( #6152, #775 ),
 ( #1982, #290 ),
 ( #2687, #3159 ) ),
 .UNSPECIFIED., .F., .F., .F.,
 ( 4, 1, 1, 1, 1, 1, 1, 1, 1, 1, 1, 1, 1, 1, 1, 4 ),
 ( 2, 2 ),
 ( 0.000000000000000000, 0.01562500000000000000, 0.03125000000000000000, 0.06250000000000000000, 0.09375000000000000000, 0.1250000000000000000, 0.1562500000000000000, 0.1875000000000000000, 0.2500000000000000000, 0.3125000000000000000, 0.3437500000000000000, 0.3750000000000000000, 0.4062500000000000000, 0.4375000000000000000, 0.4687500000000000000, 0.5000000000000000000 ),
 ( 0.000000000000000000, 1.000000000000000000 ),
 .UNSPECIFIED. ) ;
#2703 = DIRECTION ( 'NONE',  ( 0.000000000000000000, 0.000000000000000000, 1.000000000000000000 ) ) ;
#2704 = EDGE_LOOP ( 'NONE', ( #949, #5665, #2414, #1350 ) ) ;
#2705 = CARTESIAN_POINT ( 'NONE',  ( 23.78502260796133783, -37.10930952139289474, 1.000000000000000000 ) ) ;
#2706 = VERTEX_POINT ( 'NONE', #1381 ) ;
#2707 = LINE ( 'NONE', #5099, #2408 ) ;
#2708 = CARTESIAN_POINT ( 'NONE',  ( 44.88722585882243266, -43.23723148550483586, 1.262741699796958716 ) ) ;
#2709 = CARTESIAN_POINT ( 'NONE',  ( 23.54331740680673235, -36.68401368187997491, -1.000000000000000000 ) ) ;
#2710 = EDGE_CURVE ( 'NONE', #2699, #1162, #5500, .T. ) ;
#2711 = DIRECTION ( 'NONE',  ( 1.000000000000000000, -0.000000000000000000, -0.000000000000000000 ) ) ;
#2712 = CIRCLE ( 'NONE', #5341, 0.8000000000000032641 ) ;
#2713 = CARTESIAN_POINT ( 'NONE',  ( 17.36450795555181514, -34.67941796677845900, 0.4999999999999998890 ) ) ;
#2714 = ADVANCED_FACE ( 'NONE', ( #3070 ), #6719, .T. ) ;
#2715 = PLANE ( 'NONE',  #4367 ) ;
#2716 = ORIENTED_EDGE ( 'NONE', *, *, #4097, .F. ) ;
#2717 = CARTESIAN_POINT ( 'NONE',  ( 4.625558381474975000, -12.76479910009956775, 0.000000000000000000 ) ) ;
#2718 = CIRCLE ( 'NONE', #7247, 2.599999999999998312 ) ;
#2719 = CARTESIAN_POINT ( 'NONE',  ( 24.25843288933739217, -36.70870251512251770, 1.000000000000000000 ) ) ;
#2720 = LINE ( 'NONE', #846, #2547 ) ;
#2721 = CARTESIAN_POINT ( 'NONE',  ( 48.22735356466326806, -41.61841504291469107, -13.50000000000000178 ) ) ;
#2722 = VERTEX_POINT ( 'NONE', #4278 ) ;
#2723 = AXIS2_PLACEMENT_3D ( 'NONE', #3529, #2364, #560 ) ;
#2724 = EDGE_CURVE ( 'NONE', #2308, #272, #6685, .T. ) ;
#2725 = ORIENTED_EDGE ( 'NONE', *, *, #190, .T. ) ;
#2726 = CARTESIAN_POINT ( 'NONE',  ( 20.17727403790108553, -36.58254917880634594, -1.000000000000000000 ) ) ;
#2727 = CARTESIAN_POINT ( 'NONE',  ( 9.637953824606533715, -28.58985747179153947, 0.5000000000000000000 ) ) ;
#2728 = CYLINDRICAL_SURFACE ( 'NONE', #3530, 1.550000000000000933 ) ;
#2729 = AXIS2_PLACEMENT_3D ( 'NONE', #2050, #875, #3257 ) ;
#2730 = AXIS2_PLACEMENT_3D ( 'NONE', #3139, #7201, #7275 ) ;
#2731 = CARTESIAN_POINT ( 'NONE',  ( 4.625558381474969671, 11.63520089990042727, 1.000000000000000000 ) ) ;
#2732 = CARTESIAN_POINT ( 'NONE',  ( 44.38408591663488778, 10.28286628251796131, -5.000000000000000000 ) ) ;
#2733 = EDGE_CURVE ( 'NONE', #3172, #2788, #4238, .T. ) ;
#2734 = FACE_OUTER_BOUND ( 'NONE', #689, .T. ) ;
#2735 = ORIENTED_EDGE ( 'NONE', *, *, #3437, .F. ) ;
#2736 = FACE_OUTER_BOUND ( 'NONE', #3802, .T. ) ;
#2737 = ORIENTED_EDGE ( 'NONE', *, *, #7782, .T. ) ;
#2738 = ORIENTED_EDGE ( 'NONE', *, *, #5152, .T. ) ;
#2739 = DIRECTION ( 'NONE',  ( 1.000000000000000000, 0.000000000000000000, 0.000000000000000000 ) ) ;
#2740 = ADVANCED_FACE ( 'NONE', ( #3180 ), #121, .F. ) ;
#2741 = CARTESIAN_POINT ( 'NONE',  ( 8.307112613158334824, -36.00060164366947646, 0.5000000000000000000 ) ) ;
#2742 = ORIENTED_EDGE ( 'NONE', *, *, #5189, .T. ) ;
#2743 = CARTESIAN_POINT ( 'NONE',  ( 50.42498535266713588, -24.38459728854137154, -7.285192739890204550 ) ) ;
#2744 = DIRECTION ( 'NONE',  ( -1.000000000000000000, 0.000000000000000000, 0.000000000000000000 ) ) ;
#2745 = CARTESIAN_POINT ( 'NONE',  ( 1.335016159205053343, -43.23723148550483586, -4.663148035801217617 ) ) ;
#2746 = ORIENTED_EDGE ( 'NONE', *, *, #1480, .T. ) ;
#2747 = ORIENTED_EDGE ( 'NONE', *, *, #1484, .T. ) ;
#2748 = VECTOR ( 'NONE', #1552, 1000.000000000000000 ) ;
#2749 = CARTESIAN_POINT ( 'NONE',  ( 7.620067560892295866, -29.46764490646226875, 1.000000000000000000 ) ) ;
#2750 = VERTEX_POINT ( 'NONE', #4868 ) ;
#2751 = LINE ( 'NONE', #4550, #6669 ) ;
#2752 = CARTESIAN_POINT ( 'NONE',  ( 16.57761508520665217, -31.05690171790831755, -1.000000000000000000 ) ) ;
#2753 = CARTESIAN_POINT ( 'NONE',  ( 13.09011226792255478, -36.37575495916927082, 1.000000000000100586 ) ) ;
#2754 = CARTESIAN_POINT ( 'NONE',  ( 16.48275399513103068, -33.29002524164192067, 0.5000000000000001110 ) ) ;
#2755 = DIRECTION ( 'NONE',  ( 0.000000000000000000, 0.000000000000000000, 1.000000000000000000 ) ) ;
#2756 = ADVANCED_FACE ( 'NONE', ( #4391 ), #6645, .F. ) ;
#2757 = VERTEX_POINT ( 'NONE', #7356 ) ;
#2758 = DIRECTION ( 'NONE',  ( 0.000000000000000000, 0.000000000000000000, -1.000000000000000000 ) ) ;
#2759 = CARTESIAN_POINT ( 'NONE',  ( 24.96166221336136104, -35.33349989306437777, 1.000000000000000000 ) ) ;
#2760 = VERTEX_POINT ( 'NONE', #3108 ) ;
#2761 = CARTESIAN_POINT ( 'NONE',  ( 12.34334880155074643, -45.61841504291471239, -4.663148035801216729 ) ) ;
#2762 = CARTESIAN_POINT ( 'NONE',  ( 19.40657443284489148, -28.94866848909818557, 0.5000000000000000000 ) ) ;
#2763 = VECTOR ( 'NONE', #4308, 1000.000000000000000 ) ;
#2764 = ORIENTED_EDGE ( 'NONE', *, *, #6108, .F. ) ;
#2765 = ORIENTED_EDGE ( 'NONE', *, *, #1898, .T. ) ;
#2766 = CARTESIAN_POINT ( 'NONE',  ( 39.02555838147497980, 11.63520089990043260, 1.000000000000000000 ) ) ;
#2767 = CARTESIAN_POINT ( 'NONE',  ( 13.83315364726901997, -32.17249221589381847, 0.5000000000000000000 ) ) ;
#2768 = DIRECTION ( 'NONE',  ( 1.000000000000000000, 0.000000000000000000, 0.000000000000000000 ) ) ;
#2769 = ADVANCED_FACE ( 'NONE', ( #4349 ), #6798, .T. ) ;
#2770 = B_SPLINE_SURFACE_WITH_KNOTS ( 'NONE', 3, 1, ( 
 ( #2781, #5171 ),
 ( #2192, #6475 ),
 ( #5812, #4815 ),
 ( #4439, #1470 ),
 ( #6848, #7533 ),
 ( #6809, #1390 ),
 ( #2683, #6267 ),
 ( #3769, #5111 ),
 ( #3930, #6934 ),
 ( #206, #6222 ),
 ( #5149, #961 ),
 ( #6186, #5033 ),
 ( #3229, #2134 ),
 ( #3885, #5751 ),
 ( #1977, #2606 ),
 ( #1557, #7409 ),
 ( #3806, #5627 ),
 ( #324, #2016 ),
 ( #6892, #6344 ),
 ( #808, #3849 ) ),
 .UNSPECIFIED., .F., .F., .F.,
 ( 4, 1, 1, 1, 1, 1, 1, 1, 1, 1, 1, 1, 1, 1, 1, 1, 1, 4 ),
 ( 2, 2 ),
 ( 0.5000000000000000000, 0.5312500000000000000, 0.5625000000000000000, 0.5937500000000000000, 0.6250000000000000000, 0.6406250000000000000, 0.6562500000000000000, 0.6875000000000000000, 0.7187500000000000000, 0.7500000000000000000, 0.8125000000000000000, 0.8750000000000000000, 0.9062500000000000000, 0.9375000000000000000, 0.9531250000000000000, 0.9687500000000000000, 0.9843750000000000000, 1.000000002123355491 ),
 ( 0.000000000000000000, 1.000000000000000000 ),
 .UNSPECIFIED. ) ;
#2771 = CARTESIAN_POINT ( 'NONE',  ( 17.67172462988663995, -34.97427934753213208, 0.5000000000000000000 ) ) ;
#2772 = CARTESIAN_POINT ( 'NONE',  ( 10.08039246879556217, -36.87349895774678288, -1.000000000000000000 ) ) ;
#2773 = ADVANCED_FACE ( 'NONE', ( #6139, #1860 ), #1265, .F. ) ;
#2774 = CARTESIAN_POINT ( 'NONE',  ( -3.609655412721123557, -23.25500368935628970, -6.001502062183216246 ) ) ;
#2775 = CIRCLE ( 'NONE', #5795, 0.8000000000000058176 ) ;
#2776 = EDGE_CURVE ( 'NONE', #5709, #803, #7418, .T. ) ;
#2777 = EDGE_LOOP ( 'NONE', ( #3074, #609, #5630, #3678 ) ) ;
#2778 = CARTESIAN_POINT ( 'NONE',  ( 19.03465559383978345, -29.12119904220712030, -1.000000000000000000 ) ) ;
#2779 = EDGE_LOOP ( 'NONE', ( #4090, #110, #5214, #3325 ) ) ;
#2780 = ORIENTED_EDGE ( 'NONE', *, *, #7235, .T. ) ;
#2781 = CARTESIAN_POINT ( 'NONE',  ( 18.41410195745270784, -29.46747365367343718, 0.5000000000000000000 ) ) ;
#2782 = CARTESIAN_POINT ( 'NONE',  ( 11.98555508191719809, -37.50683220583054833, 1.000000000000000000 ) ) ;
#2783 = ORIENTED_EDGE ( 'NONE', *, *, #5573, .T. ) ;
#2784 = AXIS2_PLACEMENT_3D ( 'NONE', #5185, #2166, #7006 ) ;
#2785 = CARTESIAN_POINT ( 'NONE',  ( 9.833540866019065518, -43.29767075805705900, -1.201502112509220010 ) ) ;
#2786 = DIRECTION ( 'NONE',  ( 1.000000000000000000, 0.000000000000000000, 0.000000000000000000 ) ) ;
#2787 = CARTESIAN_POINT ( 'NONE',  ( 46.49421924018096064, 21.86168854948673257, -13.48572621150074724 ) ) ;
#2788 = VERTEX_POINT ( 'NONE', #1341 ) ;
#2789 = AXIS2_PLACEMENT_3D ( 'NONE', #3665, #1204, #580 ) ;
#2790 = LINE ( 'NONE', #5056, #3876 ) ;
#2791 = VERTEX_POINT ( 'NONE', #759 ) ;
#2792 = CARTESIAN_POINT ( 'NONE',  ( 36.98338076306245625, -31.97260846456628869, -1.000000000000000000 ) ) ;
#2793 = DIRECTION ( 'NONE',  ( 0.000000000000000000, 1.000000000000000000, 0.000000000000000000 ) ) ;
#2794 = CARTESIAN_POINT ( 'NONE',  ( 13.32048593737651032, -36.06737925939526690, 0.5000000000000000000 ) ) ;
#2795 = DIRECTION ( 'NONE',  ( 0.000000000000000000, -0.000000000000000000, 1.000000000000000000 ) ) ;
#2796 = ADVANCED_FACE ( 'NONE', ( #5537 ), #6883, .F. ) ;
#2797 = VECTOR ( 'NONE', #2973, 1000.000000000000000 ) ;
#2798 = CARTESIAN_POINT ( 'NONE',  ( 0.000000000000000000, 0.000000000000000000, -5.000000000000000000 ) ) ;
#2799 = ORIENTED_EDGE ( 'NONE', *, *, #608, .T. ) ;
#2800 = CARTESIAN_POINT ( 'NONE',  ( 43.62352618543248894, 22.74374527427766779, -6.663148035801222946 ) ) ;
#2801 = CARTESIAN_POINT ( 'NONE',  ( 23.96623943699129100, -36.27770282353311870, 1.000000000000000000 ) ) ;
#2802 = ORIENTED_EDGE ( 'NONE', *, *, #4827, .F. ) ;
#2803 = AXIS2_PLACEMENT_3D ( 'NONE', #285, #4519, #4482 ) ;
#2804 = DIRECTION ( 'NONE',  ( -0.000000000000000000, -0.000000000000000000, 1.000000000000000000 ) ) ;
#2805 = DIRECTION ( 'NONE',  ( -1.000000000000000000, 0.000000000000000000, -0.000000000000000000 ) ) ;
#2806 = VERTEX_POINT ( 'NONE', #275 ) ;
#2807 = ORIENTED_EDGE ( 'NONE', *, *, #4695, .T. ) ;
#2808 = CARTESIAN_POINT ( 'NONE',  ( 13.80532208543057671, -34.76769198022615370, -1.000000000000000000 ) ) ;
#2809 = DIRECTION ( 'NONE',  ( 1.000000000000000000, 0.000000000000000000, 0.000000000000000000 ) ) ;
#2810 = CARTESIAN_POINT ( 'NONE',  ( 16.64511793493533887, -33.67744985397749247, 1.000000000000000000 ) ) ;
#2811 = EDGE_CURVE ( 'NONE', #2428, #3418, #5619, .T. ) ;
#2812 = CARTESIAN_POINT ( 'NONE',  ( 7.051454983962321954, -35.17559949427604238, -1.000000000000000000 ) ) ;
#2813 = DIRECTION ( 'NONE',  ( -1.000000000000000000, 0.000000000000000000, 8.042586066086100112E-17 ) ) ;
#2814 = EDGE_CURVE ( 'NONE', #625, #7744, #1930, .T. ) ;
#2815 = EDGE_CURVE ( 'NONE', #5006, #3264, #1894, .T. ) ;
#2816 = EDGE_LOOP ( 'NONE', ( #3294, #5773, #3044, #698 ) ) ;
#2817 = CARTESIAN_POINT ( 'NONE',  ( 41.96106399535297982, 11.54623778400322109, -9.592411343199959362 ) ) ;
#2818 = CYLINDRICAL_SURFACE ( 'NONE', #6315, 0.8000000000000020428 ) ;
#2819 = CARTESIAN_POINT ( 'NONE',  ( 11.76629719136948715, -37.03425142321348318, 0.5000000000000000000 ) ) ;
#2820 = EDGE_LOOP ( 'NONE', ( #1314, #4427, #2619, #2950 ) ) ;
#2821 = LINE ( 'NONE', #6955, #2457 ) ;
#2822 = CARTESIAN_POINT ( 'NONE',  ( 44.88722585882243266, -43.23723148550483586, -6.663148035801221170 ) ) ;
#2823 = LINE ( 'NONE', #5213, #7010 ) ;
#2824 = ORIENTED_EDGE ( 'NONE', *, *, #7054, .F. ) ;
#2825 = LINE ( 'NONE', #4739, #3142 ) ;
#2826 = ORIENTED_EDGE ( 'NONE', *, *, #5241, .T. ) ;
#2827 = FACE_OUTER_BOUND ( 'NONE', #5954, .T. ) ;
#2828 = AXIS2_PLACEMENT_3D ( 'NONE', #1822, #3570, #4312 ) ;
#2829 = CARTESIAN_POINT ( 'NONE',  ( 47.98256164536418567, 14.42020381552566732, -1.000000000000000000 ) ) ;
#2830 = CARTESIAN_POINT ( 'NONE',  ( 13.82347071892755075, -36.19886345176632858, 1.000000000000000000 ) ) ;
#2831 = DIRECTION ( 'NONE',  ( -0.000000000000000000, -0.000000000000000000, 1.000000000000000000 ) ) ;
#2832 = AXIS2_PLACEMENT_3D ( 'NONE', #3591, #5329, #666 ) ;
#2833 = CARTESIAN_POINT ( 'NONE',  ( 3.625558381474970560, 11.63520089990042727, 1.000000000000000000 ) ) ;
#2834 = EDGE_LOOP ( 'NONE', ( #5505, #1640, #5721, #1696, #3710 ) ) ;
#2835 = LINE ( 'NONE', #5791, #6901 ) ;
#2836 = CARTESIAN_POINT ( 'NONE',  ( 25.16761145885676854, -34.43052880715714537, 1.000000000000000000 ) ) ;
#2837 = EDGE_CURVE ( 'NONE', #5580, #4548, #6259, .T. ) ;
#2838 = VECTOR ( 'NONE', #4649, 1000.000000000000000 ) ;
#2839 = LINE ( 'NONE', #4087, #1919 ) ;
#2840 = LINE ( 'NONE', #5914, #5224 ) ;
#2841 = ORIENTED_EDGE ( 'NONE', *, *, #4545, .F. ) ;
#2842 = CIRCLE ( 'NONE', #5094, 2.000000000000001776 ) ;
#2843 = ORIENTED_EDGE ( 'NONE', *, *, #1593, .F. ) ;
#2844 = AXIS2_PLACEMENT_3D ( 'NONE', #6620, #655, #169 ) ;
#2845 = CARTESIAN_POINT ( 'NONE',  ( 12.34334880155074643, -40.97692647319939141, -4.663148035801218505 ) ) ;
#2846 = CARTESIAN_POINT ( 'NONE',  ( 7.641505723060324939, -29.45492736083515339, 0.5000000000000000000 ) ) ;
#2847 = CARTESIAN_POINT ( 'NONE',  ( 16.37196756814105925, -32.90734840888488577, 1.000000000000000000 ) ) ;
#2848 = DIRECTION ( 'NONE',  ( -1.000000000000000000, 0.000000000000000000, 0.000000000000000000 ) ) ;
#2849 = CIRCLE ( 'NONE', #5229, 1.549999999999999378 ) ;
#2850 = AXIS2_PLACEMENT_3D ( 'NONE', #2914, #7088, #2795 ) ;
#2851 = DIRECTION ( 'NONE',  ( 0.000000000000000000, 0.000000000000000000, -1.000000000000000000 ) ) ;
#2852 = LINE ( 'NONE', #3317, #1092 ) ;
#2853 = ORIENTED_EDGE ( 'NONE', *, *, #4150, .T. ) ;
#2854 = CARTESIAN_POINT ( 'NONE',  ( 24.21635081989813187, -30.76485749922561297, -1.000000000000000000 ) ) ;
#2855 = CIRCLE ( 'NONE', #4475, 1.550000000000000933 ) ;
#2856 = EDGE_CURVE ( 'NONE', #1730, #2397, #2633, .T. ) ;
#2857 = ORIENTED_EDGE ( 'NONE', *, *, #2247, .F. ) ;
#2858 = LINE ( 'NONE', #7592, #284 ) ;
#2859 = LINE ( 'NONE', #1093, #4045 ) ;
#2860 = ORIENTED_EDGE ( 'NONE', *, *, #5804, .T. ) ;
#2861 = DIRECTION ( 'NONE',  ( 1.000000000000000000, -0.000000000000000000, -0.000000000000000000 ) ) ;
#2862 = CARTESIAN_POINT ( 'NONE',  ( 6.368999398413262014, -29.72743365287190542, 1.000000000000000000 ) ) ;
#2863 = CIRCLE ( 'NONE', #6625, 0.8000000000000033751 ) ;
#2864 = CARTESIAN_POINT ( 'NONE',  ( 46.75431022788061597, 21.63293269227954241, -13.49067031849550347 ) ) ;
#2865 = EDGE_LOOP ( 'NONE', ( #5204, #341, #1560, #4890 ) ) ;
#2866 = LINE ( 'NONE', #552, #5787 ) ;
#2867 = EDGE_LOOP ( 'NONE', ( #6843, #1271, #1252, #1020, #6447 ) ) ;
#2868 = DIRECTION ( 'NONE',  ( 1.000000000000000000, -0.000000000000000000, 0.000000000000000000 ) ) ;
#2869 = DIRECTION ( 'NONE',  ( 0.000000000000000000, -1.000000000000000000, -5.256737805998289968E-15 ) ) ;
#2870 = EDGE_CURVE ( 'NONE', #2527, #5574, #7666, .T. ) ;
#2871 = CARTESIAN_POINT ( 'NONE',  ( 47.48284633646188269, -41.10803225891360313, -2.000000000000000000 ) ) ;
#2872 = EDGE_CURVE ( 'NONE', #3178, #1791, #992, .T. ) ;
#2873 = DIRECTION ( 'NONE',  ( 0.000000000000000000, 0.000000000000000000, -1.000000000000000000 ) ) ;
#2874 = EDGE_CURVE ( 'NONE', #5134, #7769, #6293, .T. ) ;
#2875 = CARTESIAN_POINT ( 'NONE',  ( 12.82033012497712221, -27.06847516654442032, -3.000000000000000000 ) ) ;
#2876 = ORIENTED_EDGE ( 'NONE', *, *, #565, .T. ) ;
#2877 = DIRECTION ( 'NONE',  ( -1.000000000000000000, 0.000000000000000000, 0.000000000000000000 ) ) ;
#2878 = CARTESIAN_POINT ( 'NONE',  ( 23.61831991618918991, -36.62101424491899593, 0.5000000000000000000 ) ) ;
#2879 = EDGE_CURVE ( 'NONE', #2699, #4558, #7474, .T. ) ;
#2880 = CARTESIAN_POINT ( 'NONE',  ( -1.609655412721122669, -7.832828546790671531, -1.000000000000000000 ) ) ;
#2881 = PLANE ( 'NONE',  #2094 ) ;
#2882 = VERTEX_POINT ( 'NONE', #2051 ) ;
#2883 = AXIS2_PLACEMENT_3D ( 'NONE', #6842, #5105, #360 ) ;
#2884 = EDGE_LOOP ( 'NONE', ( #1661, #6342, #1905, #1867 ) ) ;
#2885 = ADVANCED_FACE ( 'NONE', ( #3875 ), #2085, .F. ) ;
#2886 = CARTESIAN_POINT ( 'NONE',  ( 13.97136120740845300, -33.18937205261808288, -1.000000000000000000 ) ) ;
#2887 = EDGE_LOOP ( 'NONE', ( #465, #7675, #2510, #4084 ) ) ;
#2888 = CARTESIAN_POINT ( 'NONE',  ( 12.93161537192693800, -29.90899676400975693, 0.4999999999999998890 ) ) ;
#2889 = CARTESIAN_POINT ( 'NONE',  ( 16.31307876913084698, -30.62974395678216055, 1.000000000000000000 ) ) ;
#2890 = CIRCLE ( 'NONE', #7285, 1.550000000000000933 ) ;
#2891 = CARTESIAN_POINT ( 'NONE',  ( 5.783580688646249968, -31.05707297069714912, -1.000000000000000000 ) ) ;
#2892 = CARTESIAN_POINT ( 'NONE',  ( 44.22735356466326806, -41.61841504291472660, -11.50000000000000000 ) ) ;
#2893 = ADVANCED_FACE ( 'NONE', ( #3299 ), #313, .F. ) ;
#2894 = EDGE_LOOP ( 'NONE', ( #6425, #1575, #5673, #1819, #2488 ) ) ;
#2895 = PLANE ( 'NONE',  #4773 ) ;
#2896 = ORIENTED_EDGE ( 'NONE', *, *, #3010, .F. ) ;
#2897 = DIRECTION ( 'NONE',  ( 0.000000000000000000, -1.000000000000000000, 0.000000000000000000 ) ) ;
#2898 = CARTESIAN_POINT ( 'NONE',  ( 10.14837298352686368, -36.88053013016563142, 1.000000000000000000 ) ) ;
#2899 = ORIENTED_EDGE ( 'NONE', *, *, #126, .F. ) ;
#2900 = DIRECTION ( 'NONE',  ( -1.000000000000000000, 0.000000000000000000, 2.710505431213748266E-16 ) ) ;
#2901 = AXIS2_PLACEMENT_3D ( 'NONE', #5023, #5060, #6967 ) ;
#2902 = CIRCLE ( 'NONE', #3147, 6.000000000000005329 ) ;
#2903 = FACE_OUTER_BOUND ( 'NONE', #7612, .T. ) ;
#2904 = FACE_OUTER_BOUND ( 'NONE', #5629, .T. ) ;
#2905 = VERTEX_POINT ( 'NONE', #6923 ) ;
#2906 = DIRECTION ( 'NONE',  ( 1.000000000000000000, 0.000000000000000000, 0.000000000000000000 ) ) ;
#2907 = ORIENTED_EDGE ( 'NONE', *, *, #2643, .T. ) ;
#2908 = DIRECTION ( 'NONE',  ( -1.000000000000000000, 0.000000000000000000, 0.000000000000000000 ) ) ;
#2909 = AXIS2_PLACEMENT_3D ( 'NONE', #6577, #1161, #2374 ) ;
#2910 = DIRECTION ( 'NONE',  ( 0.000000000000000000, 0.000000000000000000, 1.000000000000000000 ) ) ;
#2911 = EDGE_LOOP ( 'NONE', ( #4536, #7704, #2393, #2853, #1200, #6071 ) ) ;
#2912 = DIRECTION ( 'NONE',  ( -1.000000000000000000, 0.000000000000000000, 0.000000000000000000 ) ) ;
#2913 = EDGE_CURVE ( 'NONE', #2490, #114, #2017, .T. ) ;
#2914 = CARTESIAN_POINT ( 'NONE',  ( 47.98256164536418567, 16.99293638262966510, -15.03537376769511091 ) ) ;
#2915 = VECTOR ( 'NONE', #5987, 1000.000000000000000 ) ;
#2916 = DIRECTION ( 'NONE',  ( 0.000000000000000000, 0.000000000000000000, -1.000000000000000000 ) ) ;
#2917 = ORIENTED_EDGE ( 'NONE', *, *, #325, .T. ) ;
#2918 = EDGE_CURVE ( 'NONE', #1581, #7053, #3997, .T. ) ;
#2919 = CARTESIAN_POINT ( 'NONE',  ( 25.02706244993484930, -31.66674047956122351, 1.000000000000000000 ) ) ;
#2920 = CARTESIAN_POINT ( 'NONE',  ( 13.56771954101817101, -36.58503083885017304, 1.000000000000000222 ) ) ;
#2921 = DIRECTION ( 'NONE',  ( 0.000000000000000000, 1.000000000000000000, 0.000000000000000000 ) ) ;
#2922 = VECTOR ( 'NONE', #4808, 1000.000000000000000 ) ;
#2923 = CARTESIAN_POINT ( 'NONE',  ( 18.47471805501016462, -47.11841504291469818, -8.884504751596059791 ) ) ;
#2924 = VERTEX_POINT ( 'NONE', #1776 ) ;
#2925 = VERTEX_POINT ( 'NONE', #477 ) ;
#2926 = VERTEX_POINT ( 'NONE', #5901 ) ;
#2927 = CARTESIAN_POINT ( 'NONE',  ( 9.569413117089354159, -28.59990046529315677, -1.000000000000000000 ) ) ;
#2928 = ORIENTED_EDGE ( 'NONE', *, *, #3749, .F. ) ;
#2929 = FACE_OUTER_BOUND ( 'NONE', #7557, .T. ) ;
#2930 = AXIS2_PLACEMENT_3D ( 'NONE', #3535, #7092, #1637 ) ;
#2931 = CARTESIAN_POINT ( 'NONE',  ( 16.90029506096976419, -34.91760289738447653, 1.000000000000000222 ) ) ;
#2932 = CARTESIAN_POINT ( 'NONE',  ( 6.085126097701873960, -34.21367454919111140, -1.000000000000000000 ) ) ;
#2933 = EDGE_LOOP ( 'NONE', ( #6777, #5232 ) ) ;
#2934 = DIRECTION ( 'NONE',  ( 0.000000000000000000, 0.000000000000000000, 1.000000000000000000 ) ) ;
#2935 = FACE_OUTER_BOUND ( 'NONE', #211, .T. ) ;
#2936 = CARTESIAN_POINT ( 'NONE',  ( 10.60196876318468284, -37.50281141069033453, 1.000000000000000000 ) ) ;
#2937 = VERTEX_POINT ( 'NONE', #3526 ) ;
#2938 = ADVANCED_FACE ( 'NONE', ( #2324, #3491 ), #7789, .F. ) ;
#2939 = CARTESIAN_POINT ( 'NONE',  ( 48.22735356466326806, -41.61841504291469107, -1.000000000000000000 ) ) ;
#2940 = FACE_OUTER_BOUND ( 'NONE', #4563, .T. ) ;
#2941 = EDGE_LOOP ( 'NONE', ( #2011, #795, #1133, #7591 ) ) ;
#2942 = CARTESIAN_POINT ( 'NONE',  ( 44.38408591663488778, 15.57751706311805151, -1.000000000000000000 ) ) ;
#2943 = EDGE_LOOP ( 'NONE', ( #1736, #5153 ) ) ;
#2944 = LINE ( 'NONE', #5334, #6304 ) ;
#2945 = CARTESIAN_POINT ( 'NONE',  ( -1.609655412721121781, -38.75495671797978758, -4.663148035801216729 ) ) ;
#2946 = ORIENTED_EDGE ( 'NONE', *, *, #6720, .F. ) ;
#2947 = CARTESIAN_POINT ( 'NONE',  ( 13.86554219585342551, -32.35119401342346634, 1.000000000000267786 ) ) ;
#2948 = DIRECTION ( 'NONE',  ( -0.000000000000000000, -0.000000000000000000, 1.000000000000000000 ) ) ;
#2949 = DIRECTION ( 'NONE',  ( -1.000000000000000000, 0.000000000000000000, 0.000000000000000000 ) ) ;
#2950 = ORIENTED_EDGE ( 'NONE', *, *, #1383, .F. ) ;
#2951 = AXIS2_PLACEMENT_3D ( 'NONE', #1547, #7357, #1968 ) ;
#2952 = CARTESIAN_POINT ( 'NONE',  ( 22.83463427764759501, -28.93445686412223949, 0.5000000000000000000 ) ) ;
#2953 = DIRECTION ( 'NONE',  ( 0.003460928000372417643, -0.9999940109707539104, 0.000000000000000000 ) ) ;
#2954 = FACE_OUTER_BOUND ( 'NONE', #2462, .T. ) ;
#2955 = ADVANCED_FACE ( 'NONE', ( #7043 ), #6488, .F. ) ;
#2956 = AXIS2_PLACEMENT_3D ( 'NONE', #6913, #4580, #7673 ) ;
#2957 =( NAMED_UNIT ( * ) SI_UNIT ( $, .STERADIAN. ) SOLID_ANGLE_UNIT ( ) );
#2958 = ORIENTED_EDGE ( 'NONE', *, *, #2247, .T. ) ;
#2959 = VERTEX_POINT ( 'NONE', #516 ) ;
#2960 = VERTEX_POINT ( 'NONE', #6562 ) ;
#2961 = LINE ( 'NONE', #2413, #4399 ) ;
#2962 = FACE_OUTER_BOUND ( 'NONE', #1297, .T. ) ;
#2963 = AXIS2_PLACEMENT_3D ( 'NONE', #7699, #7103, #3509 ) ;
#2964 = CARTESIAN_POINT ( 'NONE',  ( 15.82345719485563151, -32.09287687133795686, 1.000000000000000000 ) ) ;
#2965 = VECTOR ( 'NONE', #5070, 1000.000000000000000 ) ;
#2966 = LINE ( 'NONE', #1125, #4981 ) ;
#2967 = ORIENTED_EDGE ( 'NONE', *, *, #1634, .T. ) ;
#2968 = ORIENTED_EDGE ( 'NONE', *, *, #7458, .F. ) ;
#2969 = CARTESIAN_POINT ( 'NONE',  ( 44.08098866112377578, 22.74374527427766779, -13.43649167310371340 ) ) ;
#2970 = LINE ( 'NONE', #3011, #3896 ) ;
#2971 = VECTOR ( 'NONE', #3041, 1000.000000000000000 ) ;
#2972 = CIRCLE ( 'NONE', #1606, 0.2500000000000002220 ) ;
#2973 = DIRECTION ( 'NONE',  ( -0.000000000000000000, -0.000000000000000000, 1.000000000000000000 ) ) ;
#2974 = VERTEX_POINT ( 'NONE', #5261 ) ;
#2975 = ADVANCED_FACE ( 'NONE', ( #5221 ), #1180, .F. ) ;
#2976 = CARTESIAN_POINT ( 'NONE',  ( 42.50367785261521192, -0.9338809330280339882, -9.451567670042738456 ) ) ;
#2977 = CARTESIAN_POINT ( 'NONE',  ( 2.390344587278904420, 22.74374527427766068, -13.43649167310370984 ) ) ;
#2978 = VECTOR ( 'NONE', #85, 1000.000000000000000 ) ;
#2979 = CARTESIAN_POINT ( 'NONE',  ( -1.609655412721124002, -41.88245855812043317, -13.42115342476435202 ) ) ;
#2980 = ADVANCED_FACE ( 'NONE', ( #7638 ), #256, .T. ) ;
#2981 = ORIENTED_EDGE ( 'NONE', *, *, #757, .T. ) ;
#2982 = EDGE_CURVE ( 'NONE', #3397, #15, #4781, .T. ) ;
#2983 = CARTESIAN_POINT ( 'NONE',  ( 44.48286430354956877, -44.11841504291471949, 1.000000000000000000 ) ) ;
#2984 = CARTESIAN_POINT ( 'NONE',  ( 23.51167280472278875, -36.69064511513240490, 1.000000000000000000 ) ) ;
#2985 = DIRECTION ( 'NONE',  ( 0.000000000000000000, 5.256737805998289968E-15, -1.000000000000000000 ) ) ;
#2986 = VERTEX_POINT ( 'NONE', #7120 ) ;
#2987 = VECTOR ( 'NONE', #4344, 1000.000000000000000 ) ;
#2988 = CARTESIAN_POINT ( 'NONE',  ( 11.94212261714698897, -28.28127823006488128, 1.000000000000000000 ) ) ;
#2989 = DIRECTION ( 'NONE',  ( -0.000000000000000000, -1.000000000000000000, -0.000000000000000000 ) ) ;
#2990 = DIRECTION ( 'NONE',  ( 1.012926086421548048E-15, -1.000000000000000000, -0.000000000000000000 ) ) ;
#2991 = ORIENTED_EDGE ( 'NONE', *, *, #5036, .T. ) ;
#2992 = CARTESIAN_POINT ( 'NONE',  ( 21.77328323936648147, -28.48088011263945418, 1.000000000000037303 ) ) ;
#2993 = LINE ( 'NONE', #1151, #2915 ) ;
#2994 = CARTESIAN_POINT ( 'NONE',  ( 5.910299739071217751, -33.79382424161054388, 0.5000000000000001110 ) ) ;
#2995 = DIRECTION ( 'NONE',  ( 8.042586066086100112E-17, 3.070295484789979924E-17, 1.000000000000000000 ) ) ;
#2996 = ORIENTED_EDGE ( 'NONE', *, *, #4513, .F. ) ;
#2997 = ORIENTED_EDGE ( 'NONE', *, *, #3079, .F. ) ;
#2998 = CARTESIAN_POINT ( 'NONE',  ( 47.98256164536418567, 12.65288649460165438, -11.50000000000000000 ) ) ;
#2999 = CARTESIAN_POINT ( 'NONE',  ( 23.64035752485942510, -36.59952332288582966, 0.5000000000000000000 ) ) ;
#3000 = ORIENTED_EDGE ( 'NONE', *, *, #3721, .F. ) ;
#3001 = LINE ( 'NONE', #5388, #2225 ) ;
#3002 = DIRECTION ( 'NONE',  ( 0.000000000000000000, -0.000000000000000000, 1.000000000000000000 ) ) ;
#3003 = EDGE_CURVE ( 'NONE', #900, #6538, #5941, .T. ) ;
#3004 = EDGE_LOOP ( 'NONE', ( #3600, #2361, #4794, #3500 ) ) ;
#3005 = DIRECTION ( 'NONE',  ( -1.000000000000000000, 0.000000000000000000, 0.000000000000000000 ) ) ;
#3006 = ORIENTED_EDGE ( 'NONE', *, *, #4191, .T. ) ;
#3007 = DIRECTION ( 'NONE',  ( -0.000000000000000000, -0.000000000000000000, 1.000000000000000000 ) ) ;
#3008 = CARTESIAN_POINT ( 'NONE',  ( 44.27741491030285914, 18.24374527427767134, -2.000000000000000000 ) ) ;
#3009 = EDGE_CURVE ( 'NONE', #4934, #1651, #555, .T. ) ;
#3010 = EDGE_CURVE ( 'NONE', #7739, #5083, #435, .T. ) ;
#3011 = CARTESIAN_POINT ( 'NONE',  ( 5.925558381474854031, 4.686048302902208640, -2.000000000000012879 ) ) ;
#3012 = VECTOR ( 'NONE', #1708, 1000.000000000000000 ) ;
#3013 = CARTESIAN_POINT ( 'NONE',  ( 36.03106969813007510, 22.74374527427766779, -1.000000000000000000 ) ) ;
#3014 = VERTEX_POINT ( 'NONE', #2248 ) ;
#3015 = CARTESIAN_POINT ( 'NONE',  ( 44.21615726698036042, -25.67721764505392912, -13.26766223891080720 ) ) ;
#3016 = EDGE_CURVE ( 'NONE', #1489, #7729, #2276, .T. ) ;
#3017 = CARTESIAN_POINT ( 'NONE',  ( 10.51133605906845148, -24.76759449452900341, -3.000000000000000000 ) ) ;
#3018 = CARTESIAN_POINT ( 'NONE',  ( -1.609655412721124890, 19.00778787625439037, -13.42115345235057688 ) ) ;
#3019 = ORIENTED_EDGE ( 'NONE', *, *, #7558, .T. ) ;
#3020 = DIRECTION ( 'NONE',  ( -0.000000000000000000, -0.000000000000000000, 1.000000000000000000 ) ) ;
#3021 = CARTESIAN_POINT ( 'NONE',  ( 21.70695529562408055, -37.54721365632097729, 1.000000000000000000 ) ) ;
#3022 = CARTESIAN_POINT ( 'NONE',  ( 7.641505723071308154, -29.45492736082865548, 1.000000000000000000 ) ) ;
#3023 = AXIS2_PLACEMENT_3D ( 'NONE', #3032, #723, #5576 ) ;
#3024 = ORIENTED_EDGE ( 'NONE', *, *, #5152, .F. ) ;
#3025 = AXIS2_PLACEMENT_3D ( 'NONE', #2345, #1693, #7108 ) ;
#3026 = CARTESIAN_POINT ( 'NONE',  ( 13.90529854754392147, -32.63437102696826742, 0.9999999999997316591 ) ) ;
#3027 = CARTESIAN_POINT ( 'NONE',  ( 42.50367785261521192, -0.9338809330280339882, -1.000000000000000000 ) ) ;
#3028 = CIRCLE ( 'NONE', #5528, 2.600000000000001421 ) ;
#3029 = LINE ( 'NONE', #2479, #3748 ) ;
#3030 = ORIENTED_EDGE ( 'NONE', *, *, #3543, .T. ) ;
#3031 = CARTESIAN_POINT ( 'NONE',  ( 23.81365453852761505, -29.17929344685962789, 1.000000000000000000 ) ) ;
#3032 = CARTESIAN_POINT ( 'NONE',  ( 3.396721997073072874, 1.876083684937086327, -9.451567670042738456 ) ) ;
#3033 = DIRECTION ( 'NONE',  ( -1.238178564962006334E-44, 1.380205382051887209E-16, -1.000000000000000000 ) ) ;
#3034 = ADVANCED_FACE ( 'NONE', ( #4041 ), #4078, .T. ) ;
#3035 = DIRECTION ( 'NONE',  ( 0.000000000000000000, -1.000000000000000000, -0.000000000000000000 ) ) ;
#3036 = ORIENTED_EDGE ( 'NONE', *, *, #7331, .F. ) ;
#3037 = EDGE_LOOP ( 'NONE', ( #3984, #1612, #690, #3933 ) ) ;
#3038 = LINE ( 'NONE', #4243, #4979 ) ;
#3039 = VECTOR ( 'NONE', #2908, 1000.000000000000000 ) ;
#3040 = CARTESIAN_POINT ( 'NONE',  ( 42.50367785261521192, -8.763023730668722422, -2.000000000000014655 ) ) ;
#3041 = DIRECTION ( 'NONE',  ( -0.000000000000000000, -1.000000000000000000, -0.000000000000000000 ) ) ;
#3042 = CARTESIAN_POINT ( 'NONE',  ( 11.83584389383937285, -37.54200983845990436, 1.000000000000000000 ) ) ;
#3043 = PLANE ( 'NONE',  #1599 ) ;
#3044 = ORIENTED_EDGE ( 'NONE', *, *, #536, .F. ) ;
#3045 = VERTEX_POINT ( 'NONE', #3450 ) ;
#3046 = FACE_OUTER_BOUND ( 'NONE', #6419, .T. ) ;
#3047 = ORIENTED_EDGE ( 'NONE', *, *, #283, .T. ) ;
#3048 = CIRCLE ( 'NONE', #2048, 2.000000000000000000 ) ;
#3049 = FACE_OUTER_BOUND ( 'NONE', #382, .T. ) ;
#3050 = FACE_OUTER_BOUND ( 'NONE', #1073, .T. ) ;
#3051 = CARTESIAN_POINT ( 'NONE',  ( 42.50367785261521192, -8.763023730668720646, -9.592411343199959362 ) ) ;
#3052 = VERTEX_POINT ( 'NONE', #2945 ) ;
#3053 = VECTOR ( 'NONE', #2095, 1000.000000000000000 ) ;
#3054 = CARTESIAN_POINT ( 'NONE',  ( 48.07854296372197922, -8.626537619883475116, -11.50000000000000355 ) ) ;
#3055 = EDGE_CURVE ( 'NONE', #2924, #5134, #3048, .T. ) ;
#3056 = DIRECTION ( 'NONE',  ( 1.000000000000000000, 0.000000000000000000, 0.000000000000000000 ) ) ;
#3057 = VERTEX_POINT ( 'NONE', #7750 ) ;
#3058 = DIRECTION ( 'NONE',  ( -0.000000000000000000, -1.000000000000000000, -0.000000000000000000 ) ) ;
#3059 = ORIENTED_EDGE ( 'NONE', *, *, #1115, .F. ) ;
#3060 = CARTESIAN_POINT ( 'NONE',  ( 7.323732930487381054, -45.61841504291471239, -13.26766223891080720 ) ) ;
#3061 = CARTESIAN_POINT ( 'NONE',  ( 22.56033158786058124, -37.03408016964936422, 1.000000000000000222 ) ) ;
#3062 = CARTESIAN_POINT ( 'NONE',  ( 44.21615726698036042, -25.67721764505392912, -4.163148035801221170 ) ) ;
#3063 = ORIENTED_EDGE ( 'NONE', *, *, #3010, .T. ) ;
#3064 = CARTESIAN_POINT ( 'NONE',  ( 14.44759692764217895, -33.19273077376674053, 1.000000000000000000 ) ) ;
#3065 = ADVANCED_FACE ( 'NONE', ( #7086 ), #4541, .T. ) ;
#3066 = CYLINDRICAL_SURFACE ( 'NONE', #2233, 2.000000000000001776 ) ;
#3067 = CARTESIAN_POINT ( 'NONE',  ( 21.07494482623190990, -27.96623657641983485, 1.000000000000000000 ) ) ;
#3068 = ORIENTED_EDGE ( 'NONE', *, *, #412, .T. ) ;
#3069 = CARTESIAN_POINT ( 'NONE',  ( 23.75229684886668835, -29.94993370336016270, 0.5000000000000000000 ) ) ;
#3070 = FACE_OUTER_BOUND ( 'NONE', #3650, .T. ) ;
#3071 = CARTESIAN_POINT ( 'NONE',  ( 7.152435834227891753, -29.76254819450161193, 0.5000000000000000000 ) ) ;
#3072 = EDGE_CURVE ( 'NONE', #7019, #4515, #1105, .T. ) ;
#3073 = DIRECTION ( 'NONE',  ( 1.000000000000000000, -1.445602896647341382E-16, 0.000000000000000000 ) ) ;
#3074 = ORIENTED_EDGE ( 'NONE', *, *, #4489, .F. ) ;
#3075 = ORIENTED_EDGE ( 'NONE', *, *, #2476, .T. ) ;
#3076 = VERTEX_POINT ( 'NONE', #7346 ) ;
#3077 = CARTESIAN_POINT ( 'NONE',  ( 45.87309483438121305, 11.33447814960963917, -6.285192739890222313 ) ) ;
#3078 = PLANE ( 'NONE',  #5479 ) ;
#3079 = EDGE_CURVE ( 'NONE', #1118, #2592, #5815, .T. ) ;
#3080 = DIRECTION ( 'NONE',  ( 1.000000000000000000, 0.000000000000000000, 0.000000000000000000 ) ) ;
#3081 = CARTESIAN_POINT ( 'NONE',  ( 24.07858808613553947, -36.14383984611837519, 0.4999999999999998890 ) ) ;
#3082 = CARTESIAN_POINT ( 'NONE',  ( 47.48286430354961851, -41.11841504291471949, -2.000000000000000000 ) ) ;
#3083 = VECTOR ( 'NONE', #2861, 1000.000000000000000 ) ;
#3084 = CARTESIAN_POINT ( 'NONE',  ( 10.63354086601906978, -43.29767075805705900, -1.201502112509220233 ) ) ;
#3085 = FACE_OUTER_BOUND ( 'NONE', #3434, .T. ) ;
#3086 = DIRECTION ( 'NONE',  ( 0.000000000000000000, 0.000000000000000000, -1.000000000000000000 ) ) ;
#3087 = VECTOR ( 'NONE', #6468, 1000.000000000000000 ) ;
#3088 = DIRECTION ( 'NONE',  ( 0.000000000000000000, -1.000000000000000000, -0.000000000000000000 ) ) ;
#3089 = EDGE_CURVE ( 'NONE', #5106, #5709, #5957, .T. ) ;
#3090 = CARTESIAN_POINT ( 'NONE',  ( 44.48286430354959720, 21.24374527427767845, 1.000000000000000000 ) ) ;
#3091 = VECTOR ( 'NONE', #1440, 1000.000000000000000 ) ;
#3092 = ORIENTED_EDGE ( 'NONE', *, *, #1051, .T. ) ;
#3093 = VECTOR ( 'NONE', #1979, 1000.000000000000000 ) ;
#3094 = CARTESIAN_POINT ( 'NONE',  ( 18.36002891568466566, -35.52044737540790464, 1.000000000000000000 ) ) ;
#3095 = DIRECTION ( 'NONE',  ( 0.000000000000000000, 0.000000000000000000, -1.000000000000000000 ) ) ;
#3096 = LINE ( 'NONE', #2663, #3205 ) ;
#3097 = ORIENTED_EDGE ( 'NONE', *, *, #4449, .T. ) ;
#3098 = CARTESIAN_POINT ( 'NONE',  ( 12.95826245230618134, -29.95010495614890544, 0.5000000000000000000 ) ) ;
#3099 = CIRCLE ( 'NONE', #7000, 2.999999999999998668 ) ;
#3100 = VECTOR ( 'NONE', #1108, 1000.000000000000000 ) ;
#3101 = FACE_OUTER_BOUND ( 'NONE', #6269, .T. ) ;
#3102 = EDGE_CURVE ( 'NONE', #3619, #4897, #5940, .T. ) ;
#3103 = CARTESIAN_POINT ( 'NONE',  ( 20.45753153039597194, -28.06377229495597092, 1.000000000000000000 ) ) ;
#3104 = ORIENTED_EDGE ( 'NONE', *, *, #3089, .T. ) ;
#3105 = CARTESIAN_POINT ( 'NONE',  ( 21.38921111492838989, -28.45171438562152133, 1.000000000000016875 ) ) ;
#3106 = EDGE_CURVE ( 'NONE', #13, #5427, #1216, .T. ) ;
#3107 = VECTOR ( 'NONE', #5650, 1000.000000000000000 ) ;
#3108 = CARTESIAN_POINT ( 'NONE',  ( 7.620067560892290537, -29.46764490646226875, 0.5000000000000000000 ) ) ;
#3109 = CARTESIAN_POINT ( 'NONE',  ( 5.443766477962406647, -45.61841504291471239, -1.000000000000000000 ) ) ;
#3110 = EDGE_CURVE ( 'NONE', #1614, #4142, #633, .T. ) ;
#3111 = CARTESIAN_POINT ( 'NONE',  ( 37.72555838147486185, 11.54623778400322465, -1.000000000000000000 ) ) ;
#3112 = VERTEX_POINT ( 'NONE', #4817 ) ;
#3113 = VECTOR ( 'NONE', #3138, 1000.000000000000000 ) ;
#3114 = ORIENTED_EDGE ( 'NONE', *, *, #4092, .T. ) ;
#3115 = ORIENTED_EDGE ( 'NONE', *, *, #4844, .F. ) ;
#3116 = FACE_OUTER_BOUND ( 'NONE', #5550, .T. ) ;
#3117 = CARTESIAN_POINT ( 'NONE',  ( 8.860868406421179344, -36.87837889222202392, 0.9999999999999997780 ) ) ;
#3118 = ADVANCED_BREP_SHAPE_REPRESENTATION ( '0808 V2 \X2\591658f3\X0\', ( #5607, #94 ), #2354 ) ;
#3119 = DIRECTION ( 'NONE',  ( 8.042586066086100112E-17, 3.070295484789979924E-17, 1.000000000000000000 ) ) ;
#3120 = EDGE_CURVE ( 'NONE', #3273, #2218, #674, .T. ) ;
#3121 = ORIENTED_EDGE ( 'NONE', *, *, #5956, .T. ) ;
#3122 = EDGE_CURVE ( 'NONE', #4395, #3310, #37, .T. ) ;
#3123 = VECTOR ( 'NONE', #805, 1000.000000000000000 ) ;
#3124 = FACE_BOUND ( 'NONE', #5419, .T. ) ;
#3125 = DIRECTION ( 'NONE',  ( 1.012926086421548048E-15, -1.000000000000000000, -0.000000000000000000 ) ) ;
#3126 = LINE ( 'NONE', #3698, #3648 ) ;
#3127 = CARTESIAN_POINT ( 'NONE',  ( 37.02555838147499401, -41.61841504291471239, -1.000000000000000000 ) ) ;
#3128 = DIRECTION ( 'NONE',  ( 1.012926086421548048E-15, -1.000000000000000000, 0.000000000000000000 ) ) ;
#3129 = ADVANCED_FACE ( 'NONE', ( #2583 ), #1920, .F. ) ;
#3130 = DIRECTION ( 'NONE',  ( 1.000000000000000000, 0.000000000000000000, 0.000000000000000000 ) ) ;
#3131 = DIRECTION ( 'NONE',  ( -1.000000000000000000, 0.000000000000000000, 0.000000000000000000 ) ) ;
#3132 = ORIENTED_EDGE ( 'NONE', *, *, #3774, .F. ) ;
#3133 = CARTESIAN_POINT ( 'NONE',  ( 20.14627215451178444, -36.56395604809495126, 1.000000000000000000 ) ) ;
#3134 = CARTESIAN_POINT ( 'NONE',  ( 6.139639787846713936, -29.93546602828249448, 1.000000000000000000 ) ) ;
#3135 = CYLINDRICAL_SURFACE ( 'NONE', #1842, 1.549999999999922995 ) ;
#3136 = ORIENTED_EDGE ( 'NONE', *, *, #1484, .F. ) ;
#3137 = CARTESIAN_POINT ( 'NONE',  ( 7.931009258425566699, -28.72201020960204332, 1.000000000000000000 ) ) ;
#3138 = DIRECTION ( 'NONE',  ( -1.000000000000000000, -2.835988470872018010E-33, 8.042586066086100112E-17 ) ) ;
#3139 = CARTESIAN_POINT ( 'NONE',  ( 27.73338076306244915, -31.97260846456628869, 1.250000000000000000 ) ) ;
#3140 = PLANE ( 'NONE',  #3624 ) ;
#3141 = ORIENTED_EDGE ( 'NONE', *, *, #3055, .T. ) ;
#3142 = VECTOR ( 'NONE', #1102, 1000.000000000000000 ) ;
#3143 = CARTESIAN_POINT ( 'NONE',  ( 18.68884112000392150, -29.30499537766722185, 1.000000000000472955 ) ) ;
#3144 = PLANE ( 'NONE',  #5018 ) ;
#3145 = DIRECTION ( 'NONE',  ( -1.000000000000000000, 0.000000000000000000, 0.000000000000000000 ) ) ;
#3146 = CARTESIAN_POINT ( 'NONE',  ( 2.890344587278875998, -44.11841504291471949, -2.000000000000000000 ) ) ;
#3147 = AXIS2_PLACEMENT_3D ( 'NONE', #7072, #2934, #3398 ) ;
#3148 = ORIENTED_EDGE ( 'NONE', *, *, #1817, .F. ) ;
#3149 = EDGE_CURVE ( 'NONE', #4515, #4667, #4932, .T. ) ;
#3150 = ORIENTED_EDGE ( 'NONE', *, *, #1744, .F. ) ;
#3151 = CARTESIAN_POINT ( 'NONE',  ( 44.36295186973670468, -4.456046650082968519, -1.000000000000000000 ) ) ;
#3152 = LINE ( 'NONE', #3228, #6496 ) ;
#3153 = VECTOR ( 'NONE', #1757, 1000.000000000000000 ) ;
#3154 = DIRECTION ( 'NONE',  ( 1.000000000000000000, -1.421904488505578915E-16, 0.000000000000000000 ) ) ;
#3155 = FACE_BOUND ( 'NONE', #254, .T. ) ;
#3156 = VERTEX_POINT ( 'NONE', #3599 ) ;
#3157 = AXIS2_PLACEMENT_3D ( 'NONE', #1286, #59, #137 ) ;
#3158 = FACE_BOUND ( 'NONE', #5236, .T. ) ;
#3159 = CARTESIAN_POINT ( 'NONE',  ( 18.41410195745916312, -29.46747365366959315, -1.000000000000000000 ) ) ;
#3160 = CARTESIAN_POINT ( 'NONE',  ( 41.96106399535297982, 10.57728446746354045, -9.592411343199959362 ) ) ;
#3161 = CARTESIAN_POINT ( 'NONE',  ( 16.93367418440681860, -29.93529477549403239, 1.000000000000000000 ) ) ;
#3162 = ORIENTED_EDGE ( 'NONE', *, *, #4507, .F. ) ;
#3163 = DIRECTION ( 'NONE',  ( -1.000000000000000000, 1.421904488505578915E-16, 0.000000000000000000 ) ) ;
#3164 = VECTOR ( 'NONE', #175, 1000.000000000000000 ) ;
#3165 = LINE ( 'NONE', #1485, #4231 ) ;
#3166 = CARTESIAN_POINT ( 'NONE',  ( 42.50367785261521192, -8.763023730668720646, -1.000000000000000000 ) ) ;
#3167 = VERTEX_POINT ( 'NONE', #787 ) ;
#3168 = CARTESIAN_POINT ( 'NONE',  ( -1.609655412721121781, -41.61841504291468397, -1.000000000000000000 ) ) ;
#3169 = EDGE_CURVE ( 'NONE', #3057, #13, #6440, .T. ) ;
#3170 = CARTESIAN_POINT ( 'NONE',  ( 32.48338076306245625, -31.97260846456628869, 1.250000000000000000 ) ) ;
#3171 = DIRECTION ( 'NONE',  ( -0.000000000000000000, -0.000000000000000000, 1.000000000000000000 ) ) ;
#3172 = VERTEX_POINT ( 'NONE', #6749 ) ;
#3173 = CARTESIAN_POINT ( 'NONE',  ( 10.59517671822102791, -28.45188563532446580, 0.5000000000000000000 ) ) ;
#3174 = LINE ( 'NONE', #230, #3831 ) ;
#3175 = CARTESIAN_POINT ( 'NONE',  ( 12.82033012497712221, -27.06847516654442032, -3.000000000000000000 ) ) ;
#3176 = ORIENTED_EDGE ( 'NONE', *, *, #6422, .F. ) ;
#3177 = LINE ( 'NONE', #1261, #4886 ) ;
#3178 = VERTEX_POINT ( 'NONE', #2472 ) ;
#3179 = CARTESIAN_POINT ( 'NONE',  ( 18.72504365498605949, -28.72183895681114763, 1.000000000000000000 ) ) ;
#3180 = FACE_OUTER_BOUND ( 'NONE', #5386, .T. ) ;
#3181 = PLANE ( 'NONE',  #2951 ) ;
#3182 = CARTESIAN_POINT ( 'NONE',  ( 21.65269827512610235, -37.03574678458483049, 0.4999999999999998890 ) ) ;
#3183 = VERTEX_POINT ( 'NONE', #6677 ) ;
#3184 = ADVANCED_FACE ( 'NONE', ( #7197 ), #6841, .T. ) ;
#3185 = EDGE_LOOP ( 'NONE', ( #5653, #6811, #7645, #2694 ) ) ;
#3186 = DIRECTION ( 'NONE',  ( -8.042586066086100112E-17, -3.070295484789979924E-17, -1.000000000000000000 ) ) ;
#3187 = DIRECTION ( 'NONE',  ( 0.000000000000000000, -1.000000000000000000, 0.000000000000000000 ) ) ;
#3188 = ADVANCED_FACE ( 'NONE', ( #7148 ), #2236, .F. ) ;
#3189 = FACE_OUTER_BOUND ( 'NONE', #1704, .T. ) ;
#3190 = LINE ( 'NONE', #5549, #3093 ) ;
#3191 = ORIENTED_EDGE ( 'NONE', *, *, #4992, .F. ) ;
#3192 = EDGE_CURVE ( 'NONE', #4072, #6339, #2859, .T. ) ;
#3193 = ORIENTED_EDGE ( 'NONE', *, *, #6964, .T. ) ;
#3194 = FACE_OUTER_BOUND ( 'NONE', #1309, .T. ) ;
#3195 = CARTESIAN_POINT ( 'NONE',  ( 13.81597595476640095, -30.49476818921873544, 1.000000000000000000 ) ) ;
#3196 = CARTESIAN_POINT ( 'NONE',  ( 16.09972455567071847, -31.04392948562291821, 1.000000000000000000 ) ) ;
#3197 = CARTESIAN_POINT ( 'NONE',  ( -0.1096554127211213370, -41.11841504291471949, -2.000000000000000000 ) ) ;
#3198 = VECTOR ( 'NONE', #5893, 1000.000000000000000 ) ;
#3199 = CARTESIAN_POINT ( 'NONE',  ( 37.72555838147485474, -8.763023730668720646, -1.000000000000000000 ) ) ;
#3200 = CARTESIAN_POINT ( 'NONE',  ( 2.390344587278876443, -41.61841504291471949, -1.000000000000000000 ) ) ;
#3201 = ORIENTED_EDGE ( 'NONE', *, *, #3569, .T. ) ;
#3202 = VERTEX_POINT ( 'NONE', #1766 ) ;
#3203 = LINE ( 'NONE', #863, #4800 ) ;
#3204 = EDGE_CURVE ( 'NONE', #4478, #4911, #3290, .T. ) ;
#3205 = VECTOR ( 'NONE', #5050, 1000.000000000000000 ) ;
#3206 = CARTESIAN_POINT ( 'NONE',  ( 6.293910055243652657, -34.37035389997883073, 0.9999999999998645528 ) ) ;
#3207 = DIRECTION ( 'NONE',  ( 1.000000000000000000, 0.000000000000000000, -8.042586066086100112E-17 ) ) ;
#3208 = ORIENTED_EDGE ( 'NONE', *, *, #3016, .F. ) ;
#3209 = CARTESIAN_POINT ( 'NONE',  ( 10.32765358255277377, -28.46469865027628288, 0.5000000000000000000 ) ) ;
#3210 = CARTESIAN_POINT ( 'NONE',  ( 46.08259321813340392, 10.28286628251796131, -5.000000000000000000 ) ) ;
#3211 = LINE ( 'NONE', #189, #2362 ) ;
#3212 = EDGE_CURVE ( 'NONE', #986, #6949, #1800, .T. ) ;
#3213 = VECTOR ( 'NONE', #286, 1000.000000000000000 ) ;
#3214 = ORIENTED_EDGE ( 'NONE', *, *, #1099, .T. ) ;
#3215 = ADVANCED_FACE ( 'NONE', ( #4029 ), #3439, .F. ) ;
#3216 = CARTESIAN_POINT ( 'NONE',  ( 24.73298660163458607, -30.77782680373686475, 1.000000000000000000 ) ) ;
#3217 = ORIENTED_EDGE ( 'NONE', *, *, #4922, .F. ) ;
#3218 = DIRECTION ( 'NONE',  ( -1.238178564962006334E-44, 1.380205382051887209E-16, -1.000000000000000000 ) ) ;
#3219 = CARTESIAN_POINT ( 'NONE',  ( 21.51866617321751107, -28.45437214051003139, 0.5000000000000000000 ) ) ;
#3220 = CARTESIAN_POINT ( 'NONE',  ( 18.41410195745270784, -29.46747365367343718, -1.000000000000000000 ) ) ;
#3221 = VECTOR ( 'NONE', #6146, 1000.000000000000000 ) ;
#3222 = VECTOR ( 'NONE', #4433, 1000.000000000000000 ) ;
#3223 = CARTESIAN_POINT ( 'NONE',  ( -3.109655412721124002, -41.11841504291472660, -11.50000000000000000 ) ) ;
#3224 = CARTESIAN_POINT ( 'NONE',  ( 16.31756455418702245, -32.19849050725370176, 0.5000000000000000000 ) ) ;
#3225 = VERTEX_POINT ( 'NONE', #5288 ) ;
#3226 = AXIS2_PLACEMENT_3D ( 'NONE', #5178, #6482, #7597 ) ;
#3227 = LINE ( 'NONE', #5030, #2498 ) ;
#3228 = CARTESIAN_POINT ( 'NONE',  ( 44.22735356466323964, -45.61841504291471949, -8.884504751596059791 ) ) ;
#3229 = CARTESIAN_POINT ( 'NONE',  ( 24.76539560396886586, -33.18920079982924420, 0.5000000000000000000 ) ) ;
#3230 = VECTOR ( 'NONE', #5637, 1000.000000000000000 ) ;
#3231 = FACE_OUTER_BOUND ( 'NONE', #7466, .T. ) ;
#3232 = EDGE_LOOP ( 'NONE', ( #3132, #2928 ) ) ;
#3233 = ORIENTED_EDGE ( 'NONE', *, *, #7263, .T. ) ;
#3234 = DIRECTION ( 'NONE',  ( 0.000000000000000000, 0.000000000000000000, -1.000000000000000000 ) ) ;
#3235 = CYLINDRICAL_SURFACE ( 'NONE', #4530, 4.999999999999997335 ) ;
#3236 = CARTESIAN_POINT ( 'NONE',  ( 18.43554011963158956, -29.45475610803990207, 1.000000000000000000 ) ) ;
#3237 = EDGE_CURVE ( 'NONE', #7293, #2528, #2315, .T. ) ;
#3238 = CARTESIAN_POINT ( 'NONE',  ( 5.925558381474851366, -8.763023730668722422, -1.000000000000000000 ) ) ;
#3239 = CARTESIAN_POINT ( 'NONE',  ( 3.396721997073072874, 1.876083684937086327, -1.000000000000000888 ) ) ;
#3240 = EDGE_CURVE ( 'NONE', #4425, #964, #1045, .T. ) ;
#3241 = DIRECTION ( 'NONE',  ( 0.000000000000000000, -1.000000000000000000, -0.000000000000000000 ) ) ;
#3242 = ORIENTED_EDGE ( 'NONE', *, *, #2242, .F. ) ;
#3243 = EDGE_LOOP ( 'NONE', ( #6802, #125, #812, #472 ) ) ;
#3244 = DIRECTION ( 'NONE',  ( -1.000000000000000000, 0.000000000000000000, 0.000000000000000000 ) ) ;
#3245 = CARTESIAN_POINT ( 'NONE',  ( 6.475005808442029220, -34.57909395101958694, 0.9999999999998001599 ) ) ;
#3246 = ADVANCED_FACE ( 'NONE', ( #3626 ), #1944, .F. ) ;
#3247 = DIRECTION ( 'NONE',  ( 1.000000000000000000, 0.000000000000000000, 0.000000000000000000 ) ) ;
#3248 = ORIENTED_EDGE ( 'NONE', *, *, #3110, .T. ) ;
#3249 = CARTESIAN_POINT ( 'NONE',  ( -1.609655412721123557, -16.81500368935729028, -9.761502062182218609 ) ) ;
#3250 = FACE_OUTER_BOUND ( 'NONE', #5368, .T. ) ;
#3251 = FACE_OUTER_BOUND ( 'NONE', #1885, .T. ) ;
#3252 = VECTOR ( 'NONE', #2055, 1000.000000000000000 ) ;
#3253 = ORIENTED_EDGE ( 'NONE', *, *, #7258, .T. ) ;
#3254 = DIRECTION ( 'NONE',  ( -8.042586066086100112E-17, -3.070295484789979924E-17, -1.000000000000000000 ) ) ;
#3255 = VERTEX_POINT ( 'NONE', #1361 ) ;
#3256 = CARTESIAN_POINT ( 'NONE',  ( 2.135016159205056496, 19.39267481122346837, -9.047210079157837370 ) ) ;
#3257 = DIRECTION ( 'NONE',  ( 0.000000000000000000, -3.070295484789979924E-17, -1.000000000000000000 ) ) ;
#3258 = CARTESIAN_POINT ( 'NONE',  ( 16.87916049426228327, -34.21350329640225851, -1.000000000000000000 ) ) ;
#3259 = CIRCLE ( 'NONE', #2634, 0.8000000000000020428 ) ;
#3260 = CARTESIAN_POINT ( 'NONE',  ( -3.109655412721123557, -16.81500368935729028, -9.761502062182218609 ) ) ;
#3261 = CARTESIAN_POINT ( 'NONE',  ( 42.50367785261521192, -0.9338809330280339882, -9.451567670042738456 ) ) ;
#3262 = VECTOR ( 'NONE', #4300, 1000.000000000000000 ) ;
#3263 = FACE_OUTER_BOUND ( 'NONE', #5684, .T. ) ;
#3264 = VERTEX_POINT ( 'NONE', #741 ) ;
#3265 = FACE_OUTER_BOUND ( 'NONE', #4353, .T. ) ;
#3266 = DIRECTION ( 'NONE',  ( 0.000000000000000000, -1.000000000000000000, 3.070295484789979924E-17 ) ) ;
#3267 = ADVANCED_FACE ( 'NONE', ( #1876 ), #6048, .T. ) ;
#3268 = CARTESIAN_POINT ( 'NONE',  ( 8.961336059068528925, -24.76759449452900341, -4.663148035801218505 ) ) ;
#3269 = VECTOR ( 'NONE', #7157, 1000.000000000000000 ) ;
#3270 = VECTOR ( 'NONE', #1127, 1000.000000000000000 ) ;
#3271 = CARTESIAN_POINT ( 'NONE',  ( 20.17268996208746756, -28.67040102189939432, 0.4999999999999998890 ) ) ;
#3272 = ORIENTED_EDGE ( 'NONE', *, *, #7069, .F. ) ;
#3273 = VERTEX_POINT ( 'NONE', #2386 ) ;
#3274 = VECTOR ( 'NONE', #4683, 1000.000000000000000 ) ;
#3275 = CARTESIAN_POINT ( 'NONE',  ( 16.39124248051541244, -33.10620527319663609, -1.000000000000000000 ) ) ;
#3276 = DIRECTION ( 'NONE',  ( 1.000000000000000000, -0.000000000000000000, -0.000000000000000000 ) ) ;
#3277 = CARTESIAN_POINT ( 'NONE',  ( 18.47471805501016107, -45.61841504291471239, -3.684504751596059613 ) ) ;
#3278 = CARTESIAN_POINT ( 'NONE',  ( 10.08039246879556217, -36.87349895774678288, 0.5000000000000000000 ) ) ;
#3279 = TOROIDAL_SURFACE ( 'NONE', #2789, 3.000000000000001776, 1.000000000000000000 ) ;
#3280 = FACE_OUTER_BOUND ( 'NONE', #3353, .T. ) ;
#3281 = CARTESIAN_POINT ( 'NONE',  ( 1.096993635644274434, 22.53782452361046040, -13.39277938956145952 ) ) ;
#3282 = EDGE_CURVE ( 'NONE', #2959, #3727, #4929, .T. ) ;
#3283 = ORIENTED_EDGE ( 'NONE', *, *, #2021, .F. ) ;
#3284 = VERTEX_POINT ( 'NONE', #2504 ) ;
#3285 = CARTESIAN_POINT ( 'NONE',  ( 18.41410195745270784, -29.46747365367343718, 1.000000000000000000 ) ) ;
#3286 = CARTESIAN_POINT ( 'NONE',  ( 7.101109346916406828, -35.16368061986624127, 0.5000000000000000000 ) ) ;
#3287 = CARTESIAN_POINT ( 'NONE',  ( 33.45612515595094294, -43.29767075805705900, -6.201502112509223785 ) ) ;
#3288 = ORIENTED_EDGE ( 'NONE', *, *, #565, .F. ) ;
#3289 = EDGE_CURVE ( 'NONE', #4934, #2115, #4327, .T. ) ;
#3290 = CIRCLE ( 'NONE', #3928, 0.8000000000000020428 ) ;
#3291 = CARTESIAN_POINT ( 'NONE',  ( 9.786020522921548448, -28.55012824061664389, 0.5000000000000000000 ) ) ;
#3292 = DIRECTION ( 'NONE',  ( 0.000000000000000000, -1.000000000000000000, -1.380205382052140384E-16 ) ) ;
#3293 = CARTESIAN_POINT ( 'NONE',  ( -0.1096554127211217672, 18.24374527427762160, 1.000000000000000000 ) ) ;
#3294 = ORIENTED_EDGE ( 'NONE', *, *, #2255, .T. ) ;
#3295 = CARTESIAN_POINT ( 'NONE',  ( 24.96932387323683500, -35.33177460533448766, 1.000000000000000222 ) ) ;
#3296 = ORIENTED_EDGE ( 'NONE', *, *, #4812, .T. ) ;
#3297 = AXIS2_PLACEMENT_3D ( 'NONE', #7424, #2036, #4374 ) ;
#3298 = LINE ( 'NONE', #6921, #1033 ) ;
#3299 = FACE_OUTER_BOUND ( 'NONE', #4771, .T. ) ;
#3300 = ADVANCED_FACE ( 'NONE', ( #6739 ), #4770, .F. ) ;
#3301 = DIRECTION ( 'NONE',  ( 2.191703603828919359E-17, 1.000000000000000000, -3.070295484789979924E-17 ) ) ;
#3302 = DIRECTION ( 'NONE',  ( -8.042586066086101344E-17, -3.070295484789979924E-17, -1.000000000000000000 ) ) ;
#3303 = CARTESIAN_POINT ( 'NONE',  ( 18.18107110879548216, -29.02435452518490422, 0.5000000000000000000 ) ) ;
#3304 = ORIENTED_EDGE ( 'NONE', *, *, #171, .T. ) ;
#3305 = DIRECTION ( 'NONE',  ( 8.042586066086100112E-17, 3.070295484789979924E-17, 1.000000000000000000 ) ) ;
#3306 = CARTESIAN_POINT ( 'NONE',  ( 24.29377299407834201, -35.72261608557653290, 0.5000000000000000000 ) ) ;
#3307 = EDGE_CURVE ( 'NONE', #3964, #2316, #3736, .T. ) ;
#3308 = CARTESIAN_POINT ( 'NONE',  ( 46.08259321813340392, 10.28286628251796131, -1.000000000000000000 ) ) ;
#3309 = PRESENTATION_STYLE_ASSIGNMENT (( #928 ) ) ;
#3310 = VERTEX_POINT ( 'NONE', #7185 ) ;
#3311 = EDGE_CURVE ( 'NONE', #4911, #4478, #919, .T. ) ;
#3312 = EDGE_LOOP ( 'NONE', ( #2695, #2742, #6483, #170 ) ) ;
#3313 = CARTESIAN_POINT ( 'NONE',  ( 8.202730447109999545, 15.31055444116485198, -1.000000000000000000 ) ) ;
#3314 = LINE ( 'NONE', #252, #270 ) ;
#3315 = DIRECTION ( 'NONE',  ( 2.191703603828919359E-17, 1.000000000000000000, -3.070295484789979924E-17 ) ) ;
#3316 = CARTESIAN_POINT ( 'NONE',  ( 5.597208083954997804, -33.10637652598546055, 0.5000000000000000000 ) ) ;
#3317 = CARTESIAN_POINT ( 'NONE',  ( 8.202730447109999545, 22.74374527427766068, -2.000000000000010658 ) ) ;
#3318 = ORIENTED_EDGE ( 'NONE', *, *, #6898, .F. ) ;
#3319 = CARTESIAN_POINT ( 'NONE',  ( -0.05350615116394895343, 21.92127583104143440, -13.37226469538633467 ) ) ;
#3320 = ORIENTED_EDGE ( 'NONE', *, *, #4717, .T. ) ;
#3321 = VERTEX_POINT ( 'NONE', #4850 ) ;
#3322 = DIRECTION ( 'NONE',  ( -0.000000000000000000, -0.000000000000000000, 1.000000000000000000 ) ) ;
#3323 = CARTESIAN_POINT ( 'NONE',  ( 8.307112611981663619, -36.00060164554014364, 0.9999999999999332756 ) ) ;
#3324 = CARTESIAN_POINT ( 'NONE',  ( 48.48284034743263504, -41.10457133091323101, -11.50000000000000178 ) ) ;
#3325 = ORIENTED_EDGE ( 'NONE', *, *, #2870, .F. ) ;
#3326 = VECTOR ( 'NONE', #5646, 1000.000000000000000 ) ;
#3327 = CARTESIAN_POINT ( 'NONE',  ( 2.890344587278919075, 24.24374527427766424, -11.50000000000000000 ) ) ;
#3328 = EDGE_CURVE ( 'NONE', #4605, #2568, #4914, .T. ) ;
#3329 = CARTESIAN_POINT ( 'NONE',  ( 5.925558381474851366, -7.832828546790671531, -1.000000000000000000 ) ) ;
#3330 = CARTESIAN_POINT ( 'NONE',  ( 2.890344587278874222, -41.11841504291472660, 1.000000000000000000 ) ) ;
#3331 = EDGE_LOOP ( 'NONE', ( #5338, #2618 ) ) ;
#3332 = CARTESIAN_POINT ( 'NONE',  ( 25.02638236063492627, -31.66410993745772373, 0.9999999999999997780 ) ) ;
#3333 = ORIENTED_EDGE ( 'NONE', *, *, #5138, .T. ) ;
#3334 = AXIS2_PLACEMENT_3D ( 'NONE', #4079, #480, #2912 ) ;
#3335 = CARTESIAN_POINT ( 'NONE',  ( 5.443766477962406647, -45.61841504291471239, -1.000000000000000000 ) ) ;
#3336 = DIRECTION ( 'NONE',  ( 0.5466996064770522912, -0.8373288125210048838, 0.000000000000000000 ) ) ;
#3337 = LINE ( 'NONE', #5142, #6352 ) ;
#3338 = CIRCLE ( 'NONE', #6356, 5.999999999999998224 ) ;
#3339 = CARTESIAN_POINT ( 'NONE',  ( 16.32982148873568207, -32.05805914788620470, 0.4999999999999998890 ) ) ;
#3340 = DIRECTION ( 'NONE',  ( -0.000000000000000000, -0.000000000000000000, 1.000000000000000000 ) ) ;
#3341 = EDGE_LOOP ( 'NONE', ( #5492, #4574, #7491, #7569 ) ) ;
#3342 = EDGE_CURVE ( 'NONE', #228, #6003, #6587, .T. ) ;
#3343 = DIRECTION ( 'NONE',  ( -1.000000000000000000, 1.668303327435289349E-16, 8.042586066086100112E-17 ) ) ;
#3344 = CIRCLE ( 'NONE', #7753, 2.000000000000005329 ) ;
#3345 = DIRECTION ( 'NONE',  ( 1.000000000000000000, 0.000000000000000000, -0.000000000000000000 ) ) ;
#3346 = AXIS2_PLACEMENT_3D ( 'NONE', #6369, #4504, #4070 ) ;
#3347 = LINE ( 'NONE', #7449, #6448 ) ;
#3348 = EDGE_CURVE ( 'NONE', #2659, #648, #1290, .T. ) ;
#3349 = CARTESIAN_POINT ( 'NONE',  ( 49.00749553206704690, 11.33447814960963917, -6.285192739890222313 ) ) ;
#3350 = AXIS2_PLACEMENT_3D ( 'NONE', #5194, #5230, #5792 ) ;
#3351 = ORIENTED_EDGE ( 'NONE', *, *, #7558, .F. ) ;
#3352 = AXIS2_PLACEMENT_3D ( 'NONE', #6840, #4672, #6416 ) ;
#3353 = EDGE_LOOP ( 'NONE', ( #6224, #3810, #7134, #793 ) ) ;
#3354 = CARTESIAN_POINT ( 'NONE',  ( 12.87570095522305458, -29.79416444145359222, -1.000000000000000000 ) ) ;
#3355 = CARTESIAN_POINT ( 'NONE',  ( 12.60806137397554849, -29.46834841033949814, 0.5000000000000001110 ) ) ;
#3356 = CARTESIAN_POINT ( 'NONE',  ( 36.98338076306245625, -31.97260846456628869, 1.000000000000000000 ) ) ;
#3357 = CIRCLE ( 'NONE', #1226, 1.549999999999922995 ) ;
#3358 = CARTESIAN_POINT ( 'NONE',  ( 17.89514374347692183, -35.16350936707747366, 0.5000000000000000000 ) ) ;
#3359 = CARTESIAN_POINT ( 'NONE',  ( 5.597208083954997804, -33.10637652598546055, -1.000000000000000000 ) ) ;
#3360 = FACE_BOUND ( 'NONE', #5985, .T. ) ;
#3361 = VERTEX_POINT ( 'NONE', #1287 ) ;
#3362 = CARTESIAN_POINT ( 'NONE',  ( 2.126301072073159215, 22.74374527427767134, -13.42115342476435025 ) ) ;
#3363 = ORIENTED_EDGE ( 'NONE', *, *, #5024, .F. ) ;
#3364 = PLANE ( 'NONE',  #5681 ) ;
#3365 = CARTESIAN_POINT ( 'NONE',  ( 5.851083538374329152, -33.67762110676403609, 1.000000000000134115 ) ) ;
#3366 = VERTEX_POINT ( 'NONE', #3013 ) ;
#3367 = EDGE_CURVE ( 'NONE', #7528, #1649, #5399, .T. ) ;
#3368 = PLANE ( 'NONE',  #6983 ) ;
#3369 = LINE ( 'NONE', #3329, #4091 ) ;
#3370 = CARTESIAN_POINT ( 'NONE',  ( 44.62180340879233853, 22.70740789571183527, -13.44568912319367371 ) ) ;
#3371 = ORIENTED_EDGE ( 'NONE', *, *, #614, .F. ) ;
#3372 = DIRECTION ( 'NONE',  ( -2.191703603828919359E-17, -1.000000000000000000, 3.070295484789979924E-17 ) ) ;
#3373 = VERTEX_POINT ( 'NONE', #4219 ) ;
#3374 = DIRECTION ( 'NONE',  ( 0.000000000000000000, 1.000000000000000000, 0.000000000000000000 ) ) ;
#3375 = CARTESIAN_POINT ( 'NONE',  ( 50.29444156650455255, 13.33447814960964095, -7.285192739890223201 ) ) ;
#3376 = CARTESIAN_POINT ( 'NONE',  ( 13.24395347446208326, -36.92632242088291150, 1.000000000000000000 ) ) ;
#3377 = CYLINDRICAL_SURFACE ( 'NONE', #2477, 2.599999999999998312 ) ;
#3378 = CARTESIAN_POINT ( 'NONE',  ( 45.39755601137789398, -31.38865712849714384, -9.995492672934574330 ) ) ;
#3379 = ORIENTED_EDGE ( 'NONE', *, *, #4839, .F. ) ;
#3380 = CARTESIAN_POINT ( 'NONE',  ( 50.48282836937413975, -41.09764947491245124, -11.50000000000000178 ) ) ;
#3381 = CARTESIAN_POINT ( 'NONE',  ( 24.35906179596958410, -36.58827749117677541, 1.000000000000000000 ) ) ;
#3382 = EDGE_CURVE ( 'NONE', #6539, #7769, #4286, .T. ) ;
#3383 = DIRECTION ( 'NONE',  ( 1.000000000000000000, 0.000000000000000000, 0.000000000000000000 ) ) ;
#3384 = EDGE_CURVE ( 'NONE', #4523, #7053, #662, .T. ) ;
#3385 = CARTESIAN_POINT ( 'NONE',  ( 18.43554011962059036, -29.45475610804640709, 0.5000000000000000000 ) ) ;
#3386 = AXIS2_PLACEMENT_3D ( 'NONE', #1670, #5867, #3565 ) ;
#3387 = EDGE_LOOP ( 'NONE', ( #7590, #1945, #3752, #2899, #3763, #4421, #763 ) ) ;
#3388 = ORIENTED_EDGE ( 'NONE', *, *, #3237, .T. ) ;
#3389 = CARTESIAN_POINT ( 'NONE',  ( 37.24050430185577198, -39.42070666598473139, -4.663148035801220281 ) ) ;
#3390 = CYLINDRICAL_SURFACE ( 'NONE', #1734, 3.999999999999998224 ) ;
#3391 = VECTOR ( 'NONE', #6175, 1000.000000000000000 ) ;
#3392 = CARTESIAN_POINT ( 'NONE',  ( 16.32232612589858789, -32.51960965101585543, 0.5000000000000000000 ) ) ;
#3393 = EDGE_CURVE ( 'NONE', #899, #1730, #3666, .T. ) ;
#3394 = DIRECTION ( 'NONE',  ( 0.000000000000000000, 0.000000000000000000, -1.000000000000000000 ) ) ;
#3395 = DIRECTION ( 'NONE',  ( -8.042586066086100112E-17, -3.070295484789979924E-17, -1.000000000000000000 ) ) ;
#3396 = AXIS2_PLACEMENT_3D ( 'NONE', #6592, #3703, #4332 ) ;
#3397 = VERTEX_POINT ( 'NONE', #5481 ) ;
#3398 = DIRECTION ( 'NONE',  ( 1.000000000000000000, 0.000000000000000000, 0.000000000000000000 ) ) ;
#3399 = EDGE_LOOP ( 'NONE', ( #7461, #2685, #4537, #5756, #4205, #3785, #249 ) ) ;
#3400 = DIRECTION ( 'NONE',  ( -1.238178564962006334E-44, 1.380205382051887209E-16, -1.000000000000000000 ) ) ;
#3401 = CARTESIAN_POINT ( 'NONE',  ( 8.565525624608998356, -36.15036789961033037, 0.5000000000000000000 ) ) ;
#3402 = ORIENTED_EDGE ( 'NONE', *, *, #3611, .T. ) ;
#3403 = VECTOR ( 'NONE', #1584, 1000.000000000000000 ) ;
#3404 = DIRECTION ( 'NONE',  ( -0.000000000000000000, -0.000000000000000000, 1.000000000000000000 ) ) ;
#3405 = CARTESIAN_POINT ( 'NONE',  ( 5.704479840889034037, -30.38202164935309213, 0.9999999999999997780 ) ) ;
#3406 = LINE ( 'NONE', #5818, #5362 ) ;
#3407 = VERTEX_POINT ( 'NONE', #104 ) ;
#3408 = VECTOR ( 'NONE', #1189, 1000.000000000000000 ) ;
#3409 = CARTESIAN_POINT ( 'NONE',  ( 44.08722585882242839, 19.14266193162950103, -9.047210079157837370 ) ) ;
#3410 = ADVANCED_FACE ( 'NONE', ( #6313, #6943 ), #3816, .T. ) ;
#3411 = ORIENTED_EDGE ( 'NONE', *, *, #3393, .F. ) ;
#3412 = DIRECTION ( 'NONE',  ( -0.000000000000000000, -0.000000000000000000, 1.000000000000000000 ) ) ;
#3413 = CARTESIAN_POINT ( 'NONE',  ( 37.24050430185577198, -39.42070666598473139, -4.663148035801220281 ) ) ;
#3414 = CARTESIAN_POINT ( 'NONE',  ( 14.16762781680172445, -35.33367114584852686, 1.000000000000000000 ) ) ;
#3415 = PLANE ( 'NONE',  #2850 ) ;
#3416 = VECTOR ( 'NONE', #1955, 1000.000000000000000 ) ;
#3417 = CARTESIAN_POINT ( 'NONE',  ( 5.644693691445203498, 10.57728446746354045, -9.592411343199959362 ) ) ;
#3418 = VERTEX_POINT ( 'NONE', #7541 ) ;
#3419 = LINE ( 'NONE', #6420, #5762 ) ;
#3420 = CARTESIAN_POINT ( 'NONE',  ( 23.61831991603009939, -36.62101424421044982, 1.000000000000000000 ) ) ;
#3421 = VERTEX_POINT ( 'NONE', #3857 ) ;
#3422 = VECTOR ( 'NONE', #3986, 1000.000000000000000 ) ;
#3423 = DIRECTION ( 'NONE',  ( -3.199285099137554407E-16, 1.000000000000000000, -0.000000000000000000 ) ) ;
#3424 = LINE ( 'NONE', #1789, #4849 ) ;
#3425 = ADVANCED_FACE ( 'NONE', ( #5634 ), #6231, .T. ) ;
#3426 = VERTEX_POINT ( 'NONE', #3277 ) ;
#3427 = ORIENTED_EDGE ( 'NONE', *, *, #574, .T. ) ;
#3428 = CARTESIAN_POINT ( 'NONE',  ( 48.87309483438121305, -18.65776962898985758, -1.000000000000000000 ) ) ;
#3429 = CARTESIAN_POINT ( 'NONE',  ( 48.00806037650425395, -8.626537619883473340, -11.50000000000000000 ) ) ;
#3430 = CARTESIAN_POINT ( 'NONE',  ( 17.08794445180225452, -34.37018264718794569, 1.000000000000000000 ) ) ;
#3431 = CARTESIAN_POINT ( 'NONE',  ( 33.45612515595094294, -43.29767075805705900, -1.201502112509223119 ) ) ;
#3432 = EDGE_CURVE ( 'NONE', #889, #5993, #1520, .T. ) ;
#3433 = CYLINDRICAL_SURFACE ( 'NONE', #4464, 3.999999999999996447 ) ;
#3434 = EDGE_LOOP ( 'NONE', ( #6876, #1754, #5975, #7111, #186, #2725 ) ) ;
#3435 = ORIENTED_EDGE ( 'NONE', *, *, #3437, .T. ) ;
#3436 = CARTESIAN_POINT ( 'NONE',  ( 23.66973535178347632, -29.79399318866475355, -1.000000000000000000 ) ) ;
#3437 = EDGE_CURVE ( 'NONE', #542, #1245, #2540, .T. ) ;
#3438 = DIRECTION ( 'NONE',  ( 0.000000000000000000, 1.000000000000000000, -0.000000000000000000 ) ) ;
#3439 = PLANE ( 'NONE',  #559 ) ;
#3440 = ORIENTED_EDGE ( 'NONE', *, *, #4873, .T. ) ;
#3441 = CARTESIAN_POINT ( 'NONE',  ( -1.609655412721123335, 10.57728446746354045, -9.592411343199959362 ) ) ;
#3442 = EDGE_CURVE ( 'NONE', #1692, #1159, #2144, .T. ) ;
#3443 = CARTESIAN_POINT ( 'NONE',  ( 2.890344587278874222, -41.11841504291472660, -2.000000000000000000 ) ) ;
#3444 = DIRECTION ( 'NONE',  ( -0.000000000000000000, -0.000000000000000000, 1.000000000000000000 ) ) ;
#3445 = ORIENTED_EDGE ( 'NONE', *, *, #2872, .F. ) ;
#3446 = CARTESIAN_POINT ( 'NONE',  ( -1.609655412721121781, -41.61841504291468397, -13.42912948050400779 ) ) ;
#3447 = EDGE_LOOP ( 'NONE', ( #5385, #1503, #1167, #5000 ) ) ;
#3448 = EDGE_CURVE ( 'NONE', #3255, #6724, #719, .T. ) ;
#3449 = CARTESIAN_POINT ( 'NONE',  ( 37.72555838147485474, -0.9338809330280339882, -9.451567670042738456 ) ) ;
#3450 = CARTESIAN_POINT ( 'NONE',  ( 31.27174601004611887, -45.61841504291471949, -6.201502112509219344 ) ) ;
#3451 = CARTESIAN_POINT ( 'NONE',  ( 13.79565612507799521, -34.77626683936497187, 0.9999999999998662181 ) ) ;
#3452 = ADVANCED_FACE ( 'NONE', ( #6817 ), #5839, .T. ) ;
#3453 = LINE ( 'NONE', #3962, #3969 ) ;
#3454 = LINE ( 'NONE', #4, #764 ) ;
#3455 = ORIENTED_EDGE ( 'NONE', *, *, #1071, .F. ) ;
#3456 = CARTESIAN_POINT ( 'NONE',  ( 44.88722585882243266, 19.14266193162950103, -1.000000000000000888 ) ) ;
#3457 = LINE ( 'NONE', #7608, #5235 ) ;
#3458 = AXIS2_PLACEMENT_3D ( 'NONE', #3324, #2342, #2305 ) ;
#3459 = DIRECTION ( 'NONE',  ( -0.000000000000000000, -0.000000000000000000, 1.000000000000000000 ) ) ;
#3460 = EDGE_CURVE ( 'NONE', #2960, #6114, #3781, .T. ) ;
#3461 = DIRECTION ( 'NONE',  ( 1.000000000000000000, 0.000000000000000000, 0.000000000000000000 ) ) ;
#3462 = VERTEX_POINT ( 'NONE', #68 ) ;
#3463 = VECTOR ( 'NONE', #3783, 1000.000000000000000 ) ;
#3464 = ORIENTED_EDGE ( 'NONE', *, *, #1780, .F. ) ;
#3465 =( GEOMETRIC_REPRESENTATION_CONTEXT ( 3 ) GLOBAL_UNCERTAINTY_ASSIGNED_CONTEXT ( ( #5061 ) ) GLOBAL_UNIT_ASSIGNED_CONTEXT ( ( #5270, #1191, #2957 ) ) REPRESENTATION_CONTEXT ( 'NONE', 'WORKASPACE' ) );
#3466 = LINE ( 'NONE', #1080, #652 ) ;
#3467 = CARTESIAN_POINT ( 'NONE',  ( 13.87866901767988992, -32.43975138599885355, 0.5000000000000002220 ) ) ;
#3468 = B_SPLINE_CURVE_WITH_KNOTS ( 'NONE', 3,
 ( #2046, #6834, #7471, #7518, #2121, #4466 ),
 .UNSPECIFIED., .F., .F.,
 ( 4, 2, 4 ),
 ( 0.02660980254104733031, 0.02672792620200002689, 0.02684604986295272694 ),
 .UNSPECIFIED. ) ;
#3469 = CARTESIAN_POINT ( 'NONE',  ( 15.88219990541121440, -33.01906533309014691, 0.9999999999999997780 ) ) ;
#3470 = AXIS2_PLACEMENT_3D ( 'NONE', #694, #7140, #573 ) ;
#3471 = AXIS2_PLACEMENT_3D ( 'NONE', #688, #5383, #4314 ) ;
#3472 = CARTESIAN_POINT ( 'NONE',  ( 6.384900152022529696, -30.35885743927674696, 0.5000000000000000000 ) ) ;
#3473 = CARTESIAN_POINT ( 'NONE',  ( -1.609655412721123557, 18.24374527427763226, -13.43649167310370807 ) ) ;
#3474 = ORIENTED_EDGE ( 'NONE', *, *, #84, .F. ) ;
#3475 = CARTESIAN_POINT ( 'NONE',  ( 42.43323950058334759, -40.97692647319937720, -6.663148035801221170 ) ) ;
#3476 = VECTOR ( 'NONE', #7743, 1000.000000000000000 ) ;
#3477 = ORIENTED_EDGE ( 'NONE', *, *, #4358, .F. ) ;
#3478 = CARTESIAN_POINT ( 'NONE',  ( 37.24050430185577198, -39.42070666598473139, -1.000000000000000000 ) ) ;
#3479 = EDGE_CURVE ( 'NONE', #1331, #3913, #7702, .T. ) ;
#3480 = CARTESIAN_POINT ( 'NONE',  ( 35.06211638159034294, 15.31055444116484487, -9.592411343199959362 ) ) ;
#3481 = ORIENTED_EDGE ( 'NONE', *, *, #3569, .F. ) ;
#3482 = DIRECTION ( 'NONE',  ( 0.000000000000000000, 0.000000000000000000, -1.000000000000000000 ) ) ;
#3483 = CYLINDRICAL_SURFACE ( 'NONE', #1848, 0.8000000000000055955 ) ;
#3484 = EDGE_CURVE ( 'NONE', #1980, #1649, #2420, .T. ) ;
#3485 = VECTOR ( 'NONE', #3629, 1000.000000000000000 ) ;
#3486 = LINE ( 'NONE', #389, #4604 ) ;
#3487 = ORIENTED_EDGE ( 'NONE', *, *, #6769, .T. ) ;
#3488 = CARTESIAN_POINT ( 'NONE',  ( 2.890344587278897759, 21.24374527427766779, 1.000000000000000000 ) ) ;
#3489 = ORIENTED_EDGE ( 'NONE', *, *, #6656, .T. ) ;
#3490 = DIRECTION ( 'NONE',  ( -1.668303327435289349E-16, -1.000000000000000000, 0.000000000000000000 ) ) ;
#3491 = FACE_OUTER_BOUND ( 'NONE', #6936, .T. ) ;
#3492 = DIRECTION ( 'NONE',  ( -0.9999940109707540215, -0.003460928000372417643, 0.000000000000000000 ) ) ;
#3493 = CARTESIAN_POINT ( 'NONE',  ( 2.596721997073072608, 1.876083684937086327, -1.000000000000000888 ) ) ;
#3494 = CARTESIAN_POINT ( 'NONE',  ( 42.50367785261521192, 4.686048302902208640, -9.451567670042738456 ) ) ;
#3495 = VERTEX_POINT ( 'NONE', #7271 ) ;
#3496 = CARTESIAN_POINT ( 'NONE',  ( 23.42571365346293533, -29.49621185677998625, 0.5000000000000000000 ) ) ;
#3497 = PLANE ( 'NONE',  #5786 ) ;
#3498 = LINE ( 'NONE', #6499, #1174 ) ;
#3499 = CARTESIAN_POINT ( 'NONE',  ( 49.00749553206704690, -8.626537619883473340, -11.50000000000000000 ) ) ;
#3500 = ORIENTED_EDGE ( 'NONE', *, *, #952, .F. ) ;
#3501 = EDGE_LOOP ( 'NONE', ( #6435, #4675, #3092, #1516 ) ) ;
#3502 = ORIENTED_EDGE ( 'NONE', *, *, #1246, .F. ) ;
#3503 = CARTESIAN_POINT ( 'NONE',  ( 10.28016043508238830, -28.44346479849404830, -1.000000000000000000 ) ) ;
#3504 = DIRECTION ( 'NONE',  ( -1.000000000000000000, 0.000000000000000000, 0.000000000000000000 ) ) ;
#3505 = EDGE_CURVE ( 'NONE', #4406, #6949, #1882, .T. ) ;
#3506 = B_SPLINE_CURVE_WITH_KNOTS ( 'NONE', 3,
 ( #1435, #3813, #6228, #853, #2927, #3503, #450, #491, #533, #3354, #2221, #6505, #2886, #5274, #2808, #2259, #7731, #7696, #6394, #5317 ),
 .UNSPECIFIED., .F., .F.,
 ( 4, 1, 1, 1, 1, 1, 1, 1, 1, 1, 1, 1, 1, 1, 1, 1, 1, 4 ),
 ( 0.5000000000000003331, 0.5312500000000003331, 0.5625000000000003331, 0.5937500000000002220, 0.6250000000000002220, 0.6406250000000002220, 0.6562500000000002220, 0.6875000000000002220, 0.7187500000000002220, 0.7500000000000002220, 0.8125000000000001110, 0.8750000000000001110, 0.9062500000000000000, 0.9375000000000000000, 0.9531250000000000000, 0.9687500000000000000, 0.9843750000000000000, 1.000000000000000000 ),
 .UNSPECIFIED. ) ;
#3507 = CARTESIAN_POINT ( 'NONE',  ( 16.92864772866053258, -29.92888564841442189, 1.000000000000000222 ) ) ;
#3508 = AXIS2_PLACEMENT_3D ( 'NONE', #3604, #2591, #6025 ) ;
#3509 = DIRECTION ( 'NONE',  ( 0.000000000000000000, 0.000000000000000000, -1.000000000000000000 ) ) ;
#3510 = CARTESIAN_POINT ( 'NONE',  ( 5.925558381474854031, -0.9338809330280344323, -2.000000000000012879 ) ) ;
#3511 = ORIENTED_EDGE ( 'NONE', *, *, #878, .T. ) ;
#3512 = CARTESIAN_POINT ( 'NONE',  ( 25.16436629349527720, 15.31055444116484487, -9.592411343199959362 ) ) ;
#3513 = ORIENTED_EDGE ( 'NONE', *, *, #5873, .T. ) ;
#3514 = CARTESIAN_POINT ( 'NONE',  ( 25.16436629349527720, 15.31055444116484310, -2.000000000000011102 ) ) ;
#3515 = CARTESIAN_POINT ( 'NONE',  ( 11.76629719129855722, -37.03425142243872870, 1.000000000000000000 ) ) ;
#3516 = ORIENTED_EDGE ( 'NONE', *, *, #2381, .T. ) ;
#3517 = DIRECTION ( 'NONE',  ( -1.000000000000000000, 0.000000000000000000, 0.000000000000000000 ) ) ;
#3518 = CIRCLE ( 'NONE', #3396, 4.999999999999998224 ) ;
#3519 = CARTESIAN_POINT ( 'NONE',  ( 46.35546290908381195, 21.96850899519355238, -13.48290723838724858 ) ) ;
#3520 = ADVANCED_FACE ( 'NONE', ( #4455 ), #5048, .T. ) ;
#3521 = VERTEX_POINT ( 'NONE', #785 ) ;
#3522 = CARTESIAN_POINT ( 'NONE',  ( 35.05612515595094436, -43.29767075805705900, -1.201502112509223563 ) ) ;
#3523 = ORIENTED_EDGE ( 'NONE', *, *, #1238, .T. ) ;
#3524 = CARTESIAN_POINT ( 'NONE',  ( 9.625558381474982994, -12.76479910009956775, 0.000000000000000000 ) ) ;
#3525 = VECTOR ( 'NONE', #4468, 1000.000000000000000 ) ;
#3526 = CARTESIAN_POINT ( 'NONE',  ( 12.34334880155074643, -40.97692647319939141, -6.201502112509218456 ) ) ;
#3527 = ORIENTED_EDGE ( 'NONE', *, *, #1345, .F. ) ;
#3528 = CARTESIAN_POINT ( 'NONE',  ( 11.82166204694395262, -28.78787625734900502, 0.9999999999998467892 ) ) ;
#3529 = CARTESIAN_POINT ( 'NONE',  ( 2.390344587278876443, -41.61841504291471949, -1.000000000000000000 ) ) ;
#3530 = AXIS2_PLACEMENT_3D ( 'NONE', #967, #1603, #6605 ) ;
#3531 = DIRECTION ( 'NONE',  ( -1.000000000000000000, 0.000000000000000000, 0.000000000000000000 ) ) ;
#3532 = EDGE_LOOP ( 'NONE', ( #2681, #5092, #5098, #7552 ) ) ;
#3533 = CARTESIAN_POINT ( 'NONE',  ( 23.60497425972582164, -28.94056762406642491, 1.000000000000000000 ) ) ;
#3534 = CARTESIAN_POINT ( 'NONE',  ( 40.66812483162726721, 1.876083684937086327, -2.000000000000012879 ) ) ;
#3535 = CARTESIAN_POINT ( 'NONE',  ( 44.27741491030285914, 18.24374527427767134, -11.50000000000000000 ) ) ;
#3536 = AXIS2_PLACEMENT_3D ( 'NONE', #1142, #594, #1068 ) ;
#3537 = PLANE ( 'NONE',  #5102 ) ;
#3538 = ORIENTED_EDGE ( 'NONE', *, *, #5212, .T. ) ;
#3539 = ORIENTED_EDGE ( 'NONE', *, *, #6850, .T. ) ;
#3540 = VERTEX_POINT ( 'NONE', #4417 ) ;
#3541 = DIRECTION ( 'NONE',  ( 0.000000000000000000, -1.000000000000000000, 0.000000000000000000 ) ) ;
#3542 = DIRECTION ( 'NONE',  ( -0.000000000000000000, 1.000000000000000000, -0.000000000000000000 ) ) ;
#3543 = EDGE_CURVE ( 'NONE', #5709, #3076, #1490, .T. ) ;
#3544 = VECTOR ( 'NONE', #7486, 1000.000000000000000 ) ;
#3545 = CARTESIAN_POINT ( 'NONE',  ( 21.39628777933410575, -37.50268986762967671, 1.000000000000000222 ) ) ;
#3546 = ADVANCED_FACE ( 'NONE', ( #5128 ), #1530, .F. ) ;
#3547 = CARTESIAN_POINT ( 'NONE',  ( 10.89260417436090478, -37.06145034052673282, -1.000000000000000000 ) ) ;
#3548 = EDGE_LOOP ( 'NONE', ( #7057, #1857, #2371, #7694 ) ) ;
#3549 = ORIENTED_EDGE ( 'NONE', *, *, #3852, .T. ) ;
#3550 = CARTESIAN_POINT ( 'NONE',  ( 0.3512439203877670835, -4.664145929984653272, -2.000000000000013767 ) ) ;
#3551 = DIRECTION ( 'NONE',  ( -1.000000000000000000, 0.000000000000000000, 0.000000000000000000 ) ) ;
#3552 = CARTESIAN_POINT ( 'NONE',  ( 9.352237759943688999, -36.56412729617988333, 0.5000000000000000000 ) ) ;
#3553 = VERTEX_POINT ( 'NONE', #5047 ) ;
#3554 = DIRECTION ( 'NONE',  ( -8.042586066086100112E-17, -3.070295484789979924E-17, -1.000000000000000000 ) ) ;
#3555 = CARTESIAN_POINT ( 'NONE',  ( 44.48286430354961141, -41.11841504291471949, -2.000000000000000000 ) ) ;
#3556 = LINE ( 'NONE', #4623, #4139 ) ;
#3557 = ORIENTED_EDGE ( 'NONE', *, *, #5356, .T. ) ;
#3558 = DIRECTION ( 'NONE',  ( -1.000000000000000000, 0.000000000000000000, 0.000000000000000000 ) ) ;
#3559 = CARTESIAN_POINT ( 'NONE',  ( 20.67823393329310377, -36.78959428089105899, 0.5000000000000000000 ) ) ;
#3560 = CARTESIAN_POINT ( 'NONE',  ( 25.16436629349527720, 15.31055444116484487, -9.592411343199959362 ) ) ;
#3561 = ORIENTED_EDGE ( 'NONE', *, *, #4869, .T. ) ;
#3562 = ADVANCED_FACE ( 'NONE', ( #300 ), #6868, .T. ) ;
#3563 = CARTESIAN_POINT ( 'NONE',  ( 13.94952427437488751, -33.49918859562060902, 0.5000000000000000000 ) ) ;
#3564 = CARTESIAN_POINT ( 'NONE',  ( 41.96106399535297982, 10.57728446746354045, -9.592411343199959362 ) ) ;
#3565 = DIRECTION ( 'NONE',  ( -1.000000000000000000, 0.000000000000000000, 0.000000000000000000 ) ) ;
#3566 = ORIENTED_EDGE ( 'NONE', *, *, #5548, .F. ) ;
#3567 = CARTESIAN_POINT ( 'NONE',  ( 21.90128294851805535, -28.50558167403247012, 0.5000000000000000000 ) ) ;
#3568 = CARTESIAN_POINT ( 'NONE',  ( 23.51167280472278520, -36.69064511513241200, 0.5000000000000000000 ) ) ;
#3569 = EDGE_CURVE ( 'NONE', #6896, #7744, #2581, .T. ) ;
#3570 = DIRECTION ( 'NONE',  ( -1.453169479452033105E-16, 0.000000000000000000, -1.000000000000000000 ) ) ;
#3571 = AXIS2_PLACEMENT_3D ( 'NONE', #5303, #7718, #1107 ) ;
#3572 = DIRECTION ( 'NONE',  ( 0.000000000000000000, 0.000000000000000000, -1.000000000000000000 ) ) ;
#3573 = EDGE_LOOP ( 'NONE', ( #6707, #5555 ) ) ;
#3574 = EDGE_CURVE ( 'NONE', #771, #6016, #6283, .T. ) ;
#3575 = VERTEX_POINT ( 'NONE', #2696 ) ;
#3576 = CARTESIAN_POINT ( 'NONE',  ( 47.98256164536418567, 16.99293638262966510, -6.663148035801223834 ) ) ;
#3577 = CYLINDRICAL_SURFACE ( 'NONE', #3768, 1.000000000000000000 ) ;
#3578 = DIRECTION ( 'NONE',  ( -1.000000000000000000, 0.000000000000000000, 0.000000000000000000 ) ) ;
#3579 = AXIS2_PLACEMENT_3D ( 'NONE', #3197, #4888, #858 ) ;
#3580 = CARTESIAN_POINT ( 'NONE',  ( 5.029268305632152547, -32.55932692889958702, 0.9999999999999995559 ) ) ;
#3581 = VECTOR ( 'NONE', #2647, 1000.000000000000000 ) ;
#3582 = CARTESIAN_POINT ( 'NONE',  ( 12.37842512130065131, -36.89991091884907348, -1.000000000000000000 ) ) ;
#3583 = ORIENTED_EDGE ( 'NONE', *, *, #6017, .F. ) ;
#3584 = FACE_BOUND ( 'NONE', #361, .T. ) ;
#3585 = CARTESIAN_POINT ( 'NONE',  ( 42.43323950058334759, -40.97692647319937720, -11.63931738759456991 ) ) ;
#3586 = CARTESIAN_POINT ( 'NONE',  ( 47.98256164536418567, 16.99293638262966510, -6.663148035801223834 ) ) ;
#3587 = EDGE_CURVE ( 'NONE', #6947, #4108, #5299, .T. ) ;
#3588 = AXIS2_PLACEMENT_3D ( 'NONE', #519, #1589, #6493 ) ;
#3589 = CARTESIAN_POINT ( 'NONE',  ( 34.02555838147497980, -12.76479910009956420, 1.000000000000000000 ) ) ;
#3590 = ORIENTED_EDGE ( 'NONE', *, *, #392, .F. ) ;
#3591 = CARTESIAN_POINT ( 'NONE',  ( 44.48286430354961141, -41.11841504291471949, 1.000000000000000000 ) ) ;
#3592 = CARTESIAN_POINT ( 'NONE',  ( 42.50367785261521192, -8.763023730668720646, -2.000000000000014655 ) ) ;
#3593 = VECTOR ( 'NONE', #6704, 1000.000000000000000 ) ;
#3594 = DIRECTION ( 'NONE',  ( 2.843808977011159309E-16, -1.000000000000000000, -0.000000000000000000 ) ) ;
#3595 = VERTEX_POINT ( 'NONE', #5686 ) ;
#3596 = CARTESIAN_POINT ( 'NONE',  ( 10.51133605906845148, -24.76759449452900341, -1.000000000000000888 ) ) ;
#3597 = CARTESIAN_POINT ( 'NONE',  ( 20.14627215650656211, -36.56395604339208205, 0.5000000000000000000 ) ) ;
#3598 = ADVANCED_FACE ( 'NONE', ( #343 ), #1993, .F. ) ;
#3599 = CARTESIAN_POINT ( 'NONE',  ( 45.68722585882243692, -43.23723148550483586, -6.663148035801221170 ) ) ;
#3600 = ORIENTED_EDGE ( 'NONE', *, *, #2982, .T. ) ;
#3601 = VECTOR ( 'NONE', #5360, 1000.000000000000000 ) ;
#3602 = CARTESIAN_POINT ( 'NONE',  ( 11.10724855195828908, -28.50575292682146866, 0.5000000000000000000 ) ) ;
#3603 = CARTESIAN_POINT ( 'NONE',  ( 12.90726949744076180, -36.54957423647316261, 1.000000000000000000 ) ) ;
#3604 = CARTESIAN_POINT ( 'NONE',  ( 1.335016159205053343, -43.23723148550483586, -1.000000000000000888 ) ) ;
#3605 = EDGE_LOOP ( 'NONE', ( #4373, #5727, #7707, #2465 ) ) ;
#3606 = CARTESIAN_POINT ( 'NONE',  ( 23.75229685228657672, -29.94993370089803975, 1.000000000000336398 ) ) ;
#3607 = CARTESIAN_POINT ( 'NONE',  ( 35.06211638159034294, 15.31055444116484487, -9.592411343199959362 ) ) ;
#3608 = DIRECTION ( 'NONE',  ( 0.000000000000000000, 0.000000000000000000, -1.000000000000000000 ) ) ;
#3609 = FACE_OUTER_BOUND ( 'NONE', #6532, .T. ) ;
#3610 = EDGE_LOOP ( 'NONE', ( #6568, #4883, #1436, #595 ) ) ;
#3611 = EDGE_CURVE ( 'NONE', #2937, #7396, #5603, .T. ) ;
#3612 = VERTEX_POINT ( 'NONE', #2112 ) ;
#3613 = ORIENTED_EDGE ( 'NONE', *, *, #5855, .T. ) ;
#3614 = LINE ( 'NONE', #4171, #5155 ) ;
#3615 = DIRECTION ( 'NONE',  ( 1.000000000000000000, 0.000000000000000000, 0.000000000000000000 ) ) ;
#3616 = FACE_OUTER_BOUND ( 'NONE', #6747, .T. ) ;
#3617 = FACE_OUTER_BOUND ( 'NONE', #6474, .T. ) ;
#3618 = VECTOR ( 'NONE', #3340, 1000.000000000000000 ) ;
#3619 = VERTEX_POINT ( 'NONE', #4538 ) ;
#3620 = CARTESIAN_POINT ( 'NONE',  ( 44.48286430354956877, -47.11841504291472660, -11.50000000000000178 ) ) ;
#3621 = ORIENTED_EDGE ( 'NONE', *, *, #320, .F. ) ;
#3622 = LINE ( 'NONE', #6045, #18 ) ;
#3623 = CARTESIAN_POINT ( 'NONE',  ( -3.609655412721123557, -15.26500368935729135, -7.551502062183216957 ) ) ;
#3624 = AXIS2_PLACEMENT_3D ( 'NONE', #4976, #1338, #1222 ) ;
#3625 = EDGE_CURVE ( 'NONE', #7098, #2757, #7550, .T. ) ;
#3626 = FACE_OUTER_BOUND ( 'NONE', #5208, .T. ) ;
#3627 = EDGE_LOOP ( 'NONE', ( #4757, #663, #4114, #459 ) ) ;
#3628 = LINE ( 'NONE', #1247, #7112 ) ;
#3629 = DIRECTION ( 'NONE',  ( -0.000000000000000000, -0.000000000000000000, 1.000000000000000000 ) ) ;
#3630 = VECTOR ( 'NONE', #7227, 1000.000000000000000 ) ;
#3631 = CYLINDRICAL_SURFACE ( 'NONE', #646, 6.000000000000005329 ) ;
#3632 = EDGE_LOOP ( 'NONE', ( #2230, #7663, #870, #3427 ) ) ;
#3633 = CARTESIAN_POINT ( 'NONE',  ( 42.75536511354717817, -31.38865712849714384, -12.49449136354196099 ) ) ;
#3634 = CARTESIAN_POINT ( 'NONE',  ( 32.48338076306245625, -31.97260846456628869, -1.000000000000000000 ) ) ;
#3635 = DIRECTION ( 'NONE',  ( -1.000000000000000000, -0.000000000000000000, -0.000000000000000000 ) ) ;
#3636 = AXIS2_PLACEMENT_3D ( 'NONE', #6334, #953, #3336 ) ;
#3637 = EDGE_LOOP ( 'NONE', ( #1301, #5413, #2237, #5035 ) ) ;
#3638 = AXIS2_PLACEMENT_3D ( 'NONE', #3200, #898, #6198 ) ;
#3639 = CARTESIAN_POINT ( 'NONE',  ( 12.44746748002167358, -29.28652575858709639, 0.5000000000000000000 ) ) ;
#3640 = DIRECTION ( 'NONE',  ( 1.000000000000000000, 0.000000000000000000, 0.000000000000000000 ) ) ;
#3641 = EDGE_CURVE ( 'NONE', #6439, #7679, #7323, .T. ) ;
#3642 = VECTOR ( 'NONE', #950, 1000.000000000000000 ) ;
#3643 = LINE ( 'NONE', #1925, #2763 ) ;
#3644 = ORIENTED_EDGE ( 'NONE', *, *, #6149, .T. ) ;
#3645 = CARTESIAN_POINT ( 'NONE',  ( 24.27035212799338737, -30.96879509994514734, 0.5000000000000000000 ) ) ;
#3646 = DIRECTION ( 'NONE',  ( 4.891920202254595020E-16, 1.000000000000000000, 1.380205382051887209E-16 ) ) ;
#3647 = CARTESIAN_POINT ( 'NONE',  ( 12.08709184503353384, -36.97284663766716051, 0.5000000000000001110 ) ) ;
#3648 = VECTOR ( 'NONE', #4255, 1000.000000000000000 ) ;
#3649 = CYLINDRICAL_SURFACE ( 'NONE', #5480, 1.550000000000000933 ) ;
#3650 = EDGE_LOOP ( 'NONE', ( #6563, #5379, #6127, #5148 ) ) ;
#3651 = EDGE_LOOP ( 'NONE', ( #7094, #4712, #4740, #821, #601, #5916 ) ) ;
#3652 = ORIENTED_EDGE ( 'NONE', *, *, #3658, .F. ) ;
#3653 = AXIS2_PLACEMENT_3D ( 'NONE', #2522, #3720, #5421 ) ;
#3654 = FACE_OUTER_BOUND ( 'NONE', #6751, .T. ) ;
#3655 = FACE_OUTER_BOUND ( 'NONE', #1814, .T. ) ;
#3656 = VECTOR ( 'NONE', #138, 1000.000000000000000 ) ;
#3657 = DIRECTION ( 'NONE',  ( 1.000000000000000000, 0.000000000000000000, 0.000000000000000000 ) ) ;
#3658 = EDGE_CURVE ( 'NONE', #7780, #5127, #7386, .T. ) ;
#3659 = DIRECTION ( 'NONE',  ( -1.000000000000000000, -1.156482317317871725E-15, 0.000000000000000000 ) ) ;
#3660 = EDGE_LOOP ( 'NONE', ( #2138, #6097, #1622, #1079 ) ) ;
#3661 = CARTESIAN_POINT ( 'NONE',  ( 11.64376998130982166, -28.64276840583305273, 0.5000000000000000000 ) ) ;
#3662 = VERTEX_POINT ( 'NONE', #1445 ) ;
#3663 = VECTOR ( 'NONE', #2312, 1000.000000000000000 ) ;
#3664 = DIRECTION ( 'NONE',  ( -8.042586066086100112E-17, -3.070295484789979924E-17, -1.000000000000000000 ) ) ;
#3665 = CARTESIAN_POINT ( 'NONE',  ( 34.02555838147497980, -12.76479910009956420, -1.000000000000000000 ) ) ;
#3666 = LINE ( 'NONE', #6084, #2295 ) ;
#3667 = EDGE_CURVE ( 'NONE', #6022, #5343, #6814, .T. ) ;
#3668 = LINE ( 'NONE', #2939, #1948 ) ;
#3669 = DIRECTION ( 'NONE',  ( 1.000000000000000000, 8.341577336712751021E-17, 0.000000000000000000 ) ) ;
#3670 = ORIENTED_EDGE ( 'NONE', *, *, #4660, .F. ) ;
#3671 = EDGE_CURVE ( 'NONE', #3057, #6180, #3824, .T. ) ;
#3672 = B_SPLINE_CURVE_WITH_KNOTS ( 'NONE', 3,
 ( #7771, #6285, #6911, #1759, #5923, #575, #3545, #942, #6508, #495, #5883, #4134, #2377, #4759, #5243, #1687, #1165, #2931, #1797, #903, #7102, #7660, #3469, #302, #2264, #2964, #5357, #5087, #5320, #3905, #4059, #2889, #7176, #3507, #7733, #1719, #5279, #4095 ),
 .UNSPECIFIED., .F., .F.,
 ( 4, 2, 2, 2, 2, 2, 2, 2, 2, 2, 2, 2, 2, 2, 2, 2, 2, 2, 4 ),
 ( 0.0003000380540341862265, 0.001237459364984517000, 0.002174880675934847719, 0.003112301986885178656, 0.004049723297835509592, 0.004987144608785840094, 0.005924565919736170597, 0.006861987230686501099, 0.007799408541636832469, 0.008736829852587162104, 0.009674251163537494341, 0.01061167247448782484, 0.01108038312996299964, 0.01154909378543817443, 0.01201780444091335096, 0.01248651509638852575, 0.01342393640733886666, 0.01436135771828920757, 0.01529877902923954848 ),
 .UNSPECIFIED. ) ;
#3673 = LINE ( 'NONE', #3090, #1029 ) ;
#3674 = ORIENTED_EDGE ( 'NONE', *, *, #4688, .T. ) ;
#3675 = CARTESIAN_POINT ( 'NONE',  ( 20.67823393528787790, -36.78959427618819689, 1.000000000000000000 ) ) ;
#3676 = CARTESIAN_POINT ( 'NONE',  ( 6.479786642330054747, -30.30218539128829747, 0.5000000000000000000 ) ) ;
#3677 = EDGE_CURVE ( 'NONE', #4755, #1701, #2620, .T. ) ;
#3678 = ORIENTED_EDGE ( 'NONE', *, *, #3774, .T. ) ;
#3679 = CARTESIAN_POINT ( 'NONE',  ( 13.36149435424281684, -30.70427901689042116, 0.9999999999997665201 ) ) ;
#3680 = CARTESIAN_POINT ( 'NONE',  ( 22.73486341852796500, -28.28042788750867231, 1.000000000000000000 ) ) ;
#3681 = ORIENTED_EDGE ( 'NONE', *, *, #4913, .T. ) ;
#3682 = CARTESIAN_POINT ( 'NONE',  ( 48.00806037650425395, -8.626537619883473340, -11.50000000000000000 ) ) ;
#3683 = CARTESIAN_POINT ( 'NONE',  ( 5.925558381474851366, -7.832828546790671531, -2.000000000000014655 ) ) ;
#3684 = EDGE_CURVE ( 'NONE', #5350, #2115, #3203, .T. ) ;
#3685 = ADVANCED_FACE ( 'NONE', ( #2935 ), #7073, .F. ) ;
#3686 = DIRECTION ( 'NONE',  ( -1.000000000000000000, 0.000000000000000000, 0.000000000000000000 ) ) ;
#3687 = CARTESIAN_POINT ( 'NONE',  ( 8.608240758198650866, -27.06847516654442032, -3.000000000000000000 ) ) ;
#3688 = ORIENTED_EDGE ( 'NONE', *, *, #7074, .F. ) ;
#3689 = ORIENTED_EDGE ( 'NONE', *, *, #3952, .F. ) ;
#3690 = ORIENTED_EDGE ( 'NONE', *, *, #995, .F. ) ;
#3691 = CARTESIAN_POINT ( 'NONE',  ( 42.43323950058334759, -40.97692647319937720, -1.000000000000000000 ) ) ;
#3692 = CARTESIAN_POINT ( 'NONE',  ( 9.137239060987498718, -37.01606439344173793, 1.000000000000000000 ) ) ;
#3693 = CARTESIAN_POINT ( 'NONE',  ( 44.48286430354956877, -45.61024598401353103, -13.43858255572927973 ) ) ;
#3694 = ORIENTED_EDGE ( 'NONE', *, *, #7336, .F. ) ;
#3695 = CARTESIAN_POINT ( 'NONE',  ( 12.90726949744076180, -36.54957423647316261, -1.000000000000000444 ) ) ;
#3696 = VECTOR ( 'NONE', #1731, 1000.000000000000000 ) ;
#3697 = CARTESIAN_POINT ( 'NONE',  ( 24.46512585913088600, -35.25552670649772580, -1.000000000000000000 ) ) ;
#3698 = CARTESIAN_POINT ( 'NONE',  ( 12.82033012497712221, -27.06847516654442032, -3.000000000000000000 ) ) ;
#3699 = DIRECTION ( 'NONE',  ( 1.000000000000000000, 0.000000000000000000, 0.000000000000000000 ) ) ;
#3700 = VECTOR ( 'NONE', #2654, 1000.000000000000000 ) ;
#3701 = CARTESIAN_POINT ( 'NONE',  ( -1.609655412721123557, -23.25500368935529139, -9.761502062182218609 ) ) ;
#3702 = PLANE ( 'NONE',  #4609 ) ;
#3703 = DIRECTION ( 'NONE',  ( -0.000000000000000000, -0.000000000000000000, 1.000000000000000000 ) ) ;
#3704 = AXIS2_PLACEMENT_3D ( 'NONE', #1468, #5626, #2682 ) ;
#3705 = ORIENTED_EDGE ( 'NONE', *, *, #7058, .F. ) ;
#3706 = CIRCLE ( 'NONE', #970, 5.999999999999998224 ) ;
#3707 = CARTESIAN_POINT ( 'NONE',  ( 22.16829076252016506, -37.56201142577393881, 1.000000000000000000 ) ) ;
#3708 = DIRECTION ( 'NONE',  ( -1.000000000000000000, -9.618576135213972309E-16, -0.000000000000000000 ) ) ;
#3709 = CARTESIAN_POINT ( 'NONE',  ( 47.56642604372095917, 20.52023506433863176, -13.50000000000000355 ) ) ;
#3710 = ORIENTED_EDGE ( 'NONE', *, *, #1319, .T. ) ;
#3711 = ADVANCED_FACE ( 'NONE', ( #7737 ), #2818, .F. ) ;
#3712 = CARTESIAN_POINT ( 'NONE',  ( 8.783895346976516194, -28.35046891241148970, 1.000000000000000000 ) ) ;
#3713 = LINE ( 'NONE', #6248, #2489 ) ;
#3714 = VECTOR ( 'NONE', #2948, 1000.000000000000000 ) ;
#3715 = CARTESIAN_POINT ( 'NONE',  ( 27.48338076306245625, -31.97260846456628869, 1.000000000000000000 ) ) ;
#3716 = DIRECTION ( 'NONE',  ( -1.000000000000000000, 0.000000000000000000, 0.000000000000000000 ) ) ;
#3717 = ORIENTED_EDGE ( 'NONE', *, *, #5798, .F. ) ;
#3718 = DIRECTION ( 'NONE',  ( 0.000000000000000000, 0.000000000000000000, 1.000000000000000000 ) ) ;
#3719 = VECTOR ( 'NONE', #2703, 1000.000000000000000 ) ;
#3720 = DIRECTION ( 'NONE',  ( -2.514877418146365435E-16, 1.000000000000000000, 0.000000000000000000 ) ) ;
#3721 = EDGE_CURVE ( 'NONE', #3495, #4857, #1615, .T. ) ;
#3722 = CARTESIAN_POINT ( 'NONE',  ( 7.627121502076594339, -35.56317694601620616, 0.5000000000000000000 ) ) ;
#3723 = DIRECTION ( 'NONE',  ( 1.000000000000000000, -1.421904488505578915E-16, -0.000000000000000000 ) ) ;
#3724 = VECTOR ( 'NONE', #649, 1000.000000000000000 ) ;
#3725 = ORIENTED_EDGE ( 'NONE', *, *, #6907, .F. ) ;
#3726 = VERTEX_POINT ( 'NONE', #3478 ) ;
#3727 = VERTEX_POINT ( 'NONE', #6993 ) ;
#3728 = CARTESIAN_POINT ( 'NONE',  ( 5.925558381474854031, -0.9338809330280353205, -2.000000000000012879 ) ) ;
#3729 = CARTESIAN_POINT ( 'NONE',  ( 12.99098821140080418, -37.10948077418181157, 1.000000000000000000 ) ) ;
#3730 = CARTESIAN_POINT ( 'NONE',  ( 24.74195969999064104, -33.25364188301033153, 0.5000000000000000000 ) ) ;
#3731 = VERTEX_POINT ( 'NONE', #5890 ) ;
#3732 = EDGE_CURVE ( 'NONE', #409, #4872, #979, .T. ) ;
#3733 = CARTESIAN_POINT ( 'NONE',  ( 13.97136120740845300, -33.18937205261808288, -1.000000000000000444 ) ) ;
#3734 = CARTESIAN_POINT ( 'NONE',  ( 16.87916049426228327, -34.21350329640225851, -1.000000000000000000 ) ) ;
#3735 = CARTESIAN_POINT ( 'NONE',  ( 12.80969551086466929, -28.93944261953553365, 1.000000000000000222 ) ) ;
#3736 = LINE ( 'NONE', #2538, #2797 ) ;
#3737 = DIRECTION ( 'NONE',  ( -1.000000000000000000, 0.000000000000000000, 0.000000000000000000 ) ) ;
#3738 = CARTESIAN_POINT ( 'NONE',  ( 47.98256164536418567, 16.99293638262966510, -15.03537376769511091 ) ) ;
#3739 = AXIS2_PLACEMENT_3D ( 'NONE', #3303, #7526, #4514 ) ;
#3740 = LINE ( 'NONE', #6706, #5396 ) ;
#3741 = ORIENTED_EDGE ( 'NONE', *, *, #779, .F. ) ;
#3742 = DIRECTION ( 'NONE',  ( 0.003460928000371844317, -0.9999940109707537994, 3.042442285389009129E-17 ) ) ;
#3743 = EDGE_CURVE ( 'NONE', #6409, #5765, #1556, .T. ) ;
#3744 = DIRECTION ( 'NONE',  ( -0.000000000000000000, -0.000000000000000000, -1.000000000000000000 ) ) ;
#3745 = FACE_OUTER_BOUND ( 'NONE', #6690, .T. ) ;
#3746 = ORIENTED_EDGE ( 'NONE', *, *, #4057, .F. ) ;
#3747 = CARTESIAN_POINT ( 'NONE',  ( 7.387036712223560286, -29.02452577798053568, 1.000000000000000000 ) ) ;
#3748 = VECTOR ( 'NONE', #7352, 1000.000000000000000 ) ;
#3749 = EDGE_CURVE ( 'NONE', #4220, #457, #3916, .T. ) ;
#3750 = CARTESIAN_POINT ( 'NONE',  ( 20.79935739506844072, -27.40059932053939917, -4.663148035801219393 ) ) ;
#3751 = CARTESIAN_POINT ( 'NONE',  ( 20.79935739506844072, -27.40059932053939917, -4.663148035801219393 ) ) ;
#3752 = ORIENTED_EDGE ( 'NONE', *, *, #1769, .T. ) ;
#3753 = CARTESIAN_POINT ( 'NONE',  ( 5.443766477962406647, -45.61841504291471239, -4.663148035801216729 ) ) ;
#3754 = ORIENTED_EDGE ( 'NONE', *, *, #4507, .T. ) ;
#3755 = EDGE_CURVE ( 'NONE', #2308, #4406, #6402, .T. ) ;
#3756 = AXIS2_PLACEMENT_3D ( 'NONE', #5367, #4149, #431 ) ;
#3757 = CARTESIAN_POINT ( 'NONE',  ( 21.12168797896590888, -28.46452739440157842, 0.9999999999999829026 ) ) ;
#3758 = DIRECTION ( 'NONE',  ( 1.000000000000000000, 0.000000000000000000, 0.000000000000000000 ) ) ;
#3759 = DIRECTION ( 'NONE',  ( -1.000000000000000000, 0.000000000000000000, 0.000000000000000000 ) ) ;
#3760 = EDGE_CURVE ( 'NONE', #1692, #7747, #6951, .T. ) ;
#3761 = LINE ( 'NONE', #5702, #7129 ) ;
#3762 = CIRCLE ( 'NONE', #2023, 5.999999999999998224 ) ;
#3763 = ORIENTED_EDGE ( 'NONE', *, *, #5183, .F. ) ;
#3764 = VERTEX_POINT ( 'NONE', #1056 ) ;
#3765 = ADVANCED_FACE ( 'NONE', ( #4106 ), #2235, .F. ) ;
#3766 = LINE ( 'NONE', #1510, #1501 ) ;
#3767 = CARTESIAN_POINT ( 'NONE',  ( 9.625558381474982994, -12.76479910009956775, -1.000000000000000000 ) ) ;
#3768 = AXIS2_PLACEMENT_3D ( 'NONE', #3077, #611, #5354 ) ;
#3769 = CARTESIAN_POINT ( 'NONE',  ( 22.43780437787022919, -28.64259715304420695, 0.5000000000000000000 ) ) ;
#3770 = CARTESIAN_POINT ( 'NONE',  ( 37.48338076306244915, -31.97260846456628869, 1.000000000000000000 ) ) ;
#3771 = ORIENTED_EDGE ( 'NONE', *, *, #2545, .F. ) ;
#3772 = VECTOR ( 'NONE', #6487, 1000.000000000000000 ) ;
#3773 = EDGE_LOOP ( 'NONE', ( #319, #1598, #4577, #7205 ) ) ;
#3774 = EDGE_CURVE ( 'NONE', #457, #4220, #4919, .T. ) ;
#3775 = DIRECTION ( 'NONE',  ( -0.000000000000000000, -0.000000000000000000, -1.000000000000000000 ) ) ;
#3776 = LINE ( 'NONE', #4325, #5290 ) ;
#3777 = CARTESIAN_POINT ( 'NONE',  ( 18.18107110879548571, -29.02435452518489356, 1.000000000000000000 ) ) ;
#3778 = VERTEX_POINT ( 'NONE', #1130 ) ;
#3779 = EDGE_CURVE ( 'NONE', #4072, #2274, #1652, .T. ) ;
#3780 = DIRECTION ( 'NONE',  ( -8.042586066086100112E-17, -3.070295484789979924E-17, -1.000000000000000000 ) ) ;
#3781 = CIRCLE ( 'NONE', #1418, 0.8000000000000038192 ) ;
#3782 = EDGE_LOOP ( 'NONE', ( #4354, #5197, #2783, #3912, #3242, #3988 ) ) ;
#3783 = DIRECTION ( 'NONE',  ( 0.000000000000000000, 1.000000000000000000, 0.000000000000000000 ) ) ;
#3784 = CARTESIAN_POINT ( 'NONE',  ( -0.6235040263970614838, 21.38661595013394745, -13.37083411179680859 ) ) ;
#3785 = ORIENTED_EDGE ( 'NONE', *, *, #3442, .T. ) ;
#3786 = ORIENTED_EDGE ( 'NONE', *, *, #2008, .F. ) ;
#3787 = DIRECTION ( 'NONE',  ( -1.000000000000000000, 0.000000000000000000, 1.453169479452032859E-16 ) ) ;
#3788 = VECTOR ( 'NONE', #3863, 1000.000000000000000 ) ;
#3789 = CARTESIAN_POINT ( 'NONE',  ( 5.521365154674763964, -32.39131659639082983, 0.5000000000000000000 ) ) ;
#3790 = FACE_OUTER_BOUND ( 'NONE', #2351, .T. ) ;
#3791 = ORIENTED_EDGE ( 'NONE', *, *, #668, .T. ) ;
#3792 = CARTESIAN_POINT ( 'NONE',  ( 10.72463177665860101, -28.45454339329901217, 0.5000000000000000000 ) ) ;
#3793 = CARTESIAN_POINT ( 'NONE',  ( 50.27737897612738749, 18.26451084227986144, -11.50000000000000355 ) ) ;
#3794 = FACE_OUTER_BOUND ( 'NONE', #4814, .T. ) ;
#3795 = ORIENTED_EDGE ( 'NONE', *, *, #97, .T. ) ;
#3796 = ORIENTED_EDGE ( 'NONE', *, *, #6982, .T. ) ;
#3797 = DIRECTION ( 'NONE',  ( 0.000000000000000000, 0.000000000000000000, 1.000000000000000000 ) ) ;
#3798 = CARTESIAN_POINT ( 'NONE',  ( 19.75990887789097883, -28.81643141900394767, 1.000000000000000000 ) ) ;
#3799 = DIRECTION ( 'NONE',  ( -1.000000000000000000, 0.000000000000000000, 0.000000000000000000 ) ) ;
#3800 = FACE_OUTER_BOUND ( 'NONE', #3773, .T. ) ;
#3801 = CARTESIAN_POINT ( 'NONE',  ( 5.644693691445203498, 10.57728446746354045, -2.000000000000011990 ) ) ;
#3802 = EDGE_LOOP ( 'NONE', ( #6593, #6712, #2780, #522 ) ) ;
#3803 = CARTESIAN_POINT ( 'NONE',  ( 44.22735356466326806, -41.61841504291472660, -6.663148035801221170 ) ) ;
#3804 = DIRECTION ( 'NONE',  ( 0.000000000000000000, -1.000000000000000000, 0.000000000000000000 ) ) ;
#3805 = EDGE_CURVE ( 'NONE', #1580, #3397, #2858, .T. ) ;
#3806 = CARTESIAN_POINT ( 'NONE',  ( 24.33168143723873911, -35.64720347340635698, 0.5000000000000000000 ) ) ;
#3807 = ADVANCED_FACE ( 'NONE', ( #1016 ), #5930, .T. ) ;
#3808 = ADVANCED_FACE ( 'NONE', ( #5249 ), #3364, .F. ) ;
#3809 = CARTESIAN_POINT ( 'NONE',  ( 42.50367785261521192, -0.9338809330280339882, -2.000000000000012879 ) ) ;
#3810 = ORIENTED_EDGE ( 'NONE', *, *, #773, .F. ) ;
#3811 = ORIENTED_EDGE ( 'NONE', *, *, #2267, .F. ) ;
#3812 = ADVANCED_FACE ( 'NONE', ( #1694 ), #2770, .F. ) ;
#3813 = CARTESIAN_POINT ( 'NONE',  ( 7.823795977365382903, -29.34638466509405674, -1.000000000000000000 ) ) ;
#3814 = CIRCLE ( 'NONE', #446, 6.000000000000005329 ) ;
#3815 = CARTESIAN_POINT ( 'NONE',  ( 14.37409931834012333, -34.42719257295354396, 0.9999999999999997780 ) ) ;
#3816 = PLANE ( 'NONE',  #7580 ) ;
#3817 = DIRECTION ( 'NONE',  ( -1.000000000000000000, 0.000000000000000000, 0.000000000000000000 ) ) ;
#3818 = AXIS2_PLACEMENT_3D ( 'NONE', #4736, #626, #1806 ) ;
#3819 = DIRECTION ( 'NONE',  ( -1.000000000000000000, 0.000000000000000000, 0.000000000000000000 ) ) ;
#3820 = ORIENTED_EDGE ( 'NONE', *, *, #3893, .T. ) ;
#3821 = DIRECTION ( 'NONE',  ( -1.658554010794165323E-16, -1.000000000000000000, 0.000000000000000000 ) ) ;
#3822 = VERTEX_POINT ( 'NONE', #884 ) ;
#3823 = VERTEX_POINT ( 'NONE', #3268 ) ;
#3824 = LINE ( 'NONE', #5723, #42 ) ;
#3825 = AXIS2_PLACEMENT_3D ( 'NONE', #2732, #2690, #3394 ) ;
#3826 = CARTESIAN_POINT ( 'NONE',  ( 5.305690159109170523, -31.04410073841242479, 1.000000000000000000 ) ) ;
#3827 = DIRECTION ( 'NONE',  ( -0.000000000000000000, -1.000000000000000000, -0.000000000000000000 ) ) ;
#3828 = ORIENTED_EDGE ( 'NONE', *, *, #3342, .T. ) ;
#3829 = CARTESIAN_POINT ( 'NONE',  ( 11.05886761300997989, -27.98663803406113360, 1.000000000000000000 ) ) ;
#3830 = FACE_BOUND ( 'NONE', #5096, .T. ) ;
#3831 = VECTOR ( 'NONE', #1496, 1000.000000000000000 ) ;
#3832 = AXIS2_PLACEMENT_3D ( 'NONE', #4127, #7652, #4167 ) ;
#3833 = ORIENTED_EDGE ( 'NONE', *, *, #4606, .T. ) ;
#3834 = FACE_OUTER_BOUND ( 'NONE', #66, .T. ) ;
#3835 = EDGE_CURVE ( 'NONE', #2937, #2986, #2720, .T. ) ;
#3836 = ORIENTED_EDGE ( 'NONE', *, *, #367, .F. ) ;
#3837 = DIRECTION ( 'NONE',  ( 0.000000000000000000, -0.000000000000000000, 1.000000000000000000 ) ) ;
#3838 = CARTESIAN_POINT ( 'NONE',  ( 18.68884112022755062, -29.30499537844847779, 0.5000000000000000000 ) ) ;
#3839 = CARTESIAN_POINT ( 'NONE',  ( 17.81228509500128965, -29.84876049041637103, -1.000000000000000000 ) ) ;
#3840 = VECTOR ( 'NONE', #3292, 1000.000000000000000 ) ;
#3841 = VECTOR ( 'NONE', #116, 1000.000000000000000 ) ;
#3842 = LINE ( 'NONE', #6839, #5712 ) ;
#3843 = CARTESIAN_POINT ( 'NONE',  ( 22.20166065143204293, -37.06927247807862358, 0.5000000000000000000 ) ) ;
#3844 = CARTESIAN_POINT ( 'NONE',  ( 2.890344587278875998, -45.11841504291471239, -11.49999999999999822 ) ) ;
#3845 = ORIENTED_EDGE ( 'NONE', *, *, #6942, .F. ) ;
#3846 = CIRCLE ( 'NONE', #479, 6.000000000000005329 ) ;
#3847 = LINE ( 'NONE', #959, #6020 ) ;
#3848 = DIRECTION ( 'NONE',  ( -1.000000000000000000, 2.191703603828919359E-17, 0.000000000000000000 ) ) ;
#3849 = CARTESIAN_POINT ( 'NONE',  ( 23.70130389400117821, -36.54940298368433105, -1.000000000000000000 ) ) ;
#3850 = VECTOR ( 'NONE', #3005, 1000.000000000000000 ) ;
#3851 = CARTESIAN_POINT ( 'NONE',  ( 1.335016159205053343, 19.39267481122346837, -9.047210079157837370 ) ) ;
#3852 = EDGE_CURVE ( 'NONE', #5965, #7445, #3347, .T. ) ;
#3853 = ORIENTED_EDGE ( 'NONE', *, *, #3749, .T. ) ;
#3854 = ORIENTED_EDGE ( 'NONE', *, *, #2918, .T. ) ;
#3855 = CARTESIAN_POINT ( 'NONE',  ( 23.54331740680673235, -36.68401368187997491, 0.5000000000000000000 ) ) ;
#3856 = DIRECTION ( 'NONE',  ( 2.191703603828919359E-17, 1.000000000000000000, -0.000000000000000000 ) ) ;
#3857 = CARTESIAN_POINT ( 'NONE',  ( 23.70130389400118531, -36.54940298368431684, 0.5000000000000000000 ) ) ;
#3858 = DIRECTION ( 'NONE',  ( -0.000000000000000000, 0.000000000000000000, -1.000000000000000000 ) ) ;
#3859 = PLANE ( 'NONE',  #6258 ) ;
#3860 = DIRECTION ( 'NONE',  ( 0.000000000000000000, 0.000000000000000000, 1.000000000000000000 ) ) ;
#3861 = VERTEX_POINT ( 'NONE', #4359 ) ;
#3862 = EDGE_LOOP ( 'NONE', ( #3621, #7435, #1810, #4340 ) ) ;
#3863 = DIRECTION ( 'NONE',  ( -0.000000000000000000, -0.000000000000000000, -1.000000000000000000 ) ) ;
#3864 = CARTESIAN_POINT ( 'NONE',  ( 5.625355019907400944, -31.62237902272820378, 1.000000000000000000 ) ) ;
#3865 = LINE ( 'NONE', #5644, #5588 ) ;
#3866 = EDGE_LOOP ( 'NONE', ( #5766, #5689, #5778, #1155 ) ) ;
#3867 = CARTESIAN_POINT ( 'NONE',  ( 7.641505723060317834, -29.45492736083515695, 0.5000000000000000000 ) ) ;
#3868 = CARTESIAN_POINT ( 'NONE',  ( 12.06133605906837403, -24.76759449452900341, -4.663148035801218505 ) ) ;
#3869 = CARTESIAN_POINT ( 'NONE',  ( 18.43554011962059036, -29.45475610804640709, 0.5000000000000000000 ) ) ;
#3870 = ORIENTED_EDGE ( 'NONE', *, *, #6556, .F. ) ;
#3871 = CARTESIAN_POINT ( 'NONE',  ( 24.63127317407409933, -36.20103064815305771, 1.000000000000000000 ) ) ;
#3872 = ORIENTED_EDGE ( 'NONE', *, *, #7336, .T. ) ;
#3873 = ADVANCED_FACE ( 'NONE', ( #3189 ), #6766, .T. ) ;
#3874 = DIRECTION ( 'NONE',  ( 0.000000000000000000, -1.000000000000000000, 0.000000000000000000 ) ) ;
#3875 = FACE_OUTER_BOUND ( 'NONE', #7306, .T. ) ;
#3876 = VECTOR ( 'NONE', #2082, 1000.000000000000000 ) ;
#3877 = DIRECTION ( 'NONE',  ( -1.658554010794165323E-16, -1.000000000000000000, 0.000000000000000000 ) ) ;
#3878 = EDGE_CURVE ( 'NONE', #2428, #2986, #366, .T. ) ;
#3879 = CARTESIAN_POINT ( 'NONE',  ( 23.39467326579991635, -36.76703517950216593, 0.4999999999999998890 ) ) ;
#3880 = DIRECTION ( 'NONE',  ( -8.042586066086100112E-17, -3.070295484789979924E-17, -1.000000000000000000 ) ) ;
#3881 = ORIENTED_EDGE ( 'NONE', *, *, #3237, .F. ) ;
#3882 = B_SPLINE_SURFACE_WITH_KNOTS ( 'NONE', 3, 1, ( 
 ( #4004, #7607 ),
 ( #2213, #4177 ),
 ( #1282, #5475 ),
 ( #6659, #4213 ),
 ( #5394, #1315 ),
 ( #1799, #6584 ),
 ( #4291, #6115 ),
 ( #3661, #772 ),
 ( #100, #1201 ),
 ( #6622, #4845 ),
 ( #1241, #1358 ),
 ( #57, #24 ),
 ( #1874, #3733 ),
 ( #1907, #699 ),
 ( #2499, #7180 ),
 ( #4804, #1940 ),
 ( #6697, #6005 ),
 ( #4251, #6080 ),
 ( #4323, #6735 ),
 ( #619, #3695 ) ),
 .UNSPECIFIED., .F., .F., .F.,
 ( 4, 1, 1, 1, 1, 1, 1, 1, 1, 1, 1, 1, 1, 1, 1, 1, 1, 4 ),
 ( 2, 2 ),
 ( 0.5000000000000000000, 0.5312500000000000000, 0.5625000000000000000, 0.5937500000000000000, 0.6250000000000000000, 0.6406250000000000000, 0.6562500000000000000, 0.6875000000000000000, 0.7187500000000000000, 0.7500000000000000000, 0.8125000000000000000, 0.8750000000000000000, 0.9062500000000000000, 0.9375000000000000000, 0.9531250000000000000, 0.9687500000000000000, 0.9843750000000000000, 1.000000002123355713 ),
 ( 0.000000000000000000, 1.000000000000000000 ),
 .UNSPECIFIED. ) ;
#3883 = PLANE ( 'NONE',  #1368 ) ;
#3884 = CARTESIAN_POINT ( 'NONE',  ( 24.43958549593907037, -35.33038979739379215, 1.000000000000253797 ) ) ;
#3885 = CARTESIAN_POINT ( 'NONE',  ( 24.70810783579889147, -34.14935812494965717, 0.5000000000000000000 ) ) ;
#3886 = VECTOR ( 'NONE', #7439, 1000.000000000000000 ) ;
#3887 = AXIS2_PLACEMENT_3D ( 'NONE', #1915, #1365, #783 ) ;
#3888 = SURFACE_STYLE_FILL_AREA ( #4440 ) ;
#3889 = ORIENTED_EDGE ( 'NONE', *, *, #1005, .T. ) ;
#3890 = ORIENTED_EDGE ( 'NONE', *, *, #925, .F. ) ;
#3891 = CARTESIAN_POINT ( 'NONE',  ( 2.890344587278919519, 22.74374527427766068, -13.43649167310370984 ) ) ;
#3892 = DIRECTION ( 'NONE',  ( 0.000000000000000000, 0.000000000000000000, 1.000000000000000000 ) ) ;
#3893 = EDGE_CURVE ( 'NONE', #1580, #7313, #6306, .T. ) ;
#3894 = CARTESIAN_POINT ( 'NONE',  ( 49.18491708522419259, -18.65776962898985758, -11.50000000000000000 ) ) ;
#3895 = CARTESIAN_POINT ( 'NONE',  ( 5.644693691445203498, 11.54623778400322109, -1.000000000000000000 ) ) ;
#3896 = VECTOR ( 'NONE', #4807, 1000.000000000000000 ) ;
#3897 = CARTESIAN_POINT ( 'NONE',  ( 25.16436629349527720, 15.31055444116484487, -1.000000000000000000 ) ) ;
#3898 = EDGE_LOOP ( 'NONE', ( #5541, #2917, #7071, #4151 ) ) ;
#3899 = CARTESIAN_POINT ( 'NONE',  ( -1.405534496967504099, 20.03214327253684246, -13.39289623579103150 ) ) ;
#3900 = ORIENTED_EDGE ( 'NONE', *, *, #6335, .F. ) ;
#3901 = EDGE_LOOP ( 'NONE', ( #1916, #6763, #1474, #5992 ) ) ;
#3902 = DIRECTION ( 'NONE',  ( 0.000000000000000000, 1.000000000000000000, 0.000000000000000000 ) ) ;
#3903 = EDGE_CURVE ( 'NONE', #4035, #310, #4993, .T. ) ;
#3904 = CARTESIAN_POINT ( 'NONE',  ( 7.530009817673344763, -36.10248362345539874, 1.000000000000000000 ) ) ;
#3905 = CARTESIAN_POINT ( 'NONE',  ( 16.03869556716495026, -31.18937076159420840, 1.000000000000000222 ) ) ;
#3906 = VERTEX_POINT ( 'NONE', #2644 ) ;
#3907 = AXIS2_PLACEMENT_3D ( 'NONE', #1849, #6634, #4859 ) ;
#3908 = DIRECTION ( 'NONE',  ( -1.000000000000000000, 0.000000000000000000, 0.000000000000000000 ) ) ;
#3909 = DIRECTION ( 'NONE',  ( -1.000000000000000000, 0.000000000000000000, 0.000000000000000000 ) ) ;
#3910 = EDGE_CURVE ( 'NONE', #5561, #5765, #2059, .T. ) ;
#3911 = LINE ( 'NONE', #946, #4973 ) ;
#3912 = ORIENTED_EDGE ( 'NONE', *, *, #6952, .T. ) ;
#3913 = VERTEX_POINT ( 'NONE', #1513 ) ;
#3914 = DIRECTION ( 'NONE',  ( -0.000000000000000000, -0.000000000000000000, -1.000000000000000000 ) ) ;
#3915 = ORIENTED_EDGE ( 'NONE', *, *, #1745, .T. ) ;
#3916 = CIRCLE ( 'NONE', #7077, 0.8000000000000020428 ) ;
#3917 = EDGE_CURVE ( 'NONE', #5710, #5011, #927, .T. ) ;
#3918 = FACE_OUTER_BOUND ( 'NONE', #6161, .T. ) ;
#3919 = DIRECTION ( 'NONE',  ( 0.000000000000000000, 0.000000000000000000, -1.000000000000000000 ) ) ;
#3920 = CARTESIAN_POINT ( 'NONE',  ( 44.88722585882243266, -43.23723148550483586, -6.663148035801221170 ) ) ;
#3921 = CARTESIAN_POINT ( 'NONE',  ( 19.11467873876116030, -36.00786308313470130, 0.5000000000000000000 ) ) ;
#3922 = CARTESIAN_POINT ( 'NONE',  ( 48.22735356466326095, -29.00591734882469908, -11.50000000000000000 ) ) ;
#3923 = EDGE_LOOP ( 'NONE', ( #7598, #2411, #128, #5272 ) ) ;
#3924 = LINE ( 'NONE', #6844, #3123 ) ;
#3925 = CARTESIAN_POINT ( 'NONE',  ( 23.88414666448158385, -36.37558370638036109, 1.000000000000000000 ) ) ;
#3926 = ADVANCED_FACE ( 'NONE', ( #4601 ), #1039, .F. ) ;
#3927 = EDGE_CURVE ( 'NONE', #6471, #7325, #6389, .T. ) ;
#3928 = AXIS2_PLACEMENT_3D ( 'NONE', #1172, #1019, #4617 ) ;
#3929 = ORIENTED_EDGE ( 'NONE', *, *, #7279, .F. ) ;
#3930 = CARTESIAN_POINT ( 'NONE',  ( 23.10587892323242443, -29.10954807826032820, 0.5000000000000000000 ) ) ;
#3931 = CARTESIAN_POINT ( 'NONE',  ( 48.22735356466326095, -29.00591734882469908, -1.000000000000000000 ) ) ;
#3932 = ORIENTED_EDGE ( 'NONE', *, *, #6519, .F. ) ;
#3933 = ORIENTED_EDGE ( 'NONE', *, *, #6920, .T. ) ;
#3934 = DIRECTION ( 'NONE',  ( 0.000000000000000000, 1.380205382052140384E-16, -1.000000000000000000 ) ) ;
#3935 = CARTESIAN_POINT ( 'NONE',  ( 13.07174380223168342, -30.14105567834003097, 0.5000000000000001110 ) ) ;
#3936 = EDGE_CURVE ( 'NONE', #172, #4632, #5184, .T. ) ;
#3937 = CARTESIAN_POINT ( 'NONE',  ( 1.032475904716213977, 4.686048302902208640, -2.000000000000012879 ) ) ;
#3938 = CARTESIAN_POINT ( 'NONE',  ( 15.81483724426042947, -32.40454656170438597, 1.000000000000000000 ) ) ;
#3939 = CARTESIAN_POINT ( 'NONE',  ( 12.90726949744076180, -36.54957423647316261, 0.5000000000000000000 ) ) ;
#3940 = PLANE ( 'NONE',  #461 ) ;
#3941 = ORIENTED_EDGE ( 'NONE', *, *, #4330, .T. ) ;
#3942 = CARTESIAN_POINT ( 'NONE',  ( -1.205004526713362223, 20.51635131416712809, -13.38223793408177364 ) ) ;
#3943 = VERTEX_POINT ( 'NONE', #1116 ) ;
#3944 = DIRECTION ( 'NONE',  ( 0.000000000000000000, 1.000000000000000000, 0.000000000000000000 ) ) ;
#3945 = CARTESIAN_POINT ( 'NONE',  ( 5.577933171580758298, -32.90751966167465525, 1.000000000000000000 ) ) ;
#3946 = ORIENTED_EDGE ( 'NONE', *, *, #6702, .F. ) ;
#3947 = VECTOR ( 'NONE', #2463, 1000.000000000000000 ) ;
#3948 = CARTESIAN_POINT ( 'NONE',  ( 50.42498535266713588, -24.38459728854137154, -5.285192739890203661 ) ) ;
#3949 = CARTESIAN_POINT ( 'NONE',  ( 1.335016159205053343, -43.23723148550483586, -9.047210079157837370 ) ) ;
#3950 = CARTESIAN_POINT ( 'NONE',  ( 44.27741491030283072, 22.73286316576132293, -13.43926885403509708 ) ) ;
#3951 = ORIENTED_EDGE ( 'NONE', *, *, #3382, .T. ) ;
#3952 = EDGE_CURVE ( 'NONE', #5574, #2527, #6639, .T. ) ;
#3953 = VERTEX_POINT ( 'NONE', #1677 ) ;
#3954 = CARTESIAN_POINT ( 'NONE',  ( 23.81245015242083696, -29.17782738597815850, 1.000000000000000000 ) ) ;
#3955 = ORIENTED_EDGE ( 'NONE', *, *, #7623, .T. ) ;
#3956 = VECTOR ( 'NONE', #2114, 1000.000000000000000 ) ;
#3957 = CARTESIAN_POINT ( 'NONE',  ( 7.323732930487381054, -40.97692647319939141, -4.663148035801216729 ) ) ;
#3958 = CARTESIAN_POINT ( 'NONE',  ( 35.06211638159034294, 15.31055444116484310, -2.000000000000011102 ) ) ;
#3959 = EDGE_CURVE ( 'NONE', #1581, #5251, #6459, .T. ) ;
#3960 = DIRECTION ( 'NONE',  ( 0.000000000000000000, -0.000000000000000000, 1.000000000000000000 ) ) ;
#3961 = CARTESIAN_POINT ( 'NONE',  ( 13.49973859751740868, -35.72278733836647291, 0.5000000000000000000 ) ) ;
#3962 = CARTESIAN_POINT ( 'NONE',  ( 5.925558381474854031, -0.9338809330280344323, -9.451567670042738456 ) ) ;
#3963 = CARTESIAN_POINT ( 'NONE',  ( -1.609655412721123557, -24.80500368935529565, -7.551502062183216957 ) ) ;
#3964 = VERTEX_POINT ( 'NONE', #7131 ) ;
#3965 = DIRECTION ( 'NONE',  ( 0.000000000000000000, 0.000000000000000000, 1.000000000000000000 ) ) ;
#3966 = VECTOR ( 'NONE', #6465, 1000.000000000000000 ) ;
#3967 = CARTESIAN_POINT ( 'NONE',  ( 25.07799786409912102, -34.88419990280640093, 1.000000000000000000 ) ) ;
#3968 = EDGE_CURVE ( 'NONE', #2062, #1054, #2839, .T. ) ;
#3969 = VECTOR ( 'NONE', #4044, 1000.000000000000000 ) ;
#3970 = CARTESIAN_POINT ( 'NONE',  ( 41.96106399535297982, 10.57728446746354045, -9.592411343199959362 ) ) ;
#3971 = CYLINDRICAL_SURFACE ( 'NONE', #7497, 0.8000000000000033751 ) ;
#3972 = ORIENTED_EDGE ( 'NONE', *, *, #5514, .T. ) ;
#3973 = VECTOR ( 'NONE', #1024, 1000.000000000000000 ) ;
#3974 = ORIENTED_EDGE ( 'NONE', *, *, #4393, .T. ) ;
#3975 = DIRECTION ( 'NONE',  ( 0.000000000000000000, 0.000000000000000000, -1.000000000000000000 ) ) ;
#3976 = DIRECTION ( 'NONE',  ( 0.000000000000000000, 1.000000000000000000, 0.000000000000000000 ) ) ;
#3977 = CARTESIAN_POINT ( 'NONE',  ( 12.99098821140080418, -37.10948077418181157, 1.000000000000000000 ) ) ;
#3978 = CARTESIAN_POINT ( 'NONE',  ( 16.38556485612331670, -31.74955584088065663, 1.000000000000000000 ) ) ;
#3979 = CARTESIAN_POINT ( 'NONE',  ( 27.73338076306245625, -31.97260846456628869, 1.500000000000000000 ) ) ;
#3980 = EDGE_CURVE ( 'NONE', #4548, #4089, #5794, .T. ) ;
#3981 = DIRECTION ( 'NONE',  ( 1.000000000000000000, 0.000000000000000000, 0.000000000000000000 ) ) ;
#3982 = ORIENTED_EDGE ( 'NONE', *, *, #7203, .F. ) ;
#3983 = LINE ( 'NONE', #5929, #1524 ) ;
#3984 = ORIENTED_EDGE ( 'NONE', *, *, #515, .T. ) ;
#3985 = ORIENTED_EDGE ( 'NONE', *, *, #1576, .F. ) ;
#3986 = DIRECTION ( 'NONE',  ( -0.000000000000000000, -0.000000000000000000, 1.000000000000000000 ) ) ;
#3987 = CARTESIAN_POINT ( 'NONE',  ( 10.14837298377440256, -36.88053012912830297, 0.5000000000000000000 ) ) ;
#3988 = ORIENTED_EDGE ( 'NONE', *, *, #1476, .F. ) ;
#3989 = LINE ( 'NONE', #5728, #7616 ) ;
#3990 = DIRECTION ( 'NONE',  ( 2.132856732758369851E-16, -1.000000000000000000, 0.000000000000000000 ) ) ;
#3991 = LINE ( 'NONE', #6408, #214 ) ;
#3992 = ORIENTED_EDGE ( 'NONE', *, *, #6819, .T. ) ;
#3993 = EDGE_LOOP ( 'NONE', ( #4903, #6006, #6824, #2802 ) ) ;
#3994 = DIRECTION ( 'NONE',  ( 1.000000000000000000, -0.000000000000000000, -0.000000000000000000 ) ) ;
#3995 = ORIENTED_EDGE ( 'NONE', *, *, #6942, .T. ) ;
#3996 = DIRECTION ( 'NONE',  ( 1.000000000000000000, 0.000000000000000000, 0.000000000000000000 ) ) ;
#3997 = LINE ( 'NONE', #5825, #6417 ) ;
#3998 = ADVANCED_FACE ( 'NONE', ( #2954 ), #4638, .F. ) ;
#3999 = PLANE ( 'NONE',  #3571 ) ;
#4000 = VECTOR ( 'NONE', #2172, 1000.000000000000000 ) ;
#4001 = CARTESIAN_POINT ( 'NONE',  ( 47.98256164536418567, 12.65288649460165260, -11.50000000000000355 ) ) ;
#4002 = CARTESIAN_POINT ( 'NONE',  ( 9.625558381474968783, 16.63520089990042905, 1.000000000000000000 ) ) ;
#4003 = ORIENTED_EDGE ( 'NONE', *, *, #5319, .T. ) ;
#4004 = CARTESIAN_POINT ( 'NONE',  ( 7.620067560892290537, -29.46764490646226875, 0.5000000000000000000 ) ) ;
#4005 = AXIS2_PLACEMENT_3D ( 'NONE', #3494, #5908, #2916 ) ;
#4006 = CARTESIAN_POINT ( 'NONE',  ( 23.51167280472278520, -36.69064511513241200, 0.5000000000000000000 ) ) ;
#4007 = ORIENTED_EDGE ( 'NONE', *, *, #4839, .T. ) ;
#4008 = EDGE_CURVE ( 'NONE', #4162, #1610, #5473, .T. ) ;
#4009 = FACE_OUTER_BOUND ( 'NONE', #5476, .T. ) ;
#4010 = DIRECTION ( 'NONE',  ( 0.000000000000000000, 0.000000000000000000, 1.000000000000000000 ) ) ;
#4011 = ORIENTED_EDGE ( 'NONE', *, *, #4249, .T. ) ;
#4012 = ORIENTED_EDGE ( 'NONE', *, *, #715, .F. ) ;
#4013 = CARTESIAN_POINT ( 'NONE',  ( 27.98338076306245270, -31.97260846456628869, -1.000000000000000000 ) ) ;
#4014 = CARTESIAN_POINT ( 'NONE',  ( 11.39649332943749904, -28.58726111797194847, 0.4999999999999997780 ) ) ;
#4015 = AXIS2_PLACEMENT_3D ( 'NONE', #4154, #2360, #4670 ) ;
#4016 = VECTOR ( 'NONE', #6771, 1000.000000000000000 ) ;
#4017 = PRODUCT ( '0808 V2 \X2\591658f3\X0\', '0808 V2 \X2\591658f3\X0\', '', ( #4469 ) ) ;
#4018 = CARTESIAN_POINT ( 'NONE',  ( 16.77336785114253104, -33.91585531238757767, 1.000000000000000000 ) ) ;
#4019 = CARTESIAN_POINT ( 'NONE',  ( 37.24050430185577198, -45.61841504291471949, -6.201502112509220233 ) ) ;
#4020 = ADVANCED_FACE ( 'NONE', ( #4009 ), #1076, .T. ) ;
#4021 = CARTESIAN_POINT ( 'NONE',  ( 43.62352618543248894, 15.87330401347080588, -6.663148035801222946 ) ) ;
#4022 = AXIS2_PLACEMENT_3D ( 'NONE', #1419, #6036, #6074 ) ;
#4023 = ORIENTED_EDGE ( 'NONE', *, *, #4253, .T. ) ;
#4024 = CARTESIAN_POINT ( 'NONE',  ( 19.67885155840740552, -28.84615418385027397, -1.000000000000000000 ) ) ;
#4025 = ORIENTED_EDGE ( 'NONE', *, *, #6473, .F. ) ;
#4026 = DIRECTION ( 'NONE',  ( 0.000000000000000000, -1.000000000000000000, -1.380205382052140384E-16 ) ) ;
#4027 = EDGE_CURVE ( 'NONE', #3076, #296, #548, .T. ) ;
#4028 = EDGE_CURVE ( 'NONE', #7688, #6576, #3498, .T. ) ;
#4029 = FACE_OUTER_BOUND ( 'NONE', #2556, .T. ) ;
#4030 = EDGE_LOOP ( 'NONE', ( #3019, #5830, #2668, #5167, #3523 ) ) ;
#4031 = CIRCLE ( 'NONE', #264, 1.000000000000000000 ) ;
#4032 = CARTESIAN_POINT ( 'NONE',  ( 48.87309483438121305, -18.65776962898985758, -11.50000000000000000 ) ) ;
#4033 = CARTESIAN_POINT ( 'NONE',  ( 36.98338076306245625, -31.97260846456628869, 1.250000000000000000 ) ) ;
#4034 = CARTESIAN_POINT ( 'NONE',  ( 7.641505723060324939, -29.45492736083515339, 0.5000000000000000000 ) ) ;
#4035 = VERTEX_POINT ( 'NONE', #2216 ) ;
#4036 = VERTEX_POINT ( 'NONE', #566 ) ;
#4037 = TOROIDAL_SURFACE ( 'NONE', #5416, 4.750000000000005329, 0.2500000000000000000 ) ;
#4038 = CARTESIAN_POINT ( 'NONE',  ( 18.47471805501016107, -45.11841504291469107, -3.684504751596059613 ) ) ;
#4039 = VERTEX_POINT ( 'NONE', #7574 ) ;
#4040 = PLANE ( 'NONE',  #786 ) ;
#4041 = FACE_OUTER_BOUND ( 'NONE', #3501, .T. ) ;
#4042 = PRODUCT_DEFINITION_CONTEXT ( 'detailed design', #1272, 'design' ) ;
#4043 = CARTESIAN_POINT ( 'NONE',  ( 14.28396346753761215, -34.88437115559861468, 1.000000000000000000 ) ) ;
#4044 = DIRECTION ( 'NONE',  ( -0.000000000000000000, -0.000000000000000000, 1.000000000000000000 ) ) ;
#4045 = VECTOR ( 'NONE', #4693, 1000.000000000000000 ) ;
#4046 = DIRECTION ( 'NONE',  ( -1.453169479452033105E-16, 0.000000000000000000, -1.000000000000000000 ) ) ;
#4047 = VERTEX_POINT ( 'NONE', #2880 ) ;
#4048 = CARTESIAN_POINT ( 'NONE',  ( 47.98256164536418567, 12.65288649460165438, -13.50000000000000355 ) ) ;
#4049 = CYLINDRICAL_SURFACE ( 'NONE', #208, 1.549999999999999378 ) ;
#4050 = AXIS2_PLACEMENT_3D ( 'NONE', #5952, #6975, #1595 ) ;
#4051 = DIRECTION ( 'NONE',  ( 0.000000000000000000, 0.000000000000000000, -1.000000000000000000 ) ) ;
#4052 = CARTESIAN_POINT ( 'NONE',  ( -1.609655412721121781, -41.61841504291468397, -11.50000000000000000 ) ) ;
#4053 = EDGE_LOOP ( 'NONE', ( #7506, #1262, #5017, #7369 ) ) ;
#4054 = EDGE_LOOP ( 'NONE', ( #7284, #7423, #7635, #4546 ) ) ;
#4055 = CARTESIAN_POINT ( 'NONE',  ( 44.21615726698036042, -31.38865712849714384, -1.000000000000000000 ) ) ;
#4056 = CARTESIAN_POINT ( 'NONE',  ( 13.53704896950648084, -35.66097764907124201, 0.5000000000000000000 ) ) ;
#4057 = EDGE_CURVE ( 'NONE', #1691, #2924, #2177, .T. ) ;
#4058 = CARTESIAN_POINT ( 'NONE',  ( 16.32252015226131547, -32.13384690546479305, 0.5000000000000000000 ) ) ;
#4059 = CARTESIAN_POINT ( 'NONE',  ( 16.09969593314685099, -31.04399259217574780, 1.000000000000000000 ) ) ;
#4060 = FACE_OUTER_BOUND ( 'NONE', #2941, .T. ) ;
#4061 = EDGE_CURVE ( 'NONE', #5558, #3953, #6423, .T. ) ;
#4062 = DIRECTION ( 'NONE',  ( -1.000000000000000000, -1.421904488505578915E-16, 0.000000000000000000 ) ) ;
#4063 = EDGE_LOOP ( 'NONE', ( #5082, #709 ) ) ;
#4064 = CARTESIAN_POINT ( 'NONE',  ( 48.00806037650425395, -8.626537619883473340, -11.50000000000000000 ) ) ;
#4065 = ORIENTED_EDGE ( 'NONE', *, *, #1225, .F. ) ;
#4066 = DIRECTION ( 'NONE',  ( -1.000000000000000000, -2.514877418146365435E-16, 8.042586066086101344E-17 ) ) ;
#4067 = CARTESIAN_POINT ( 'NONE',  ( 8.318336784286660901, -36.58512367870530113, 1.000000000000000000 ) ) ;
#4068 = ORIENTED_EDGE ( 'NONE', *, *, #163, .T. ) ;
#4069 = DIRECTION ( 'NONE',  ( 0.000000000000000000, -1.000000000000000000, -1.380205382052140384E-16 ) ) ;
#4070 = DIRECTION ( 'NONE',  ( 0.000000000000000000, 1.000000000000000000, 0.000000000000000000 ) ) ;
#4071 = CARTESIAN_POINT ( 'NONE',  ( 45.61744629834857534, 22.41097177681634278, -13.46698942113227382 ) ) ;
#4072 = VERTEX_POINT ( 'NONE', #445 ) ;
#4073 = ORIENTED_EDGE ( 'NONE', *, *, #3968, .F. ) ;
#4074 = CARTESIAN_POINT ( 'NONE',  ( -1.403734662053927496, -42.91176599454931306, -13.39277938956145952 ) ) ;
#4075 = ORIENTED_EDGE ( 'NONE', *, *, #6720, .T. ) ;
#4076 = DIRECTION ( 'NONE',  ( 0.000000000000000000, 0.000000000000000000, 1.000000000000000000 ) ) ;
#4077 = AXIS2_PLACEMENT_3D ( 'NONE', #1228, #3608, #3759 ) ;
#4078 = CYLINDRICAL_SURFACE ( 'NONE', #3536, 3.000000000000002665 ) ;
#4079 = CARTESIAN_POINT ( 'NONE',  ( 44.88722585882243266, 19.14266193162950103, -6.663148035801222946 ) ) ;
#4080 = CYLINDRICAL_SURFACE ( 'NONE', #4965, 0.8000000000000020428 ) ;
#4081 = EDGE_CURVE ( 'NONE', #5139, #6016, #5233, .T. ) ;
#4082 = AXIS2_PLACEMENT_3D ( 'NONE', #2785, #7628, #2900 ) ;
#4083 = DIRECTION ( 'NONE',  ( -1.000000000000000000, 2.139492287038062819E-14, 0.000000000000000000 ) ) ;
#4084 = ORIENTED_EDGE ( 'NONE', *, *, #4725, .T. ) ;
#4085 = CARTESIAN_POINT ( 'NONE',  ( 22.61569644478067076, -28.78770500265822818, 0.5000000000000000000 ) ) ;
#4086 = CIRCLE ( 'NONE', #4457, 0.2500000000000000000 ) ;
#4087 = CARTESIAN_POINT ( 'NONE',  ( 34.02555838147497980, -17.76479910009956598, 0.000000000000000000 ) ) ;
#4088 = LINE ( 'NONE', #4052, #1100 ) ;
#4089 = VERTEX_POINT ( 'NONE', #5874 ) ;
#4090 = ORIENTED_EDGE ( 'NONE', *, *, #163, .F. ) ;
#4091 = VECTOR ( 'NONE', #5729, 1000.000000000000000 ) ;
#4092 = EDGE_CURVE ( 'NONE', #2760, #114, #416, .T. ) ;
#4093 = CARTESIAN_POINT ( 'NONE',  ( 8.608240758198650866, -27.06847516654442032, -3.000000000000000000 ) ) ;
#4094 = DIRECTION ( 'NONE',  ( -1.000000000000000000, 0.000000000000000000, 0.000000000000000000 ) ) ;
#4095 = CARTESIAN_POINT ( 'NONE',  ( 18.18107110879546795, -29.02435452518491488, 1.000000000000000000 ) ) ;
#4096 = AXIS2_PLACEMENT_3D ( 'NONE', #732, #4912, #4356 ) ;
#4097 = EDGE_CURVE ( 'NONE', #6812, #3612, #5460, .T. ) ;
#4098 = AXIS2_PLACEMENT_3D ( 'NONE', #6070, #2995, #6103 ) ;
#4099 = CARTESIAN_POINT ( 'NONE',  ( 5.783580688646249968, -31.05707297069714912, 0.5000000000000000000 ) ) ;
#4100 = CARTESIAN_POINT ( 'NONE',  ( 7.416339144419217710, -29.58890514783047365, -1.000000000000000000 ) ) ;
#4101 = EDGE_CURVE ( 'NONE', #4383, #2040, #9, .T. ) ;
#4102 = ORIENTED_EDGE ( 'NONE', *, *, #433, .T. ) ;
#4103 = DIRECTION ( 'NONE',  ( 0.000000000000000000, 0.000000000000000000, 1.000000000000000000 ) ) ;
#4104 = VECTOR ( 'NONE', #1260, 1000.000000000000000 ) ;
#4105 = ORIENTED_EDGE ( 'NONE', *, *, #5585, .F. ) ;
#4106 = FACE_OUTER_BOUND ( 'NONE', #2129, .T. ) ;
#4107 = CARTESIAN_POINT ( 'NONE',  ( 8.565525622415876228, -36.15036790366760044, 1.000000000000000000 ) ) ;
#4108 = VERTEX_POINT ( 'NONE', #1190 ) ;
#4109 = CARTESIAN_POINT ( 'NONE',  ( 9.625558381474968783, 11.63520089990043260, 1.000000000000000000 ) ) ;
#4110 = CARTESIAN_POINT ( 'NONE',  ( 47.48286430354961851, -41.11841504291471949, 1.000000000000000000 ) ) ;
#4111 = ORIENTED_EDGE ( 'NONE', *, *, #5970, .F. ) ;
#4112 = ADVANCED_FACE ( 'NONE', ( #4870, #1344 ), #2523, .T. ) ;
#4113 = CARTESIAN_POINT ( 'NONE',  ( -0.04664651359985515222, -44.80107710252919162, -13.37233378202382283 ) ) ;
#4114 = ORIENTED_EDGE ( 'NONE', *, *, #6046, .F. ) ;
#4115 = DIRECTION ( 'NONE',  ( 1.000000000000000000, 0.000000000000000000, 0.000000000000000000 ) ) ;
#4116 = CARTESIAN_POINT ( 'NONE',  ( 32.48338076306245625, -31.97260846456628869, 1.250000000000000000 ) ) ;
#4117 = ORIENTED_EDGE ( 'NONE', *, *, #6805, .T. ) ;
#4118 = CARTESIAN_POINT ( 'NONE',  ( 12.71763840816227997, -36.69081636792130041, 1.000000000000000888 ) ) ;
#4119 = DIRECTION ( 'NONE',  ( -8.042586066086101344E-17, -3.070295484789979924E-17, -1.000000000000000000 ) ) ;
#4120 = EDGE_CURVE ( 'NONE', #3521, #4934, #4791, .T. ) ;
#4121 = CARTESIAN_POINT ( 'NONE',  ( -3.109655412721124002, -41.11841504291472660, -11.50000000000000000 ) ) ;
#4122 = ORIENTED_EDGE ( 'NONE', *, *, #265, .T. ) ;
#4123 = CARTESIAN_POINT ( 'NONE',  ( 24.70913551661012164, -34.07212628089703088, 0.5000000000000000000 ) ) ;
#4124 = DIRECTION ( 'NONE',  ( -1.000000000000000000, -1.668315467342550204E-16, 0.000000000000000000 ) ) ;
#4125 = EDGE_CURVE ( 'NONE', #5173, #4690, #7479, .T. ) ;
#4126 = CARTESIAN_POINT ( 'NONE',  ( -3.109655412721123557, -15.26500368935729313, -11.50000000000000000 ) ) ;
#4127 = CARTESIAN_POINT ( 'NONE',  ( 10.51133605906845148, -24.76759449452900341, -3.000000000000000000 ) ) ;
#4128 = EDGE_LOOP ( 'NONE', ( #6104, #4945, #7576, #501 ) ) ;
#4129 = AXIS2_PLACEMENT_3D ( 'NONE', #134, #2456, #4763 ) ;
#4130 = ORIENTED_EDGE ( 'NONE', *, *, #1796, .T. ) ;
#4131 = EDGE_LOOP ( 'NONE', ( #6290, #7714, #6623, #6400, #6246 ) ) ;
#4132 = CARTESIAN_POINT ( 'NONE',  ( 2.390344587278904420, 22.74374527427766068, -11.50000000000000000 ) ) ;
#4133 = DIRECTION ( 'NONE',  ( 0.000000000000000000, 1.000000000000000000, 0.000000000000000000 ) ) ;
#4134 = CARTESIAN_POINT ( 'NONE',  ( 19.11257092009563152, -36.58506616600631389, 1.000000000000000444 ) ) ;
#4135 = B_SPLINE_CURVE_WITH_KNOTS ( 'NONE', 3,
 ( #3729, #2495, #7329, #3042, #2453, #1903, #733, #1312, #4174, #3692, #3117, #5509, #130, #168, #6580, #2566, #615, #4801, #4915, #4247, #6147, #1198, #7254, #3580, #5389, #2416, #7215, #6657, #1277, #6407, #5894, #1060, #3405, #467, #2862, #388, #7629, #5392 ),
 .UNSPECIFIED., .F., .F.,
 ( 4, 2, 2, 2, 2, 2, 2, 2, 2, 2, 2, 2, 2, 2, 2, 2, 2, 2, 4 ),
 ( 0.0003000380540343291786, 0.001237459364984658163, 0.002174880675934987365, 0.003112301986885317000, 0.004049723297835645767, 0.004987144608785974535, 0.005924565919736304170, 0.006861987230686632938, 0.007799408541636961706, 0.008736829852587292208, 0.009674251163537620976, 0.01061167247448795148, 0.01108038312996311586, 0.01154909378543828025, 0.01201780444091344463, 0.01248651509638861769, 0.01342393640733897768, 0.01436135771828933767, 0.01529877902923969593 ),
 .UNSPECIFIED. ) ;
#4136 = VECTOR ( 'NONE', #3531, 1000.000000000000000 ) ;
#4137 = DIRECTION ( 'NONE',  ( 1.000000000000000000, 0.000000000000000000, 0.000000000000000000 ) ) ;
#4138 = ORIENTED_EDGE ( 'NONE', *, *, #614, .T. ) ;
#4139 = VECTOR ( 'NONE', #5937, 1000.000000000000000 ) ;
#4140 = PLANE ( 'NONE',  #3025 ) ;
#4141 = ADVANCED_FACE ( 'NONE', ( #5989 ), #4703, .F. ) ;
#4142 = VERTEX_POINT ( 'NONE', #6608 ) ;
#4143 = CARTESIAN_POINT ( 'NONE',  ( 42.75536511354717817, -31.38865712849714384, -4.163148035801221170 ) ) ;
#4144 = CARTESIAN_POINT ( 'NONE',  ( 2.890344587278897759, 21.24374527427766779, -2.000000000000000000 ) ) ;
#4145 = EDGE_LOOP ( 'NONE', ( #7228, #1763, #6879, #378 ) ) ;
#4146 = CARTESIAN_POINT ( 'NONE',  ( 1.335016159205053343, -43.23723148550483586, -9.047210079157837370 ) ) ;
#4147 = AXIS2_PLACEMENT_3D ( 'NONE', #5597, #7502, #6823 ) ;
#4148 = DIRECTION ( 'NONE',  ( 0.000000000000000000, 0.000000000000000000, -1.000000000000000000 ) ) ;
#4149 = DIRECTION ( 'NONE',  ( 0.000000000000000000, -1.000000000000000000, 0.000000000000000000 ) ) ;
#4150 = EDGE_CURVE ( 'NONE', #3045, #5350, #2052, .T. ) ;
#4151 = ORIENTED_EDGE ( 'NONE', *, *, #1018, .F. ) ;
#4152 = DIRECTION ( 'NONE',  ( -1.000000000000000000, 0.000000000000000000, 0.000000000000000000 ) ) ;
#4153 = CIRCLE ( 'NONE', #5800, 1.550000000000002709 ) ;
#4154 = CARTESIAN_POINT ( 'NONE',  ( 48.87309483438121305, -29.00591734882469908, -11.50000000000000000 ) ) ;
#4155 = ORIENTED_EDGE ( 'NONE', *, *, #4992, .T. ) ;
#4156 = ADVANCED_FACE ( 'NONE', ( #5701 ), #1585, .T. ) ;
#4157 = CARTESIAN_POINT ( 'NONE',  ( 14.14875822259366522, -31.36709172869874607, 1.000000000000000000 ) ) ;
#4158 = DIRECTION ( 'NONE',  ( -1.000000000000000000, -0.000000000000000000, -0.000000000000000000 ) ) ;
#4159 = CIRCLE ( 'NONE', #146, 0.7999999999999292122 ) ;
#4160 = EDGE_CURVE ( 'NONE', #4168, #5561, #2206, .T. ) ;
#4161 = DIRECTION ( 'NONE',  ( -1.000000000000000000, 0.000000000000000000, 2.710505431213748266E-16 ) ) ;
#4162 = VERTEX_POINT ( 'NONE', #198 ) ;
#4163 = CARTESIAN_POINT ( 'NONE',  ( 25.15354901609699567, -32.27043681121332952, 1.000000000000000000 ) ) ;
#4164 = CARTESIAN_POINT ( 'NONE',  ( 13.24483962345024857, -36.92568030263805667, 1.000000000000000000 ) ) ;
#4165 = CARTESIAN_POINT ( 'NONE',  ( 5.535787092175270097, -32.05823040067503626, 0.5000000000000002220 ) ) ;
#4166 = AXIS2_PLACEMENT_3D ( 'NONE', #3170, #5565, #712 ) ;
#4167 = DIRECTION ( 'NONE',  ( 1.000000000000000000, 0.000000000000000000, 0.000000000000000000 ) ) ;
#4168 = VERTEX_POINT ( 'NONE', #5025 ) ;
#4169 = ORIENTED_EDGE ( 'NONE', *, *, #3009, .T. ) ;
#4170 = ORIENTED_EDGE ( 'NONE', *, *, #7650, .F. ) ;
#4171 = CARTESIAN_POINT ( 'NONE',  ( 44.22735356466323964, -45.61841504291471949, -11.50000000000000000 ) ) ;
#4172 = FACE_BOUND ( 'NONE', #5482, .T. ) ;
#4173 = VECTOR ( 'NONE', #7507, 1000.000000000000000 ) ;
#4174 = CARTESIAN_POINT ( 'NONE',  ( 9.709190797447575960, -37.25864027985942073, 1.000000000000000000 ) ) ;
#4175 = CARTESIAN_POINT ( 'NONE',  ( -1.609655412721123557, -15.26500368935729135, -7.551502062183216957 ) ) ;
#4176 = EDGE_CURVE ( 'NONE', #6188, #401, #7440, .T. ) ;
#4177 = CARTESIAN_POINT ( 'NONE',  ( 7.823795977365374021, -29.34638466509406385, -1.000000000000000444 ) ) ;
#4178 = CARTESIAN_POINT ( 'NONE',  ( 43.98256164536415724, 22.74374527427766779, -13.43649167310371340 ) ) ;
#4179 = CYLINDRICAL_SURFACE ( 'NONE', #1541, 0.8000000000000020428 ) ;
#4180 = DIRECTION ( 'NONE',  ( 0.5466996064771054709, -0.8373288125209702448, 0.000000000000000000 ) ) ;
#4181 = ORIENTED_EDGE ( 'NONE', *, *, #5633, .F. ) ;
#4182 = DIRECTION ( 'NONE',  ( -1.000000000000000000, 0.000000000000000000, -0.000000000000000000 ) ) ;
#4183 = CARTESIAN_POINT ( 'NONE',  ( 42.43323950058334759, -40.97692647319937720, -11.63931738759456991 ) ) ;
#4184 = CARTESIAN_POINT ( 'NONE',  ( 44.48286430354959009, -44.11841504291471949, -2.000000000000000000 ) ) ;
#4185 = ORIENTED_EDGE ( 'NONE', *, *, #6202, .T. ) ;
#4186 = DIRECTION ( 'NONE',  ( -1.000000000000000000, 0.000000000000000000, 0.000000000000000000 ) ) ;
#4187 = CARTESIAN_POINT ( 'NONE',  ( 19.88301431303723987, -36.43314555009283850, 1.000000000000000000 ) ) ;
#4188 = CARTESIAN_POINT ( 'NONE',  ( 7.387036712235214964, -29.02452577797364341, 1.000000000000000000 ) ) ;
#4189 = ORIENTED_EDGE ( 'NONE', *, *, #2077, .F. ) ;
#4190 = CARTESIAN_POINT ( 'NONE',  ( 11.21470906985560134, -28.01674144329364680, 1.000000000000000000 ) ) ;
#4191 = EDGE_CURVE ( 'NONE', #7389, #2428, #3842, .T. ) ;
#4192 = FACE_OUTER_BOUND ( 'NONE', #4534, .T. ) ;
#4193 = CARTESIAN_POINT ( 'NONE',  ( 44.27741491030283072, 22.24374527427767134, -11.50000000000000355 ) ) ;
#4194 = EDGE_LOOP ( 'NONE', ( #1129, #7728, #339, #5734, #3075, #3283, #191, #3688, #7035, #2857, #1774, #1568, #4603, #2321, #2468, #6781, #6698 ) ) ;
#4195 = EDGE_CURVE ( 'NONE', #5836, #1680, #2330, .T. ) ;
#4196 = AXIS2_PLACEMENT_3D ( 'NONE', #2407, #3033, #7245 ) ;
#4197 = CARTESIAN_POINT ( 'NONE',  ( 22.83463427892293751, -28.93445686221956947, 0.9999999999997615241 ) ) ;
#4198 = DIRECTION ( 'NONE',  ( -1.000000000000000000, 0.000000000000000000, 0.000000000000000000 ) ) ;
#4199 = CARTESIAN_POINT ( 'NONE',  ( 7.854968546746553315, -35.71714208850394101, 0.5000000000000001110 ) ) ;
#4200 = AXIS2_PLACEMENT_3D ( 'NONE', #3015, #3088, #4810 ) ;
#4201 = DIRECTION ( 'NONE',  ( 1.000000000000000000, -0.000000000000000000, -0.000000000000000000 ) ) ;
#4202 = EDGE_LOOP ( 'NONE', ( #1232, #6672, #6426, #6950, #5586 ) ) ;
#4203 = ORIENTED_EDGE ( 'NONE', *, *, #1289, .F. ) ;
#4204 = EDGE_CURVE ( 'NONE', #771, #4872, #4392, .T. ) ;
#4205 = ORIENTED_EDGE ( 'NONE', *, *, #4494, .T. ) ;
#4206 = CARTESIAN_POINT ( 'NONE',  ( 34.25612515595094720, -43.29767075805705900, -1.201502112509223341 ) ) ;
#4207 = CARTESIAN_POINT ( 'NONE',  ( -1.609655412721123557, -23.25500368935529139, -8.211502062182216122 ) ) ;
#4208 = VECTOR ( 'NONE', #2039, 1000.000000000000000 ) ;
#4209 = CARTESIAN_POINT ( 'NONE',  ( 46.08259321813340392, -10.37268082840335559, -5.000000000000000000 ) ) ;
#4210 = CARTESIAN_POINT ( 'NONE',  ( 8.202730447109999545, 22.74374527427766068, -2.000000000000010658 ) ) ;
#4211 = TOROIDAL_SURFACE ( 'NONE', #7522, 3.000000000000005773, 1.000000000000000000 ) ;
#4212 = ORIENTED_EDGE ( 'NONE', *, *, #5241, .F. ) ;
#4213 = CARTESIAN_POINT ( 'NONE',  ( 8.884817161846983780, -28.84632543663909132, -1.000000000000000444 ) ) ;
#4214 = VERTEX_POINT ( 'NONE', #7476 ) ;
#4215 = DIRECTION ( 'NONE',  ( 0.000000000000000000, -1.000000000000000000, -0.000000000000000000 ) ) ;
#4216 = LINE ( 'NONE', #3586, #5807 ) ;
#4217 = VECTOR ( 'NONE', #2666, 1000.000000000000000 ) ;
#4218 = AXIS2_PLACEMENT_3D ( 'NONE', #316, #2127, #2054 ) ;
#4219 = CARTESIAN_POINT ( 'NONE',  ( 42.43323950058334759, -45.61841504291471949, -1.000000000000000000 ) ) ;
#4220 = VERTEX_POINT ( 'NONE', #6297 ) ;
#4221 = ADVANCED_FACE ( 'NONE', ( #6799 ), #3181, .F. ) ;
#4222 = PLANE ( 'NONE',  #4200 ) ;
#4223 = DIRECTION ( 'NONE',  ( 0.000000000000000000, 0.000000000000000000, -1.000000000000000000 ) ) ;
#4224 = AXIS2_PLACEMENT_3D ( 'NONE', #1770, #667, #3056 ) ;
#4225 = LINE ( 'NONE', #6015, #3262 ) ;
#4226 = ORIENTED_EDGE ( 'NONE', *, *, #92, .F. ) ;
#4227 = CARTESIAN_POINT ( 'NONE',  ( 32.48338076306245625, -31.97260846456628869, 1.250000000000000000 ) ) ;
#4228 = CARTESIAN_POINT ( 'NONE',  ( 23.78502260796133783, -37.10930952139289474, 1.000000000000000000 ) ) ;
#4229 = CARTESIAN_POINT ( 'NONE',  ( 2.390344587278876443, -41.61841504291471949, -4.663148035801216729 ) ) ;
#4230 = ORIENTED_EDGE ( 'NONE', *, *, #6149, .F. ) ;
#4231 = VECTOR ( 'NONE', #4412, 1000.000000000000000 ) ;
#4232 = CARTESIAN_POINT ( 'NONE',  ( 12.14492974442809192, -29.01658598032729230, 0.5000000000000000000 ) ) ;
#4233 = CARTESIAN_POINT ( 'NONE',  ( 44.27741491030282361, 21.24374527427767489, -2.000000000000000000 ) ) ;
#4234 = CARTESIAN_POINT ( 'NONE',  ( 22.00753710875365243, -28.01630748009421623, 1.000000000000000000 ) ) ;
#4235 = ORIENTED_EDGE ( 'NONE', *, *, #84, .T. ) ;
#4236 = CARTESIAN_POINT ( 'NONE',  ( 25.24163132420124001, -33.19255952097775264, 1.000000000000000000 ) ) ;
#4237 = EDGE_CURVE ( 'NONE', #165, #4874, #6976, .T. ) ;
#4238 = LINE ( 'NONE', #3683, #5277 ) ;
#4239 = CARTESIAN_POINT ( 'NONE',  ( 11.68059199613196419, -37.05505266200302117, 0.4999999999999998890 ) ) ;
#4240 = DIRECTION ( 'NONE',  ( -1.000000000000000000, 0.000000000000000000, 0.000000000000000000 ) ) ;
#4241 = VERTEX_POINT ( 'NONE', #3260 ) ;
#4242 = VERTEX_POINT ( 'NONE', #5660 ) ;
#4243 = CARTESIAN_POINT ( 'NONE',  ( -0.1096554127211213370, -41.11841504291471949, 1.000000000000000000 ) ) ;
#4244 = CARTESIAN_POINT ( 'NONE',  ( 37.72555838147486185, 11.54623778400322109, -2.000000000000011102 ) ) ;
#4245 = PLANE ( 'NONE',  #333 ) ;
#4246 = EDGE_CURVE ( 'NONE', #648, #2659, #7611, .T. ) ;
#4247 = CARTESIAN_POINT ( 'NONE',  ( 5.547661739255102198, -34.17093473797336856, 1.000000000000000000 ) ) ;
#4248 = EDGE_CURVE ( 'NONE', #7729, #6947, #2086, .T. ) ;
#4249 = EDGE_CURVE ( 'NONE', #4039, #228, #5103, .T. ) ;
#4250 = CARTESIAN_POINT ( 'NONE',  ( 23.70130389400118531, -36.54940298368431684, 0.5000000000000000000 ) ) ;
#4251 = CARTESIAN_POINT ( 'NONE',  ( 13.32634404446733889, -36.09224672967521030, 0.5000000000000000000 ) ) ;
#4252 = ORIENTED_EDGE ( 'NONE', *, *, #3009, .F. ) ;
#4253 = EDGE_CURVE ( 'NONE', #3321, #3156, #5203, .T. ) ;
#4254 = FACE_BOUND ( 'NONE', #1572, .T. ) ;
#4255 = DIRECTION ( 'NONE',  ( -0.000000000000000000, -0.000000000000000000, 1.000000000000000000 ) ) ;
#4256 = VECTOR ( 'NONE', #2290, 1000.000000000000000 ) ;
#4257 = DIRECTION ( 'NONE',  ( -1.000000000000000000, 0.000000000000000000, 0.000000000000000000 ) ) ;
#4258 = EDGE_CURVE ( 'NONE', #310, #1571, #3814, .T. ) ;
#4259 = DIRECTION ( 'NONE',  ( -0.000000000000000000, -0.000000000000000000, 1.000000000000000000 ) ) ;
#4260 = DIRECTION ( 'NONE',  ( 1.000000000000000000, -0.000000000000000000, 0.000000000000000000 ) ) ;
#4261 = ORIENTED_EDGE ( 'NONE', *, *, #1918, .T. ) ;
#4262 = LINE ( 'NONE', #5522, #5647 ) ;
#4263 = EDGE_CURVE ( 'NONE', #2788, #4036, #5577, .T. ) ;
#4264 = ORIENTED_EDGE ( 'NONE', *, *, #1046, .F. ) ;
#4265 = EDGE_CURVE ( 'NONE', #1173, #6511, #6760, .T. ) ;
#4266 = PLANE ( 'NONE',  #7060 ) ;
#4267 = CARTESIAN_POINT ( 'NONE',  ( 2.890344587278919075, 24.24374527427766424, -11.50000000000000000 ) ) ;
#4268 = CARTESIAN_POINT ( 'NONE',  ( 6.691869189122386707, -30.11588293441595710, 0.5000000000000000000 ) ) ;
#4269 = AXIS2_PLACEMENT_3D ( 'NONE', #799, #4828, #80 ) ;
#4270 = EDGE_LOOP ( 'NONE', ( #647, #6165, #7353, #2435, #1386 ) ) ;
#4271 = VECTOR ( 'NONE', #4654, 1000.000000000000000 ) ;
#4272 = CARTESIAN_POINT ( 'NONE',  ( 13.79565612540235797, -34.77626683942904862, 0.5000000000000000000 ) ) ;
#4273 = DIRECTION ( 'NONE',  ( 0.000000000000000000, 1.000000000000000000, 0.000000000000000000 ) ) ;
#4274 = LINE ( 'NONE', #6756, #6279 ) ;
#4275 = ADVANCED_FACE ( 'NONE', ( #7400, #3800 ), #838, .T. ) ;
#4276 = ORIENTED_EDGE ( 'NONE', *, *, #7358, .F. ) ;
#4277 = DIRECTION ( 'NONE',  ( 1.000000000000000000, 0.000000000000000000, 0.000000000000000000 ) ) ;
#4278 = CARTESIAN_POINT ( 'NONE',  ( 46.08259321813340392, 14.42020381552566732, -5.000000000000000000 ) ) ;
#4279 = CARTESIAN_POINT ( 'NONE',  ( 5.703482573974045344, -31.38983418675201520, 0.5000000000000000000 ) ) ;
#4280 = CIRCLE ( 'NONE', #1038, 3.000000000000006217 ) ;
#4281 = FACE_OUTER_BOUND ( 'NONE', #5567, .T. ) ;
#4282 = ORIENTED_EDGE ( 'NONE', *, *, #1526, .T. ) ;
#4283 = EDGE_LOOP ( 'NONE', ( #6173, #1964, #5463, #4653 ) ) ;
#4284 = DIRECTION ( 'NONE',  ( 0.000000000000000000, 1.000000000000000000, 0.000000000000000000 ) ) ;
#4285 = DIRECTION ( 'NONE',  ( 1.000000000000000000, 0.000000000000000000, 0.000000000000000000 ) ) ;
#4286 = CIRCLE ( 'NONE', #1549, 3.000000000000000000 ) ;
#4287 = LINE ( 'NONE', #6110, #6854 ) ;
#4288 = CARTESIAN_POINT ( 'NONE',  ( 24.42104293564898754, -35.39906061351875621, 0.5000000000000000000 ) ) ;
#4289 = EDGE_CURVE ( 'NONE', #7693, #222, #577, .T. ) ;
#4290 = ORIENTED_EDGE ( 'NONE', *, *, #6469, .F. ) ;
#4291 = CARTESIAN_POINT ( 'NONE',  ( 10.93811458722733931, -28.45804144394396218, 0.5000000000000000000 ) ) ;
#4292 = EDGE_LOOP ( 'NONE', ( #2686, #7248, #5051, #98 ) ) ;
#4293 = VECTOR ( 'NONE', #1294, 1000.000000000000000 ) ;
#4294 = CARTESIAN_POINT ( 'NONE',  ( 23.70130389400117821, -36.54940298368433105, -1.000000000000000000 ) ) ;
#4295 = EDGE_CURVE ( 'NONE', #5498, #3595, #5862, .T. ) ;
#4296 = CARTESIAN_POINT ( 'NONE',  ( 8.202730447109999545, 15.31055444116485198, -2.000000000000011102 ) ) ;
#4297 = CARTESIAN_POINT ( 'NONE',  ( 31.27174601004611887, -39.42070666598473139, -13.26766223891080720 ) ) ;
#4298 = DIRECTION ( 'NONE',  ( -0.000000000000000000, -0.000000000000000000, -1.000000000000000000 ) ) ;
#4299 = LINE ( 'NONE', #6591, #3485 ) ;
#4300 = DIRECTION ( 'NONE',  ( -1.000000000000000000, -0.000000000000000000, -0.000000000000000000 ) ) ;
#4301 = ORIENTED_EDGE ( 'NONE', *, *, #7556, .T. ) ;
#4302 = CARTESIAN_POINT ( 'NONE',  ( 22.69196348176257416, -37.01369080435686243, 0.5000000000000000000 ) ) ;
#4303 = CARTESIAN_POINT ( 'NONE',  ( 25.68877323985573824, -45.11841504291469107, -3.684504751596059613 ) ) ;
#4304 = CARTESIAN_POINT ( 'NONE',  ( 12.34334880155074643, -45.61841504291471239, -13.26766223891080720 ) ) ;
#4305 = ORIENTED_EDGE ( 'NONE', *, *, #1570, .T. ) ;
#4306 = CARTESIAN_POINT ( 'NONE',  ( 8.965874482503945586, -28.81660267519115592, 0.5000000000000000000 ) ) ;
#4307 = DIRECTION ( 'NONE',  ( -1.000000000000000000, 2.469311568473896000E-33, 8.042586066086100112E-17 ) ) ;
#4308 = DIRECTION ( 'NONE',  ( 0.000000000000000000, -1.000000000000000000, 3.070295484789979924E-17 ) ) ;
#4309 = ORIENTED_EDGE ( 'NONE', *, *, #2874, .F. ) ;
#4310 = CARTESIAN_POINT ( 'NONE',  ( 19.57792974353464643, -28.35029765962218207, 1.000000000000000000 ) ) ;
#4311 = CARTESIAN_POINT ( 'NONE',  ( 0.3512439203877670835, -4.664145929984653272, -2.000000000000013767 ) ) ;
#4312 = DIRECTION ( 'NONE',  ( -1.000000000000000000, 0.000000000000000000, 2.710505431213748266E-16 ) ) ;
#4313 = ADVANCED_FACE ( 'NONE', ( #1667 ), #3999, .T. ) ;
#4314 = DIRECTION ( 'NONE',  ( -1.000000000000000000, 0.000000000000000000, 0.000000000000000000 ) ) ;
#4315 = ORIENTED_EDGE ( 'NONE', *, *, #1284, .T. ) ;
#4316 = ORIENTED_EDGE ( 'NONE', *, *, #5808, .T. ) ;
#4317 = DIRECTION ( 'NONE',  ( 0.000000000000000000, -0.000000000000000000, 1.000000000000000000 ) ) ;
#4318 = DIRECTION ( 'NONE',  ( -1.000000000000000000, 0.000000000000000000, 8.042586066086100112E-17 ) ) ;
#4319 = AXIS2_PLACEMENT_3D ( 'NONE', #982, #6997, #3908 ) ;
#4320 = DIRECTION ( 'NONE',  ( 0.000000000000000000, 1.000000000000000000, 0.000000000000000000 ) ) ;
#4321 = CARTESIAN_POINT ( 'NONE',  ( 47.22748563124826404, -44.27041968369095315, -13.49243568477990074 ) ) ;
#4322 = ORIENTED_EDGE ( 'NONE', *, *, #6849, .T. ) ;
#4323 = CARTESIAN_POINT ( 'NONE',  ( 13.06525598463520765, -36.41496353827751165, 0.5000000000000000000 ) ) ;
#4324 = DIRECTION ( 'NONE',  ( 0.000000000000000000, 0.000000000000000000, -1.000000000000000000 ) ) ;
#4325 = CARTESIAN_POINT ( 'NONE',  ( 5.443766477962406647, -38.75495671797978758, -1.000000000000000000 ) ) ;
#4326 = ADVANCED_FACE ( 'NONE', ( #2208 ), #6489, .T. ) ;
#4327 = LINE ( 'NONE', #4297, #3656 ) ;
#4328 = VECTOR ( 'NONE', #1647, 1000.000000000000000 ) ;
#4329 = DIRECTION ( 'NONE',  ( 1.000000000000000000, 0.000000000000000000, 0.000000000000000000 ) ) ;
#4330 = EDGE_CURVE ( 'NONE', #1212, #3373, #4705, .T. ) ;
#4331 = DIRECTION ( 'NONE',  ( 1.012926086421548048E-15, -1.000000000000000000, -0.000000000000000000 ) ) ;
#4332 = DIRECTION ( 'NONE',  ( -1.000000000000000000, 2.775557561562892534E-15, 0.000000000000000000 ) ) ;
#4333 = VECTOR ( 'NONE', #4380, 1000.000000000000000 ) ;
#4334 = VERTEX_POINT ( 'NONE', #4627 ) ;
#4335 = VECTOR ( 'NONE', #3154, 1000.000000000000000 ) ;
#4336 = CARTESIAN_POINT ( 'NONE',  ( 19.35956001898471968, -36.15019665088419032, 1.000000000000000000 ) ) ;
#4337 = EDGE_CURVE ( 'NONE', #571, #4383, #3337, .T. ) ;
#4338 = DIRECTION ( 'NONE',  ( -1.000000000000000000, 0.000000000000000000, 0.000000000000000000 ) ) ;
#4339 = CARTESIAN_POINT ( 'NONE',  ( 42.75536511354717817, -31.38865712849714384, -4.163148035801221170 ) ) ;
#4340 = ORIENTED_EDGE ( 'NONE', *, *, #3641, .F. ) ;
#4341 = CARTESIAN_POINT ( 'NONE',  ( 8.153160924192244252, -29.17028520641322586, 1.000000000000471401 ) ) ;
#4342 = ADVANCED_FACE ( 'NONE', ( #1743 ), #6299, .T. ) ;
#4343 = VECTOR ( 'NONE', #5190, 1000.000000000000000 ) ;
#4344 = DIRECTION ( 'NONE',  ( 0.000000000000000000, 0.000000000000000000, 1.000000000000000000 ) ) ;
#4345 = CARTESIAN_POINT ( 'NONE',  ( 5.925558381474854031, 4.686048302902208640, -1.000000000000000000 ) ) ;
#4346 = ORIENTED_EDGE ( 'NONE', *, *, #7192, .F. ) ;
#4347 = CARTESIAN_POINT ( 'NONE',  ( 36.03106969813007510, 15.31055444116484487, -1.000000000000000000 ) ) ;
#4348 = CIRCLE ( 'NONE', #2730, 0.2500000000000002220 ) ;
#4349 = FACE_OUTER_BOUND ( 'NONE', #1939, .T. ) ;
#4350 = DIRECTION ( 'NONE',  ( -0.000000000000000000, -0.000000000000000000, 1.000000000000000000 ) ) ;
#4351 = EDGE_CURVE ( 'NONE', #5196, #1078, #6102, .T. ) ;
#4352 = LINE ( 'NONE', #6723, #4599 ) ;
#4353 = EDGE_LOOP ( 'NONE', ( #578, #3549, #1543, #5750 ) ) ;
#4354 = ORIENTED_EDGE ( 'NONE', *, *, #2406, .F. ) ;
#4355 = LINE ( 'NONE', #203, #492 ) ;
#4356 = DIRECTION ( 'NONE',  ( -5.501601722518989248E-16, 1.000000000000000000, 0.000000000000000000 ) ) ;
#4357 = ADVANCED_FACE ( 'NONE', ( #1998 ), #6722, .T. ) ;
#4358 = EDGE_CURVE ( 'NONE', #4805, #5599, #1372, .T. ) ;
#4359 = CARTESIAN_POINT ( 'NONE',  ( -1.609655412721123557, -24.80500368935529210, -8.211502062182216122 ) ) ;
#4360 = LINE ( 'NONE', #810, #1343 ) ;
#4361 = ORIENTED_EDGE ( 'NONE', *, *, #5600, .F. ) ;
#4362 = EDGE_LOOP ( 'NONE', ( #3333, #1395 ) ) ;
#4363 = CARTESIAN_POINT ( 'NONE',  ( 32.48338076306245625, -31.97260846456628869, 1.000000000000000000 ) ) ;
#4364 = CARTESIAN_POINT ( 'NONE',  ( 8.783460432020511632, -28.35064269588157870, 0.9999999999999997780 ) ) ;
#4365 = CARTESIAN_POINT ( 'NONE',  ( 16.73335995259762754, -30.90572701562246039, 0.5000000000000000000 ) ) ;
#4366 = ORIENTED_EDGE ( 'NONE', *, *, #3149, .F. ) ;
#4367 = AXIS2_PLACEMENT_3D ( 'NONE', #7444, #3880, #7013 ) ;
#4368 = DIRECTION ( 'NONE',  ( 0.000000000000000000, -0.000000000000000000, 1.000000000000000000 ) ) ;
#4369 = LINE ( 'NONE', #6776, #3463 ) ;
#4370 = VECTOR ( 'NONE', #996, 1000.000000000000000 ) ;
#4371 = FACE_OUTER_BOUND ( 'NONE', #2933, .T. ) ;
#4372 = ORIENTED_EDGE ( 'NONE', *, *, #3893, .F. ) ;
#4373 = ORIENTED_EDGE ( 'NONE', *, *, #4097, .T. ) ;
#4374 = DIRECTION ( 'NONE',  ( 0.000000000000000000, -0.000000000000000000, 1.000000000000000000 ) ) ;
#4375 = CARTESIAN_POINT ( 'NONE',  ( 5.542956546231157411, -32.00568064151260472, 0.5000000000000000000 ) ) ;
#4376 = PLANE ( 'NONE',  #7359 ) ;
#4377 = VERTEX_POINT ( 'NONE', #2665 ) ;
#4378 = CARTESIAN_POINT ( 'NONE',  ( 48.87309483438121305, -26.38459728854136799, -5.285192739890203661 ) ) ;
#4379 = VECTOR ( 'NONE', #2990, 1000.000000000000000 ) ;
#4380 = DIRECTION ( 'NONE',  ( 1.000000000000000000, -0.000000000000000000, -0.000000000000000000 ) ) ;
#4381 = DIRECTION ( 'NONE',  ( 1.000000000000000000, 0.000000000000000000, 0.000000000000000000 ) ) ;
#4382 = ADVANCED_FACE ( 'NONE', ( #7467 ), #6713, .F. ) ;
#4383 = VERTEX_POINT ( 'NONE', #6872 ) ;
#4384 = LINE ( 'NONE', #117, #1259 ) ;
#4385 = EDGE_LOOP ( 'NONE', ( #6654, #1195 ) ) ;
#4386 = VECTOR ( 'NONE', #2675, 1000.000000000000000 ) ;
#4387 = CARTESIAN_POINT ( 'NONE',  ( 23.54473378045662457, -36.66905930301992100, 0.5000000000000000000 ) ) ;
#4388 = LINE ( 'NONE', #7320, #7639 ) ;
#4389 = EDGE_CURVE ( 'NONE', #5640, #7158, #6167, .T. ) ;
#4390 = EDGE_CURVE ( 'NONE', #3822, #5790, #151, .T. ) ;
#4391 = FACE_OUTER_BOUND ( 'NONE', #3312, .T. ) ;
#4392 = LINE ( 'NONE', #6177, #6345 ) ;
#4393 = EDGE_CURVE ( 'NONE', #6292, #1899, #195, .T. ) ;
#4394 = CARTESIAN_POINT ( 'NONE',  ( 16.33103497345389243, -32.61282858608447555, 0.4999999999999998890 ) ) ;
#4395 = VERTEX_POINT ( 'NONE', #4378 ) ;
#4396 = ORIENTED_EDGE ( 'NONE', *, *, #7777, .F. ) ;
#4397 = DIRECTION ( 'NONE',  ( 1.000000000000000000, -0.000000000000000000, -0.000000000000000000 ) ) ;
#4398 = DIRECTION ( 'NONE',  ( -1.000000000000000000, 0.000000000000000000, 0.000000000000000000 ) ) ;
#4399 = VECTOR ( 'NONE', #5996, 1000.000000000000000 ) ;
#4400 = CARTESIAN_POINT ( 'NONE',  ( 44.48286430354956877, -47.11841504291472660, -11.50000000000000178 ) ) ;
#4401 = CARTESIAN_POINT ( 'NONE',  ( 37.02555838147497980, 11.63520089990043083, 0.000000000000000000 ) ) ;
#4402 = ORIENTED_EDGE ( 'NONE', *, *, #569, .F. ) ;
#4403 = VECTOR ( 'NONE', #2183, 1000.000000000000000 ) ;
#4404 = EDGE_LOOP ( 'NONE', ( #505, #4012, #2747, #3363, #2337, #6131, #4682, #784, #338, #4361, #3024, #2260, #132, #1533, #4498, #1824, #2229, #5384, #1164, #7107, #3845 ) ) ;
#4405 = CARTESIAN_POINT ( 'NONE',  ( 18.79985600311794514, -35.82748228364955168, -1.000000000000000000 ) ) ;
#4406 = VERTEX_POINT ( 'NONE', #3327 ) ;
#4407 = FACE_OUTER_BOUND ( 'NONE', #586, .T. ) ;
#4408 = CARTESIAN_POINT ( 'NONE',  ( 44.22735356466323964, -45.61841504291471949, -13.43649167310370984 ) ) ;
#4409 = CARTESIAN_POINT ( 'NONE',  ( 34.02555838147497980, 11.63520089990043260, 1.000000000000000000 ) ) ;
#4410 = EDGE_CURVE ( 'NONE', #1651, #3726, #4619, .T. ) ;
#4411 = AXIS2_PLACEMENT_3D ( 'NONE', #2512, #3635, #3095 ) ;
#4412 = DIRECTION ( 'NONE',  ( 1.000000000000000000, 0.000000000000000000, 0.000000000000000000 ) ) ;
#4413 = VERTEX_POINT ( 'NONE', #7553 ) ;
#4414 = CARTESIAN_POINT ( 'NONE',  ( 42.43323950058334759, -45.61841504291471949, -6.663148035801221170 ) ) ;
#4415 = ORIENTED_EDGE ( 'NONE', *, *, #4894, .T. ) ;
#4416 = ORIENTED_EDGE ( 'NONE', *, *, #2304, .T. ) ;
#4417 = CARTESIAN_POINT ( 'NONE',  ( 25.68877323985574179, -47.11841504291469107, -8.884504751596059791 ) ) ;
#4418 = VECTOR ( 'NONE', #246, 1000.000000000000000 ) ;
#4419 = CARTESIAN_POINT ( 'NONE',  ( 5.528485755700882187, -32.13401815825457675, 0.5000000000000000000 ) ) ;
#4420 = FACE_OUTER_BOUND ( 'NONE', #5854, .T. ) ;
#4421 = ORIENTED_EDGE ( 'NONE', *, *, #6952, .F. ) ;
#4422 = CARTESIAN_POINT ( 'NONE',  ( 10.74856251205975965, -27.95433242180063971, 1.000000000000000000 ) ) ;
#4423 = DIRECTION ( 'NONE',  ( 0.000000000000000000, 0.000000000000000000, -1.000000000000000000 ) ) ;
#4424 = DIRECTION ( 'NONE',  ( 0.000000000000000000, -1.000000000000000000, -0.000000000000000000 ) ) ;
#4425 = VERTEX_POINT ( 'NONE', #1618 ) ;
#4426 = CARTESIAN_POINT ( 'NONE',  ( 25.19602390151888116, -32.57264713944104528, 1.000000000000000000 ) ) ;
#4427 = ORIENTED_EDGE ( 'NONE', *, *, #1997, .T. ) ;
#4428 = DIRECTION ( 'NONE',  ( -1.453169479452033105E-16, -0.000000000000000000, -1.000000000000000000 ) ) ;
#4429 = CARTESIAN_POINT ( 'NONE',  ( 21.38921111478085635, -28.45171438253565910, 0.5000000000000000000 ) ) ;
#4430 = CARTESIAN_POINT ( 'NONE',  ( 20.17727403790108553, -36.58254917880634594, -1.000000000000000000 ) ) ;
#4431 = EDGE_CURVE ( 'NONE', #1326, #751, #2157, .T. ) ;
#4432 = CARTESIAN_POINT ( 'NONE',  ( 9.625558381474968783, 11.63520089990043260, -1.000000000000000000 ) ) ;
#4433 = DIRECTION ( 'NONE',  ( -1.000000000000000000, 0.000000000000000000, 8.042586066086100112E-17 ) ) ;
#4434 = ADVANCED_FACE ( 'NONE', ( #1535 ), #3368, .F. ) ;
#4435 = CARTESIAN_POINT ( 'NONE',  ( -1.609655412721123335, 11.54623778400322109, -2.000000000000011102 ) ) ;
#4436 = ORIENTED_EDGE ( 'NONE', *, *, #4249, .F. ) ;
#4437 = CARTESIAN_POINT ( 'NONE',  ( 43.98256164536415724, 22.74374527427766779, -6.663148035801222946 ) ) ;
#4438 = PLANE ( 'NONE',  #1342 ) ;
#4439 = CARTESIAN_POINT ( 'NONE',  ( 19.67885155840740552, -28.84615418385027397, 0.5000000000000000000 ) ) ;
#4440 = FILL_AREA_STYLE ('',( #2060 ) ) ;
#4441 = ORIENTED_EDGE ( 'NONE', *, *, #4677, .F. ) ;
#4442 = ADVANCED_FACE ( 'NONE', ( #5252 ), #6441, .F. ) ;
#4443 = ORIENTED_EDGE ( 'NONE', *, *, #4894, .F. ) ;
#4444 = CARTESIAN_POINT ( 'NONE',  ( -3.109655412721123557, -15.26500368935729135, -7.551502062183216957 ) ) ;
#4445 = DIRECTION ( 'NONE',  ( -1.000000000000000000, 0.000000000000000000, 0.000000000000000000 ) ) ;
#4446 = PRODUCT_DEFINITION_SHAPE ( 'NONE', 'NONE',  #1682 ) ;
#4447 = CARTESIAN_POINT ( 'NONE',  ( 17.48590358568298697, -30.11571168162696210, 0.5000000000000000000 ) ) ;
#4448 = FACE_OUTER_BOUND ( 'NONE', #612, .T. ) ;
#4449 = EDGE_CURVE ( 'NONE', #2387, #5164, #7231, .T. ) ;
#4450 = VECTOR ( 'NONE', #5222, 1000.000000000000000 ) ;
#4451 = CARTESIAN_POINT ( 'NONE',  ( 2.890344587278874222, -41.11841504291472660, -2.000000000000000000 ) ) ;
#4452 = CARTESIAN_POINT ( 'NONE',  ( 18.47471805501016107, -45.61841504291471239, -6.284504751596059258 ) ) ;
#4453 = ORIENTED_EDGE ( 'NONE', *, *, #1997, .F. ) ;
#4454 = ORIENTED_EDGE ( 'NONE', *, *, #3959, .F. ) ;
#4455 = FACE_OUTER_BOUND ( 'NONE', #432, .T. ) ;
#4456 = EDGE_CURVE ( 'NONE', #1851, #3172, #2821, .T. ) ;
#4457 = AXIS2_PLACEMENT_3D ( 'NONE', #455, #1565, #2851 ) ;
#4458 = CARTESIAN_POINT ( 'NONE',  ( 5.519076678806193570, -30.62986757793412806, 1.000000000000000000 ) ) ;
#4459 = DIRECTION ( 'NONE',  ( 0.000000000000000000, 0.000000000000000000, -1.000000000000000000 ) ) ;
#4460 = ORIENTED_EDGE ( 'NONE', *, *, #5754, .T. ) ;
#4461 = CARTESIAN_POINT ( 'NONE',  ( 7.654472533165685100, -28.86640802932211969, 1.000000000000000000 ) ) ;
#4462 = DIRECTION ( 'NONE',  ( -8.042586066086100112E-17, 0.000000000000000000, -1.000000000000000000 ) ) ;
#4463 = FACE_OUTER_BOUND ( 'NONE', #670, .T. ) ;
#4464 = AXIS2_PLACEMENT_3D ( 'NONE', #2892, #7029, #973 ) ;
#4465 = ORIENTED_EDGE ( 'NONE', *, *, #5918, .T. ) ;
#4466 = CARTESIAN_POINT ( 'NONE',  ( 12.90726949744075647, -36.54957423647316261, 0.5000000000000000000 ) ) ;
#4467 = EDGE_LOOP ( 'NONE', ( #7403, #7155, #2735, #2252 ) ) ;
#4468 = DIRECTION ( 'NONE',  ( -1.000000000000000000, 0.000000000000000000, 0.000000000000000000 ) ) ;
#4469 = PRODUCT_CONTEXT ( 'NONE', #623, 'mechanical' ) ;
#4470 = CARTESIAN_POINT ( 'NONE',  ( 8.202730447109999545, 15.31055444116485198, -9.592411343199959362 ) ) ;
#4471 = VECTOR ( 'NONE', #2339, 1000.000000000000000 ) ;
#4472 = AXIS2_PLACEMENT_3D ( 'NONE', #1816, #4158, #2478 ) ;
#4473 = CARTESIAN_POINT ( 'NONE',  ( -1.609655412721121781, -41.61841504291468397, -13.43649167310370629 ) ) ;
#4474 = PLANE ( 'NONE',  #4218 ) ;
#4475 = AXIS2_PLACEMENT_3D ( 'NONE', #5575, #6758, #237 ) ;
#4476 = DIRECTION ( 'NONE',  ( 1.000000000000000000, 0.000000000000000000, 0.000000000000000000 ) ) ;
#4477 = EDGE_CURVE ( 'NONE', #5164, #2387, #6221, .T. ) ;
#4478 = VERTEX_POINT ( 'NONE', #5774 ) ;
#4479 = VECTOR ( 'NONE', #2989, 1000.000000000000000 ) ;
#4480 = LINE ( 'NONE', #6302, #4493 ) ;
#4481 = PLANE ( 'NONE',  #2348 ) ;
#4482 = DIRECTION ( 'NONE',  ( -1.000000000000000000, -1.873501354054951908E-16, 8.042586066086101344E-17 ) ) ;
#4483 = VECTOR ( 'NONE', #5764, 1000.000000000000000 ) ;
#4484 = CYLINDRICAL_SURFACE ( 'NONE', #6364, 0.8000000000000038192 ) ;
#4485 = ORIENTED_EDGE ( 'NONE', *, *, #7125, .F. ) ;
#4486 = ORIENTED_EDGE ( 'NONE', *, *, #892, .T. ) ;
#4487 = CARTESIAN_POINT ( 'NONE',  ( 16.39124248051541244, -33.10620527319663609, 0.5000000000000000000 ) ) ;
#4488 = CARTESIAN_POINT ( 'NONE',  ( 5.644693691445203498, 10.57728446746353868, -2.000000000000011990 ) ) ;
#4489 = EDGE_CURVE ( 'NONE', #648, #4220, #6326, .T. ) ;
#4490 = CARTESIAN_POINT ( 'NONE',  ( 16.49854736247846176, -30.38181089308829286, 1.000000000000000000 ) ) ;
#4491 = ADVANCED_FACE ( 'NONE', ( #386 ), #5851, .F. ) ;
#4492 = CARTESIAN_POINT ( 'NONE',  ( 10.89260417436090478, -37.06145034052673282, -1.000000000000000000 ) ) ;
#4493 = VECTOR ( 'NONE', #5066, 1000.000000000000000 ) ;
#4494 = EDGE_CURVE ( 'NONE', #4377, #1692, #1698, .T. ) ;
#4495 = CARTESIAN_POINT ( 'NONE',  ( 0.3512439203877670835, -4.664145929984653272, -2.000000000000013767 ) ) ;
#4496 = CARTESIAN_POINT ( 'NONE',  ( 1.348502337740559387, 22.61465664482944504, -13.39917506049271445 ) ) ;
#4497 = EDGE_LOOP ( 'NONE', ( #551, #1316, #6652, #7766 ) ) ;
#4498 = ORIENTED_EDGE ( 'NONE', *, *, #6681, .F. ) ;
#4499 = CARTESIAN_POINT ( 'NONE',  ( 45.39755601137789398, -31.38865712849714384, -6.201502112509221121 ) ) ;
#4500 = CARTESIAN_POINT ( 'NONE',  ( 6.377089792656994938, -30.39982772393907240, 0.5000000000000000000 ) ) ;
#4501 = CARTESIAN_POINT ( 'NONE',  ( 42.75536511354717817, -31.38865712849714384, -6.201502112509221121 ) ) ;
#4502 = ORIENTED_EDGE ( 'NONE', *, *, #2733, .F. ) ;
#4503 = DIRECTION ( 'NONE',  ( 1.000000000000000000, 0.000000000000000000, 0.000000000000000000 ) ) ;
#4504 = DIRECTION ( 'NONE',  ( 1.000000000000000000, 2.132856732758369605E-16, 0.000000000000000000 ) ) ;
#4505 = CARTESIAN_POINT ( 'NONE',  ( 2.890344587278874222, -41.11841504291472660, -11.49999999999999822 ) ) ;
#4506 = ORIENTED_EDGE ( 'NONE', *, *, #1476, .T. ) ;
#4507 = EDGE_CURVE ( 'NONE', #866, #3906, #5175, .T. ) ;
#4508 = DIRECTION ( 'NONE',  ( -0.000000000000000000, -1.000000000000000000, -0.000000000000000000 ) ) ;
#4509 = ORIENTED_EDGE ( 'NONE', *, *, #6325, .T. ) ;
#4510 = CARTESIAN_POINT ( 'NONE',  ( 34.25612515595094720, -43.29767075805705900, -1.201502112509223341 ) ) ;
#4511 = DIRECTION ( 'NONE',  ( -1.000000000000000000, 0.000000000000000000, 0.000000000000000000 ) ) ;
#4512 = CARTESIAN_POINT ( 'NONE',  ( 20.08006247706404679, -36.53155720757244040, 0.4999999999999998890 ) ) ;
#4513 = EDGE_CURVE ( 'NONE', #1357, #7158, #506, .T. ) ;
#4514 = DIRECTION ( 'NONE',  ( -0.5089380216722002581, 0.8608031657100171374, 0.000000000000000000 ) ) ;
#4515 = VERTEX_POINT ( 'NONE', #2238 ) ;
#4516 = CARTESIAN_POINT ( 'NONE',  ( 1.032475904716213977, -0.9338809330280344323, -9.451567670042738456 ) ) ;
#4517 = CARTESIAN_POINT ( 'NONE',  ( 24.34586091737170577, -35.59473733932031791, 0.5000000000000000000 ) ) ;
#4518 = EDGE_LOOP ( 'NONE', ( #3796, #929, #5124, #997 ) ) ;
#4519 = DIRECTION ( 'NONE',  ( -8.042586066086101344E-17, -3.070295484789979924E-17, -1.000000000000000000 ) ) ;
#4520 = VECTOR ( 'NONE', #620, 1000.000000000000000 ) ;
#4521 = CARTESIAN_POINT ( 'NONE',  ( -1.609655412721124446, 17.10562838809392971, -6.663148035801220281 ) ) ;
#4522 = ORIENTED_EDGE ( 'NONE', *, *, #7746, .F. ) ;
#4523 = VERTEX_POINT ( 'NONE', #2196 ) ;
#4524 = CARTESIAN_POINT ( 'NONE',  ( 23.70130389400117821, -36.54940298368433105, -1.000000000000000000 ) ) ;
#4525 = CARTESIAN_POINT ( 'NONE',  ( 13.85303342267098081, -34.61196055855018017, 0.5000000000000001110 ) ) ;
#4526 = DIRECTION ( 'NONE',  ( 1.000000000000000000, 0.000000000000000000, 0.000000000000000000 ) ) ;
#4527 = CARTESIAN_POINT ( 'NONE',  ( 44.31257017950103716, -45.61841504291471949, -13.43649167310370984 ) ) ;
#4528 = EDGE_CURVE ( 'NONE', #5942, #6471, #3989, .T. ) ;
#4529 = DIRECTION ( 'NONE',  ( -1.000000000000000000, 0.000000000000000000, 0.000000000000000000 ) ) ;
#4530 = AXIS2_PLACEMENT_3D ( 'NONE', #1984, #6229, #5632 ) ;
#4531 = DIRECTION ( 'NONE',  ( 1.000000000000000000, 0.000000000000000000, 0.000000000000000000 ) ) ;
#4532 = EDGE_CURVE ( 'NONE', #3014, #4755, #4542, .T. ) ;
#4533 = EDGE_CURVE ( 'NONE', #4395, #180, #6479, .T. ) ;
#4534 = EDGE_LOOP ( 'NONE', ( #1681, #269, #3836, #958, #5364 ) ) ;
#4535 = CARTESIAN_POINT ( 'NONE',  ( 4.625558381474970560, 11.63520089990042727, 0.000000000000000000 ) ) ;
#4536 = ORIENTED_EDGE ( 'NONE', *, *, #4120, .F. ) ;
#4537 = ORIENTED_EDGE ( 'NONE', *, *, #1655, .T. ) ;
#4538 = CARTESIAN_POINT ( 'NONE',  ( 37.23338076306244915, -31.97260846456628869, 1.500000000000000000 ) ) ;
#4539 = CARTESIAN_POINT ( 'NONE',  ( 5.104875930392295480, -31.63238054728717685, 1.000000000000000000 ) ) ;
#4540 = ORIENTED_EDGE ( 'NONE', *, *, #6086, .F. ) ;
#4541 = TOROIDAL_SURFACE ( 'NONE', #673, 3.999999999999994671, 2.000000000000000000 ) ;
#4542 = LINE ( 'NONE', #466, #5209 ) ;
#4543 = CARTESIAN_POINT ( 'NONE',  ( 42.50367785261521192, -7.832828546790673307, -2.000000000000014655 ) ) ;
#4544 = LINE ( 'NONE', #6520, #3973 ) ;
#4545 = EDGE_CURVE ( 'NONE', #180, #6786, #6548, .T. ) ;
#4546 = ORIENTED_EDGE ( 'NONE', *, *, #2184, .F. ) ;
#4547 = CARTESIAN_POINT ( 'NONE',  ( 24.33138771418238022, -29.94591019222501416, 0.9999999999999997780 ) ) ;
#4548 = VERTEX_POINT ( 'NONE', #6367 ) ;
#4549 = AXIS2_PLACEMENT_3D ( 'NONE', #487, #6536, #7020 ) ;
#4550 = CARTESIAN_POINT ( 'NONE',  ( 42.50367785261521192, -7.832828546790673307, -2.000000000000014655 ) ) ;
#4551 = CARTESIAN_POINT ( 'NONE',  ( 50.30136346396074032, 11.33447814960963917, -7.285192739890222313 ) ) ;
#4552 = CARTESIAN_POINT ( 'NONE',  ( 13.74518673813147451, -36.33270031777958309, 1.000000000000000000 ) ) ;
#4553 = CARTESIAN_POINT ( 'NONE',  ( 16.91002961737042298, -30.67078738887964207, 0.5000000000000001110 ) ) ;
#4554 = CARTESIAN_POINT ( 'NONE',  ( 50.27737897612738749, 18.26451084227986144, -2.000000000000000000 ) ) ;
#4555 = EDGE_LOOP ( 'NONE', ( #6308, #4316, #729, #4073 ) ) ;
#4556 = FACE_OUTER_BOUND ( 'NONE', #2013, .T. ) ;
#4557 = CARTESIAN_POINT ( 'NONE',  ( 24.03798787102422096, -36.92615116809344045, 1.000000000000000000 ) ) ;
#4558 = VERTEX_POINT ( 'NONE', #1021 ) ;
#4559 = EDGE_CURVE ( 'NONE', #7287, #7470, #3628, .T. ) ;
#4560 = CARTESIAN_POINT ( 'NONE',  ( 7.625558381474967007, 11.63520089990043083, -1.000000000000000000 ) ) ;
#4561 = LINE ( 'NONE', #1558, #3581 ) ;
#4562 = ORIENTED_EDGE ( 'NONE', *, *, #2093, .F. ) ;
#4563 = EDGE_LOOP ( 'NONE', ( #2764, #6170, #4735, #1996 ) ) ;
#4564 = CARTESIAN_POINT ( 'NONE',  ( 49.18491708522419259, -18.65776962898985758, -11.50000000000000000 ) ) ;
#4565 = CARTESIAN_POINT ( 'NONE',  ( 12.90726949744075647, -36.54957423647316261, 0.5000000000000000000 ) ) ;
#4566 = CARTESIAN_POINT ( 'NONE',  ( -1.609655412721120005, -41.61841504291471949, -4.663148035801216729 ) ) ;
#4567 = CARTESIAN_POINT ( 'NONE',  ( 16.31539955123515639, -32.39114534360321329, 0.5000000000000000000 ) ) ;
#4568 = DIRECTION ( 'NONE',  ( 8.042586066086100112E-17, 3.070295484789979924E-17, 1.000000000000000000 ) ) ;
#4569 = CARTESIAN_POINT ( 'NONE',  ( 18.41410195745270784, -29.46747365367343718, 0.5000000000000000000 ) ) ;
#4570 = ORIENTED_EDGE ( 'NONE', *, *, #5808, .F. ) ;
#4571 = CARTESIAN_POINT ( 'NONE',  ( 20.36344751364976347, -28.59972921250432520, -1.000000000000000000 ) ) ;
#4572 = ADVANCED_FACE ( 'NONE', ( #2352 ), #4222, .F. ) ;
#4573 = ORIENTED_EDGE ( 'NONE', *, *, #1375, .F. ) ;
#4574 = ORIENTED_EDGE ( 'NONE', *, *, #4784, .T. ) ;
#4575 = DIRECTION ( 'NONE',  ( -0.000000000000000000, -0.000000000000000000, 1.000000000000000000 ) ) ;
#4576 = CARTESIAN_POINT ( 'NONE',  ( 9.884199538728651646, -36.78976552898021168, 1.000000000000000000 ) ) ;
#4577 = ORIENTED_EDGE ( 'NONE', *, *, #654, .T. ) ;
#4578 = EDGE_CURVE ( 'NONE', #5563, #5958, #6554, .T. ) ;
#4579 = VECTOR ( 'NONE', #4935, 1000.000000000000000 ) ;
#4580 = DIRECTION ( 'NONE',  ( -1.453169479452033105E-16, 0.000000000000000000, -1.000000000000000000 ) ) ;
#4581 = CARTESIAN_POINT ( 'NONE',  ( 44.27741491030285914, 18.24374527427767134, -11.50000000000000355 ) ) ;
#4582 = ORIENTED_EDGE ( 'NONE', *, *, #7235, .F. ) ;
#4583 = CARTESIAN_POINT ( 'NONE',  ( 31.27174601004611887, -45.61841504291471949, -6.201502112509219344 ) ) ;
#4584 = EDGE_LOOP ( 'NONE', ( #6603, #6270, #7717, #3992 ) ) ;
#4585 = CARTESIAN_POINT ( 'NONE',  ( 1.101946589019698441, -45.41429412716109937, -13.39289623579103150 ) ) ;
#4586 = ADVANCED_FACE ( 'NONE', ( #7742 ), #6589, .F. ) ;
#4587 = ORIENTED_EDGE ( 'NONE', *, *, #4237, .F. ) ;
#4588 = AXIS2_PLACEMENT_3D ( 'NONE', #743, #3128, #4329 ) ;
#4589 = FACE_OUTER_BOUND ( 'NONE', #562, .T. ) ;
#4590 = CARTESIAN_POINT ( 'NONE',  ( 18.21037354097962790, -29.58873389504164564, -1.000000000000000000 ) ) ;
#4591 = EDGE_CURVE ( 'NONE', #2431, #542, #1718, .T. ) ;
#4592 = CARTESIAN_POINT ( 'NONE',  ( 13.09011226672839356, -36.37575495795879021, 0.5000000000000000000 ) ) ;
#4593 = AXIS2_PLACEMENT_3D ( 'NONE', #2239, #3909, #7674 ) ;
#4594 = CARTESIAN_POINT ( 'NONE',  ( 40.97104298065090688, -25.67721764505392912, -13.26766223891080720 ) ) ;
#4595 = CARTESIAN_POINT ( 'NONE',  ( 40.66812483162726721, 1.876083684937086327, -1.000000000000000888 ) ) ;
#4596 = ORIENTED_EDGE ( 'NONE', *, *, #5970, .T. ) ;
#4597 = CARTESIAN_POINT ( 'NONE',  ( 34.02555838147497980, -12.76479910009956420, 0.000000000000000000 ) ) ;
#4598 = DIRECTION ( 'NONE',  ( 0.000000000000000000, 0.000000000000000000, -1.000000000000000000 ) ) ;
#4599 = VECTOR ( 'NONE', #6648, 1000.000000000000000 ) ;
#4600 = ADVANCED_FACE ( 'NONE', ( #6050 ), #6518, .F. ) ;
#4601 = FACE_OUTER_BOUND ( 'NONE', #7210, .T. ) ;
#4602 = CARTESIAN_POINT ( 'NONE',  ( 2.890344587278874222, -41.11841504291472660, -11.50000000000000000 ) ) ;
#4603 = ORIENTED_EDGE ( 'NONE', *, *, #6051, .T. ) ;
#4604 = VECTOR ( 'NONE', #7080, 1000.000000000000000 ) ;
#4605 = VERTEX_POINT ( 'NONE', #6668 ) ;
#4606 = EDGE_CURVE ( 'NONE', #6471, #5887, #6085, .T. ) ;
#4607 = DIRECTION ( 'NONE',  ( -8.042586066086100112E-17, -3.070295484789979924E-17, -1.000000000000000000 ) ) ;
#4608 = CARTESIAN_POINT ( 'NONE',  ( 41.96106399535297982, 10.57728446746354045, -1.000000000000000000 ) ) ;
#4609 = AXIS2_PLACEMENT_3D ( 'NONE', #1988, #6123, #6821 ) ;
#4610 = CARTESIAN_POINT ( 'NONE',  ( 16.38556485778333283, -31.74955584119568996, 0.5000000000000000000 ) ) ;
#4611 = DIRECTION ( 'NONE',  ( -1.000000000000000000, 0.000000000000000000, 0.000000000000000000 ) ) ;
#4612 = FACE_OUTER_BOUND ( 'NONE', #2834, .T. ) ;
#4613 = ORIENTED_EDGE ( 'NONE', *, *, #1937, .F. ) ;
#4614 = CARTESIAN_POINT ( 'NONE',  ( 2.723659854298102090, -45.61841504291471239, -13.43649167310370807 ) ) ;
#4615 = VERTEX_POINT ( 'NONE', #3054 ) ;
#4616 = DIRECTION ( 'NONE',  ( -1.000000000000000000, 0.000000000000000000, 0.000000000000000000 ) ) ;
#4617 = DIRECTION ( 'NONE',  ( -1.000000000000000000, 0.000000000000000000, 2.710505431213754182E-16 ) ) ;
#4618 = ORIENTED_EDGE ( 'NONE', *, *, #4660, .T. ) ;
#4619 = LINE ( 'NONE', #7036, #2210 ) ;
#4620 = FACE_OUTER_BOUND ( 'NONE', #6906, .T. ) ;
#4621 = CARTESIAN_POINT ( 'NONE',  ( 9.625558381474982994, -17.76479910009957308, 1.000000000000000000 ) ) ;
#4622 = EDGE_LOOP ( 'NONE', ( #4743, #1186, #6060, #1784 ) ) ;
#4623 = CARTESIAN_POINT ( 'NONE',  ( 40.97104298065090688, -31.38865712849714384, -1.000000000000000000 ) ) ;
#4624 = ORIENTED_EDGE ( 'NONE', *, *, #3089, .F. ) ;
#4625 = LINE ( 'NONE', #5298, #2655 ) ;
#4626 = DIRECTION ( 'NONE',  ( -1.000000000000000000, 0.000000000000000000, 0.000000000000000000 ) ) ;
#4627 = CARTESIAN_POINT ( 'NONE',  ( 5.925558381474851366, -8.763023730668722422, -1.000000000000000000 ) ) ;
#4628 = CIRCLE ( 'NONE', #2883, 2.599999999999998312 ) ;
#4629 = ADVANCED_FACE ( 'NONE', ( #1768 ), #1288, .F. ) ;
#4630 = PLANE ( 'NONE',  #3588 ) ;
#4631 = CARTESIAN_POINT ( 'NONE',  ( -3.109655412721121781, 18.24374527427762160, -11.50000000000000000 ) ) ;
#4632 = VERTEX_POINT ( 'NONE', #1175 ) ;
#4633 = EDGE_CURVE ( 'NONE', #3076, #1922, #5850, .T. ) ;
#4634 = FACE_OUTER_BOUND ( 'NONE', #2884, .T. ) ;
#4635 = CIRCLE ( 'NONE', #886, 1.550000000000000933 ) ;
#4636 = DIRECTION ( 'NONE',  ( 0.000000000000000000, -0.000000000000000000, 1.000000000000000000 ) ) ;
#4637 = ORIENTED_EDGE ( 'NONE', *, *, #4821, .T. ) ;
#4638 = PLANE ( 'NONE',  #4549 ) ;
#4639 = ADVANCED_FACE ( 'NONE', ( #704, #5934 ), #7264, .F. ) ;
#4640 = CARTESIAN_POINT ( 'NONE',  ( 45.87309483438121305, 11.33447814960963917, -6.285192739890222313 ) ) ;
#4641 = CIRCLE ( 'NONE', #1263, 0.2500000000000000000 ) ;
#4642 = ORIENTED_EDGE ( 'NONE', *, *, #1251, .F. ) ;
#4643 = ORIENTED_EDGE ( 'NONE', *, *, #64, .F. ) ;
#4644 = CARTESIAN_POINT ( 'NONE',  ( 0.3512439203877670835, -4.664145929984653272, -2.000000000000013767 ) ) ;
#4645 = CARTESIAN_POINT ( 'NONE',  ( -3.109655412721123557, -16.81500368935729028, -8.211502062182216122 ) ) ;
#4646 = AXIS2_PLACEMENT_3D ( 'NONE', #4116, #5300, #7716 ) ;
#4647 = VECTOR ( 'NONE', #7703, 1000.000000000000000 ) ;
#4648 = CARTESIAN_POINT ( 'NONE',  ( 16.77336784876960252, -33.91585531403058695, 0.5000000000000000000 ) ) ;
#4649 = DIRECTION ( 'NONE',  ( 1.000000000000000000, 8.341577336712751021E-17, 0.000000000000000000 ) ) ;
#4650 = CARTESIAN_POINT ( 'NONE',  ( 3.226601152850407050, 15.03945058722564987, -1.000000000000000000 ) ) ;
#4651 = DIRECTION ( 'NONE',  ( 1.000000000000000000, -0.000000000000000000, -0.000000000000000000 ) ) ;
#4652 = AXIS2_PLACEMENT_3D ( 'NONE', #2359, #1811, #5939 ) ;
#4653 = ORIENTED_EDGE ( 'NONE', *, *, #6769, .F. ) ;
#4654 = DIRECTION ( 'NONE',  ( 1.000000000000000000, -0.000000000000000000, -0.000000000000000000 ) ) ;
#4655 = ORIENTED_EDGE ( 'NONE', *, *, #367, .T. ) ;
#4656 = DIRECTION ( 'NONE',  ( 0.000000000000000000, -0.000000000000000000, 1.000000000000000000 ) ) ;
#4657 = CARTESIAN_POINT ( 'NONE',  ( 12.71763840816227820, -36.69081636792130752, 0.5000000000000000000 ) ) ;
#4658 = ORIENTED_EDGE ( 'NONE', *, *, #665, .T. ) ;
#4659 = AXIS2_PLACEMENT_3D ( 'NONE', #292, #174, #7455 ) ;
#4660 = EDGE_CURVE ( 'NONE', #2346, #6538, #1209, .T. ) ;
#4661 = CARTESIAN_POINT ( 'NONE',  ( 39.06812483162726579, 1.876083684937086327, -9.451567670042738456 ) ) ;
#4662 = CARTESIAN_POINT ( 'NONE',  ( 48.10640214832758232, -14.80302503274316805, -11.50000000000000000 ) ) ;
#4663 = DIRECTION ( 'NONE',  ( -1.000000000000000000, 0.000000000000000000, 0.000000000000000000 ) ) ;
#4664 = EDGE_LOOP ( 'NONE', ( #1406, #5064, #1280, #6638 ) ) ;
#4665 = ORIENTED_EDGE ( 'NONE', *, *, #4393, .F. ) ;
#4666 = LINE ( 'NONE', #2244, #7291 ) ;
#4667 = VERTEX_POINT ( 'NONE', #5402 ) ;
#4668 = FACE_OUTER_BOUND ( 'NONE', #2704, .T. ) ;
#4669 = AXIS2_PLACEMENT_3D ( 'NONE', #3051, #27, #6701 ) ;
#4670 = DIRECTION ( 'NONE',  ( 0.000000000000000000, 0.000000000000000000, -1.000000000000000000 ) ) ;
#4671 = CARTESIAN_POINT ( 'NONE',  ( 12.82428551962927088, -36.62118549770751486, 0.5000000000000000000 ) ) ;
#4672 = DIRECTION ( 'NONE',  ( -1.000000000000000000, 0.000000000000000000, 0.000000000000000000 ) ) ;
#4673 = AXIS2_PLACEMENT_3D ( 'NONE', #5008, #3902, #2073 ) ;
#4674 = LINE ( 'NONE', #7089, #3012 ) ;
#4675 = ORIENTED_EDGE ( 'NONE', *, *, #4295, .F. ) ;
#4676 = CARTESIAN_POINT ( 'NONE',  ( 24.34586091484226955, -35.59473733842349930, 0.9999999999997463140 ) ) ;
#4677 = EDGE_CURVE ( 'NONE', #5790, #2316, #3668, .T. ) ;
#4678 = CARTESIAN_POINT ( 'NONE',  ( 2.890344587278919519, 22.74374527427766068, -13.43649167310370984 ) ) ;
#4679 = EDGE_CURVE ( 'NONE', #2218, #6439, #7354, .T. ) ;
#4680 = PLANE ( 'NONE',  #463 ) ;
#4681 = VERTEX_POINT ( 'NONE', #2426 ) ;
#4682 = ORIENTED_EDGE ( 'NONE', *, *, #6606, .T. ) ;
#4683 = DIRECTION ( 'NONE',  ( 1.000000000000000000, 0.000000000000000000, 0.000000000000000000 ) ) ;
#4684 = CARTESIAN_POINT ( 'NONE',  ( 2.135016159205058717, -43.23723148550483586, -4.663148035801217617 ) ) ;
#4685 = DIRECTION ( 'NONE',  ( -8.042586066086100112E-17, -3.070295484789979924E-17, -1.000000000000000000 ) ) ;
#4686 = ADVANCED_FACE ( 'NONE', ( #7188 ), #6013, .F. ) ;
#4687 = FACE_OUTER_BOUND ( 'NONE', #2280, .T. ) ;
#4688 = EDGE_CURVE ( 'NONE', #7149, #4704, #6847, .T. ) ;
#4689 = DIRECTION ( 'NONE',  ( -1.000000000000000000, -1.873501354054951908E-16, 8.042586066086101344E-17 ) ) ;
#4690 = VERTEX_POINT ( 'NONE', #1877 ) ;
#4691 = DIRECTION ( 'NONE',  ( -0.000000000000000000, -0.000000000000000000, 1.000000000000000000 ) ) ;
#4692 = CARTESIAN_POINT ( 'NONE',  ( 39.86812483162726295, 1.876083684937086327, -1.000000000000000888 ) ) ;
#4693 = DIRECTION ( 'NONE',  ( -0.000000000000000000, -0.000000000000000000, 1.000000000000000000 ) ) ;
#4694 = EDGE_LOOP ( 'NONE', ( #2258, #7631, #369, #639 ) ) ;
#4695 = EDGE_CURVE ( 'NONE', #3052, #6649, #6703, .T. ) ;
#4696 = DIRECTION ( 'NONE',  ( -1.000000000000000000, 0.000000000000000000, 0.000000000000000000 ) ) ;
#4697 = CARTESIAN_POINT ( 'NONE',  ( 45.92578036742987280, 22.25699830396443701, -13.47386895530128292 ) ) ;
#4698 = VERTEX_POINT ( 'NONE', #6275 ) ;
#4699 = CARTESIAN_POINT ( 'NONE',  ( -1.079695927896874075, -43.62538432369452579, -13.37796794134346534 ) ) ;
#4700 = ADVANCED_FACE ( 'NONE', ( #7457 ), #1987, .T. ) ;
#4701 = ORIENTED_EDGE ( 'NONE', *, *, #4489, .T. ) ;
#4702 = LINE ( 'NONE', #2246, #5663 ) ;
#4703 = TOROIDAL_SURFACE ( 'NONE', #4077, 5.000000000000003553, 1.000000000000000000 ) ;
#4704 = VERTEX_POINT ( 'NONE', #1321 ) ;
#4705 = LINE ( 'NONE', #6968, #2575 ) ;
#4706 = LINE ( 'NONE', #7755, #3714 ) ;
#4707 = VECTOR ( 'NONE', #1382, 1000.000000000000000 ) ;
#4708 = LINE ( 'NONE', #3417, #5390 ) ;
#4709 = ORIENTED_EDGE ( 'NONE', *, *, #1918, .F. ) ;
#4710 = B_SPLINE_SURFACE_WITH_KNOTS ( 'NONE', 3, 1, ( 
 ( #3939, #7661 ),
 ( #935, #6432 ),
 ( #2266, #1049 ),
 ( #5761, #5121 ),
 ( #415, #4492 ),
 ( #3278, #2772 ),
 ( #294, #376 ),
 ( #2106, #2145 ),
 ( #6902, #6314 ),
 ( #1522, #2812 ),
 ( #2227, #971 ),
 ( #3316, #3359 ),
 ( #5160, #1607 ),
 ( #4099, #2891 ),
 ( #3472, #496 ),
 ( #1720, #2306 ),
 ( #5280, #5924 ),
 ( #539, #5884 ) ),
 .UNSPECIFIED., .F., .F., .F.,
 ( 4, 1, 1, 1, 1, 1, 1, 1, 1, 1, 1, 1, 1, 1, 1, 4 ),
 ( 2, 2 ),
 ( 0.000000000000000000, 0.01562500000000000000, 0.03125000000000000000, 0.06250000000000000000, 0.09375000000000000000, 0.1250000000000000000, 0.1562500000000000000, 0.1875000000000000000, 0.2500000000000000000, 0.3125000000000000000, 0.3437500000000000000, 0.3750000000000000000, 0.4062500000000000000, 0.4375000000000000000, 0.4687500000000000000, 0.5000000000000000000 ),
 ( 0.000000000000000000, 1.000000000000000000 ),
 .UNSPECIFIED. ) ;
#4711 = CARTESIAN_POINT ( 'NONE',  ( 22.15116243978478749, -28.57431259364664911, 0.5000000000000000000 ) ) ;
#4712 = ORIENTED_EDGE ( 'NONE', *, *, #5841, .F. ) ;
#4713 = FACE_OUTER_BOUND ( 'NONE', #1992, .T. ) ;
#4714 = AXIS2_PLACEMENT_3D ( 'NONE', #865, #185, #6245 ) ;
#4715 = CARTESIAN_POINT ( 'NONE',  ( 50.30136346396074032, 11.33447814960963917, -5.285192739890222313 ) ) ;
#4716 = DIRECTION ( 'NONE',  ( -0.000000000000000000, -0.000000000000000000, 1.000000000000000000 ) ) ;
#4717 = EDGE_CURVE ( 'NONE', #4036, #4334, #894, .T. ) ;
#4718 = VERTEX_POINT ( 'NONE', #2029 ) ;
#4719 = VECTOR ( 'NONE', #3542, 1000.000000000000000 ) ;
#4720 = ORIENTED_EDGE ( 'NONE', *, *, #7683, .T. ) ;
#4721 = AXIS2_PLACEMENT_3D ( 'NONE', #5775, #2744, #5132 ) ;
#4722 = ORIENTED_EDGE ( 'NONE', *, *, #1139, .T. ) ;
#4723 = PLANE ( 'NONE',  #2650 ) ;
#4724 = DIRECTION ( 'NONE',  ( 0.000000000000000000, 0.000000000000000000, -1.000000000000000000 ) ) ;
#4725 = EDGE_CURVE ( 'NONE', #811, #507, #780, .T. ) ;
#4726 = CARTESIAN_POINT ( 'NONE',  ( 9.033540866019061255, -43.29767075805705900, -1.201502112509219788 ) ) ;
#4727 = VECTOR ( 'NONE', #1969, 1000.000000000000000 ) ;
#4728 = ADVANCED_FACE ( 'NONE', ( #4448 ), #5002, .F. ) ;
#4729 = DIRECTION ( 'NONE',  ( 0.000000000000000000, 0.000000000000000000, 1.000000000000000000 ) ) ;
#4730 = CARTESIAN_POINT ( 'NONE',  ( 8.961336059068528925, -24.76759449452900341, -3.000000000000000000 ) ) ;
#4731 = VECTOR ( 'NONE', #1844, 1000.000000000000000 ) ;
#4732 = ORIENTED_EDGE ( 'NONE', *, *, #6225, .F. ) ;
#4733 = DIRECTION ( 'NONE',  ( 0.000000000000000000, -1.000000000000000000, 3.070295484789979924E-17 ) ) ;
#4734 = CARTESIAN_POINT ( 'NONE',  ( 12.50539141693576894, -36.82939436123091070, 0.5000000000000000000 ) ) ;
#4735 = ORIENTED_EDGE ( 'NONE', *, *, #1084, .T. ) ;
#4736 = CARTESIAN_POINT ( 'NONE',  ( 48.22735356466326806, -41.61841504291469107, -9.702778586452756926 ) ) ;
#4737 = EDGE_CURVE ( 'NONE', #2563, #1326, #255, .T. ) ;
#4738 = DIRECTION ( 'NONE',  ( 1.000000000000000000, 0.000000000000000000, 0.000000000000000000 ) ) ;
#4739 = CARTESIAN_POINT ( 'NONE',  ( 12.34334880155074643, -45.61841504291471239, -13.26766223891080720 ) ) ;
#4740 = ORIENTED_EDGE ( 'NONE', *, *, #4258, .F. ) ;
#4741 = DIRECTION ( 'NONE',  ( -1.000000000000000000, 0.000000000000000000, 0.000000000000000000 ) ) ;
#4742 = DIRECTION ( 'NONE',  ( -0.000000000000000000, -1.000000000000000000, -0.000000000000000000 ) ) ;
#4743 = ORIENTED_EDGE ( 'NONE', *, *, #2872, .T. ) ;
#4744 = CARTESIAN_POINT ( 'NONE',  ( 11.47674329840324248, -28.61771981766318262, 0.9999999999998350209 ) ) ;
#4745 = PLANE ( 'NONE',  #7255 ) ;
#4746 = DIRECTION ( 'NONE',  ( -0.000000000000000000, -0.000000000000000000, 1.000000000000000000 ) ) ;
#4747 = EDGE_LOOP ( 'NONE', ( #5154, #3951, #6908, #7488, #2639, #1415, #1063, #7059 ) ) ;
#4748 = CARTESIAN_POINT ( 'NONE',  ( 22.15116243997466228, -28.57431259295536918, 0.9999999999999333866 ) ) ;
#4749 = CARTESIAN_POINT ( 'NONE',  ( 48.87309483438121305, -29.00591734882469908, -11.50000000000000000 ) ) ;
#4750 = CARTESIAN_POINT ( 'NONE',  ( 10.85866387856557935, -37.03591803737366916, 0.5000000000000001110 ) ) ;
#4751 = EDGE_CURVE ( 'NONE', #3575, #7536, #7417, .T. ) ;
#4752 = FACE_OUTER_BOUND ( 'NONE', #4584, .T. ) ;
#4753 = EDGE_LOOP ( 'NONE', ( #7767, #6477 ) ) ;
#4754 = EDGE_LOOP ( 'NONE', ( #1864, #4305, #1455, #6598 ) ) ;
#4755 = VERTEX_POINT ( 'NONE', #140 ) ;
#4756 = CARTESIAN_POINT ( 'NONE',  ( 34.02555838147497980, -14.76479910009956242, -1.000000000000000000 ) ) ;
#4757 = ORIENTED_EDGE ( 'NONE', *, *, #2314, .T. ) ;
#4758 = FACE_OUTER_BOUND ( 'NONE', #2150, .T. ) ;
#4759 = CARTESIAN_POINT ( 'NONE',  ( 18.32421780613018214, -36.10242811774398319, 1.000000000000000222 ) ) ;
#4760 = VECTOR ( 'NONE', #1747, 1000.000000000000000 ) ;
#4761 = CARTESIAN_POINT ( 'NONE',  ( 11.68384574455309277, -37.07664089330515367, -1.000000000000000000 ) ) ;
#4762 = ORIENTED_EDGE ( 'NONE', *, *, #3240, .F. ) ;
#4763 = DIRECTION ( 'NONE',  ( -1.000000000000000000, 0.000000000000000000, -0.000000000000000000 ) ) ;
#4764 = ORIENTED_EDGE ( 'NONE', *, *, #6390, .F. ) ;
#4765 = AXIS2_PLACEMENT_3D ( 'NONE', #2595, #4982, #1928 ) ;
#4766 = VECTOR ( 'NONE', #6445, 1000.000000000000000 ) ;
#4767 = CARTESIAN_POINT ( 'NONE',  ( 24.59935648199099134, -34.76752072743728661, -1.000000000000000000 ) ) ;
#4768 = DIRECTION ( 'NONE',  ( -1.000000000000000000, 0.000000000000000000, 8.042586066086100112E-17 ) ) ;
#4769 = EDGE_CURVE ( 'NONE', #507, #4072, #5041, .T. ) ;
#4770 = PLANE ( 'NONE',  #4669 ) ;
#4771 = EDGE_LOOP ( 'NONE', ( #5542, #51, #7286, #4170 ) ) ;
#4772 = DIRECTION ( 'NONE',  ( -1.000000000000000000, 0.000000000000000000, 0.000000000000000000 ) ) ;
#4773 = AXIS2_PLACEMENT_3D ( 'NONE', #4064, #5285, #7736 ) ;
#4774 = EDGE_CURVE ( 'NONE', #3172, #4047, #6741, .T. ) ;
#4775 = CARTESIAN_POINT ( 'NONE',  ( 2.390344587278876443, -41.61841504291471949, -1.000000000000000000 ) ) ;
#4776 = CARTESIAN_POINT ( 'NONE',  ( 47.48284633646188269, -41.10803225891360313, 1.000000000000000000 ) ) ;
#4777 = ORIENTED_EDGE ( 'NONE', *, *, #3384, .F. ) ;
#4778 = LINE ( 'NONE', #7084, #3772 ) ;
#4779 = CARTESIAN_POINT ( 'NONE',  ( 22.29753209073879461, -37.05809456283004266, 0.5000000000000000000 ) ) ;
#4780 = VECTOR ( 'NONE', #3874, 1000.000000000000000 ) ;
#4781 = LINE ( 'NONE', #2396, #1267 ) ;
#4782 = ORIENTED_EDGE ( 'NONE', *, *, #6001, .T. ) ;
#4783 = CARTESIAN_POINT ( 'NONE',  ( 11.47674329840937446, -28.61771981764925954, 0.5000000000000000000 ) ) ;
#4784 = EDGE_CURVE ( 'NONE', #2412, #5899, #3338, .T. ) ;
#4785 = LINE ( 'NONE', #7160, #4104 ) ;
#4786 = AXIS2_PLACEMENT_3D ( 'NONE', #3623, #103, #6009 ) ;
#4787 = DIRECTION ( 'NONE',  ( -8.042586066086100112E-17, -3.070295484789979924E-17, -1.000000000000000000 ) ) ;
#4788 = ORIENTED_EDGE ( 'NONE', *, *, #2776, .T. ) ;
#4789 = CARTESIAN_POINT ( 'NONE',  ( 23.89612679977001619, -30.19288254227427970, 0.5000000000000000000 ) ) ;
#4790 = CARTESIAN_POINT ( 'NONE',  ( 50.30136346396074032, 11.33447814960963917, -5.285192739890222313 ) ) ;
#4791 = LINE ( 'NONE', #5424, #317 ) ;
#4792 = AXIS2_PLACEMENT_3D ( 'NONE', #4144, #6551, #1653 ) ;
#4793 = CARTESIAN_POINT ( 'NONE',  ( 49.00749553206704690, 11.33447814960963917, -7.285192739890222313 ) ) ;
#4794 = ORIENTED_EDGE ( 'NONE', *, *, #757, .F. ) ;
#4795 = VERTEX_POINT ( 'NONE', #1439 ) ;
#4796 = FACE_OUTER_BOUND ( 'NONE', #5793, .T. ) ;
#4797 = DIRECTION ( 'NONE',  ( 0.000000000000000000, -1.000000000000000000, -1.380205382052140384E-16 ) ) ;
#4798 = CARTESIAN_POINT ( 'NONE',  ( 5.925558381474851366, -7.832828546790671531, -9.592411343199959362 ) ) ;
#4799 = EDGE_CURVE ( 'NONE', #5563, #3202, #6861, .T. ) ;
#4800 = VECTOR ( 'NONE', #5325, 1000.000000000000000 ) ;
#4801 = CARTESIAN_POINT ( 'NONE',  ( 6.106260664409253636, -34.91777415017319441, 1.000000000000000000 ) ) ;
#4802 = DIRECTION ( 'NONE',  ( 0.9999940109707539104, 0.003460928000371844750, -0.000000000000000000 ) ) ;
#4803 = CARTESIAN_POINT ( 'NONE',  ( 7.620067560892290537, -29.46764490646226875, 0.5000000000000000000 ) ) ;
#4804 = CARTESIAN_POINT ( 'NONE',  ( 13.67109146257048735, -35.25569795928656447, 0.5000000000000000000 ) ) ;
#4805 = VERTEX_POINT ( 'NONE', #3701 ) ;
#4806 = DIRECTION ( 'NONE',  ( -0.000000000000000000, -0.000000000000000000, 1.000000000000000000 ) ) ;
#4807 = DIRECTION ( 'NONE',  ( 1.000000000000000000, 0.000000000000000000, 0.000000000000000000 ) ) ;
#4808 = DIRECTION ( 'NONE',  ( -0.000000000000000000, -0.000000000000000000, -1.000000000000000000 ) ) ;
#4809 = EDGE_LOOP ( 'NONE', ( #3121, #4102, #7050, #2630 ) ) ;
#4810 = DIRECTION ( 'NONE',  ( 0.000000000000000000, 0.000000000000000000, -1.000000000000000000 ) ) ;
#4811 = DIRECTION ( 'NONE',  ( 0.000000000000000000, 1.000000000000000000, 0.000000000000000000 ) ) ;
#4812 = EDGE_CURVE ( 'NONE', #3421, #625, #2068, .T. ) ;
#4813 = LINE ( 'NONE', #1325, #2012 ) ;
#4814 = EDGE_LOOP ( 'NONE', ( #3379, #4722, #2628, #6835 ) ) ;
#4815 = CARTESIAN_POINT ( 'NONE',  ( 19.03465559383978345, -29.12119904220712030, -1.000000000000000000 ) ) ;
#4816 = CARTESIAN_POINT ( 'NONE',  ( 21.48137445933789280, -37.00897329499841248, 1.000000000000000000 ) ) ;
#4817 = CARTESIAN_POINT ( 'NONE',  ( 41.96106399535297982, 11.54623778400322109, -1.000000000000000000 ) ) ;
#4818 = ORIENTED_EDGE ( 'NONE', *, *, #226, .F. ) ;
#4819 = CARTESIAN_POINT ( 'NONE',  ( 12.14492974287692739, -29.01658598206577722, 1.000000000000000000 ) ) ;
#4820 = CARTESIAN_POINT ( 'NONE',  ( 44.48286430354961141, -45.11841504291471949, -11.50000000000000178 ) ) ;
#4821 = EDGE_CURVE ( 'NONE', #3540, #700, #1722, .T. ) ;
#4822 = CARTESIAN_POINT ( 'NONE',  ( 20.91818480012151937, -27.98421183431266002, 0.9999999999999997780 ) ) ;
#4823 = EDGE_LOOP ( 'NONE', ( #425, #1538, #4443, #2123, #3248, #6329 ) ) ;
#4824 = B_SPLINE_CURVE_WITH_KNOTS ( 'NONE', 3,
 ( #5888, #7667, #5247, #6512 ),
 .UNSPECIFIED., .F., .F.,
 ( 4, 4 ),
 ( 0.000000000000000000, 0.0005000541989423086921 ),
 .UNSPECIFIED. ) ;
#4825 = VECTOR ( 'NONE', #6924, 1000.000000000000000 ) ;
#4826 = CARTESIAN_POINT ( 'NONE',  ( 24.67266025291518616, -34.35605921743647428, 1.000000000000000000 ) ) ;
#4827 = EDGE_CURVE ( 'NONE', #6195, #7445, #5520, .T. ) ;
#4828 = DIRECTION ( 'NONE',  ( 1.000000000000000000, 0.000000000000000000, 0.000000000000000000 ) ) ;
#4829 = ADVANCED_FACE ( 'NONE', ( #6157 ), #816, .T. ) ;
#4830 = CARTESIAN_POINT ( 'NONE',  ( 12.47795656069490811, -36.83070066936611653, 0.5000000000000000000 ) ) ;
#4831 = AXIS2_PLACEMENT_3D ( 'NONE', #7224, #5443, #7781 ) ;
#4832 = ADVANCED_FACE ( 'NONE', ( #5559 ), #177, .F. ) ;
#4833 = LINE ( 'NONE', #2487, #471 ) ;
#4834 = ORIENTED_EDGE ( 'NONE', *, *, #7143, .F. ) ;
#4835 = ORIENTED_EDGE ( 'NONE', *, *, #1305, .T. ) ;
#4836 = CARTESIAN_POINT ( 'NONE',  ( 18.43554011962059036, -29.45475610804640709, 0.5000000000000000000 ) ) ;
#4837 = CARTESIAN_POINT ( 'NONE',  ( 23.67112338082374023, -36.57511796483026245, 0.5000000000000000000 ) ) ;
#4838 = CYLINDRICAL_SURFACE ( 'NONE', #7122, 0.8000000000000020428 ) ;
#4839 = EDGE_CURVE ( 'NONE', #3823, #7098, #329, .T. ) ;
#4840 = VECTOR ( 'NONE', #2506, 1000.000000000000000 ) ;
#4841 = CARTESIAN_POINT ( 'NONE',  ( 2.890344587278876443, 18.24374527427766424, -2.000000000000000000 ) ) ;
#4842 = CYLINDRICAL_SURFACE ( 'NONE', #2844, 0.8000000000000020428 ) ;
#4843 = VECTOR ( 'NONE', #4062, 1000.000000000000000 ) ;
#4844 = EDGE_CURVE ( 'NONE', #6833, #2528, #5715, .T. ) ;
#4845 = CARTESIAN_POINT ( 'NONE',  ( 12.87570095522305458, -29.79416444145359222, -1.000000000000000444 ) ) ;
#4846 = DIRECTION ( 'NONE',  ( 1.000000000000000000, 0.000000000000000000, 0.000000000000000000 ) ) ;
#4847 = FACE_OUTER_BOUND ( 'NONE', #3632, .T. ) ;
#4848 = VECTOR ( 'NONE', #4877, 1000.000000000000000 ) ;
#4849 = VECTOR ( 'NONE', #528, 1000.000000000000000 ) ;
#4850 = CARTESIAN_POINT ( 'NONE',  ( 44.08722585882242839, -43.23723148550483586, -6.663148035801221170 ) ) ;
#4851 = ORIENTED_EDGE ( 'NONE', *, *, #494, .T. ) ;
#4852 = CARTESIAN_POINT ( 'NONE',  ( 44.48286430354961141, -41.11841504291471949, -13.50000000000000178 ) ) ;
#4853 = EDGE_CURVE ( 'NONE', #1899, #6949, #5983, .T. ) ;
#4854 = FACE_OUTER_BOUND ( 'NONE', #4385, .T. ) ;
#4855 = AXIS2_PLACEMENT_3D ( 'NONE', #7783, #4260, #7304 ) ;
#4856 = DIRECTION ( 'NONE',  ( -1.000000000000000000, 6.938893903907222856E-15, -6.938893903907228378E-15 ) ) ;
#4857 = VERTEX_POINT ( 'NONE', #5079 ) ;
#4858 = CARTESIAN_POINT ( 'NONE',  ( 25.16436629349527720, 15.31055444116484487, -2.000000000000011102 ) ) ;
#4859 = DIRECTION ( 'NONE',  ( -1.000000000000000000, 0.000000000000000000, 0.000000000000000000 ) ) ;
#4860 = CARTESIAN_POINT ( 'NONE',  ( 7.389615636725913816, -29.60385390679194728, 0.5000000000000000000 ) ) ;
#4861 = ORIENTED_EDGE ( 'NONE', *, *, #5693, .T. ) ;
#4862 = VECTOR ( 'NONE', #456, 1000.000000000000000 ) ;
#4863 = CARTESIAN_POINT ( 'NONE',  ( 11.70840330427502174, -28.72414565725580360, 0.5000000000000000000 ) ) ;
#4864 = FACE_OUTER_BOUND ( 'NONE', #3341, .T. ) ;
#4865 = DIRECTION ( 'NONE',  ( 0.000000000000000000, 0.000000000000000000, -1.000000000000000000 ) ) ;
#4866 = ORIENTED_EDGE ( 'NONE', *, *, #2298, .F. ) ;
#4867 = CARTESIAN_POINT ( 'NONE',  ( 23.89612679723322941, -30.19288254356201762, 0.9999999999997634115 ) ) ;
#4868 = CARTESIAN_POINT ( 'NONE',  ( 46.08259321813340392, -10.37268082840335559, -5.000000000000000000 ) ) ;
#4869 = EDGE_CURVE ( 'NONE', #5083, #1357, #7618, .T. ) ;
#4870 = FACE_BOUND ( 'NONE', #2020, .T. ) ;
#4871 = CARTESIAN_POINT ( 'NONE',  ( 44.38408591663488778, 10.28286628251796131, -1.000000000000000000 ) ) ;
#4872 = VERTEX_POINT ( 'NONE', #3895 ) ;
#4873 = EDGE_CURVE ( 'NONE', #3953, #3045, #7027, .T. ) ;
#4874 = VERTEX_POINT ( 'NONE', #7543 ) ;
#4875 = DIRECTION ( 'NONE',  ( 4.891920202254595020E-16, 1.000000000000000000, 1.380205382051887209E-16 ) ) ;
#4876 = ORIENTED_EDGE ( 'NONE', *, *, #3003, .F. ) ;
#4877 = DIRECTION ( 'NONE',  ( -0.000000000000000000, -1.000000000000000000, -0.000000000000000000 ) ) ;
#4878 = PLANE ( 'NONE',  #4955 ) ;
#4879 = DIRECTION ( 'NONE',  ( 0.000000000000000000, -1.000000000000000000, 0.000000000000000000 ) ) ;
#4880 = CIRCLE ( 'NONE', #379, 2.000000000000001776 ) ;
#4881 = EDGE_LOOP ( 'NONE', ( #7519, #1934, #385, #6621 ) ) ;
#4882 = DIRECTION ( 'NONE',  ( 0.000000000000000000, 0.000000000000000000, -1.000000000000000000 ) ) ;
#4883 = ORIENTED_EDGE ( 'NONE', *, *, #6086, .T. ) ;
#4884 = CARTESIAN_POINT ( 'NONE',  ( 50.48286430354961851, -41.11841504291471949, -11.50000000000000178 ) ) ;
#4885 = DIRECTION ( 'NONE',  ( 1.000000000000000000, 0.000000000000000000, 0.000000000000000000 ) ) ;
#4886 = VECTOR ( 'NONE', #154, 1000.000000000000000 ) ;
#4887 = DIRECTION ( 'NONE',  ( -0.8373288125209705779, -0.5466996064771048047, 0.000000000000000000 ) ) ;
#4888 = DIRECTION ( 'NONE',  ( -2.191703603828919359E-17, -1.000000000000000000, 0.000000000000000000 ) ) ;
#4889 = DIRECTION ( 'NONE',  ( 0.000000000000000000, 1.000000000000000000, 1.380205382052140384E-16 ) ) ;
#4890 = ORIENTED_EDGE ( 'NONE', *, *, #1808, .T. ) ;
#4891 = DIRECTION ( 'NONE',  ( -0.000000000000000000, -0.000000000000000000, 1.000000000000000000 ) ) ;
#4892 = VERTEX_POINT ( 'NONE', #5244 ) ;
#4893 = CARTESIAN_POINT ( 'NONE',  ( 18.32404421423150964, -36.10231237066558663, 1.000000000000000000 ) ) ;
#4894 = EDGE_CURVE ( 'NONE', #1755, #3014, #2186, .T. ) ;
#4895 = DIRECTION ( 'NONE',  ( 0.000000000000000000, 0.000000000000000000, -1.000000000000000000 ) ) ;
#4896 = LINE ( 'NONE', #1330, #4208 ) ;
#4897 = VERTEX_POINT ( 'NONE', #3979 ) ;
#4898 = AXIS2_PLACEMENT_3D ( 'NONE', #937, #3241, #1527 ) ;
#4899 = CARTESIAN_POINT ( 'NONE',  ( 13.47631773143339551, -30.96896635273515841, 0.5000000000000000000 ) ) ;
#4900 = LINE ( 'NONE', #5454, #3841 ) ;
#4901 = VECTOR ( 'NONE', #5239, 1000.000000000000000 ) ;
#4902 = CARTESIAN_POINT ( 'NONE',  ( -1.609655412721123335, 11.54623778400322109, -1.000000000000000000 ) ) ;
#4903 = ORIENTED_EDGE ( 'NONE', *, *, #2677, .F. ) ;
#4904 = CARTESIAN_POINT ( 'NONE',  ( 18.43554011962059036, -29.45475610804640709, 0.5000000000000000000 ) ) ;
#4905 = DIRECTION ( 'NONE',  ( -1.238178564962006334E-44, 1.380205382051887209E-16, -1.000000000000000000 ) ) ;
#4906 = CARTESIAN_POINT ( 'NONE',  ( 5.604639562436108058, -33.02140446744166979, 0.5000000000000000000 ) ) ;
#4907 = AXIS2_PLACEMENT_3D ( 'NONE', #7166, #7207, #2768 ) ;
#4908 = DIRECTION ( 'NONE',  ( 1.000000000000000000, -0.000000000000000000, 0.000000000000000000 ) ) ;
#4909 = EDGE_LOOP ( 'NONE', ( #2601, #4613, #5258, #5969, #1427, #789, #1777, #4105, #6971, #232, #850, #4181, #3754, #3717, #2061, #2101, #7701, #5227 ) ) ;
#4910 = ORIENTED_EDGE ( 'NONE', *, *, #2543, .T. ) ;
#4911 = VERTEX_POINT ( 'NONE', #3431 ) ;
#4912 = DIRECTION ( 'NONE',  ( 1.000000000000000000, 5.501601722518989248E-16, -0.000000000000000000 ) ) ;
#4913 = EDGE_CURVE ( 'NONE', #4558, #1926, #6355, .T. ) ;
#4914 = CIRCLE ( 'NONE', #2171, 0.4999999999999971689 ) ;
#4915 = CARTESIAN_POINT ( 'NONE',  ( 5.903599670330788918, -34.68495912448850760, 1.000000000000000000 ) ) ;
#4916 = CARTESIAN_POINT ( 'NONE',  ( 24.62718804382941684, -32.17232096310491585, 0.5000000000000000000 ) ) ;
#4917 = ORIENTED_EDGE ( 'NONE', *, *, #3289, .T. ) ;
#4918 = DIRECTION ( 'NONE',  ( -0.000000000000000000, -0.000000000000000000, 1.000000000000000000 ) ) ;
#4919 = CIRCLE ( 'NONE', #6945, 0.8000000000000020428 ) ;
#4920 = CARTESIAN_POINT ( 'NONE',  ( 24.33168143723873911, -35.64720347340635698, -1.000000000000000000 ) ) ;
#4921 = CARTESIAN_POINT ( 'NONE',  ( 13.93895220507424604, -30.77799805652590237, 0.9999999999999997780 ) ) ;
#4922 = EDGE_CURVE ( 'NONE', #3619, #5297, #4086, .T. ) ;
#4923 = CARTESIAN_POINT ( 'NONE',  ( 3.226601152850406162, 17.10562838809392971, -15.03537376769511091 ) ) ;
#4924 = ADVANCED_FACE ( 'NONE', ( #4060 ), #5806, .F. ) ;
#4925 = CARTESIAN_POINT ( 'NONE',  ( 25.16436629349527720, 22.74374527427766779, -2.000000000000010658 ) ) ;
#4926 = CARTESIAN_POINT ( 'NONE',  ( 50.43190725012332365, -26.38459728854136799, -7.285192739890203661 ) ) ;
#4927 = CARTESIAN_POINT ( 'NONE',  ( 8.961336059068528925, -24.76759449452900341, -9.047210079157837370 ) ) ;
#4928 = ORIENTED_EDGE ( 'NONE', *, *, #4337, .F. ) ;
#4929 = CIRCLE ( 'NONE', #1566, 1.000000000000000000 ) ;
#4930 = CARTESIAN_POINT ( 'NONE',  ( 23.06997430136364002, -36.92570052465784158, 0.5000000000000000000 ) ) ;
#4931 = EDGE_CURVE ( 'NONE', #7098, #3823, #1086, .T. ) ;
#4932 = LINE ( 'NONE', #70, #7448 ) ;
#4933 = CARTESIAN_POINT ( 'NONE',  ( 47.98256164536418567, 12.65288649460165438, -1.000000000000000000 ) ) ;
#4934 = VERTEX_POINT ( 'NONE', #7584 ) ;
#4935 = DIRECTION ( 'NONE',  ( -0.000000000000000000, -0.000000000000000000, 1.000000000000000000 ) ) ;
#4936 = DIRECTION ( 'NONE',  ( -1.000000000000000000, 0.000000000000000000, 0.000000000000000000 ) ) ;
#4937 = CARTESIAN_POINT ( 'NONE',  ( 50.43190725012332365, -26.38459728854136799, -7.285192739890203661 ) ) ;
#4938 = ADVANCED_FACE ( 'NONE', ( #6986 ), #4710, .F. ) ;
#4939 = CARTESIAN_POINT ( 'NONE',  ( -1.609655412721123557, -23.25500368935529139, -7.551502062183216957 ) ) ;
#4940 = ORIENTED_EDGE ( 'NONE', *, *, #4591, .F. ) ;
#4941 = CARTESIAN_POINT ( 'NONE',  ( 20.91907846522681780, -27.98408977396688968, 1.000000000000000000 ) ) ;
#4942 = FACE_OUTER_BOUND ( 'NONE', #4964, .T. ) ;
#4943 = CARTESIAN_POINT ( 'NONE',  ( 42.50367785261521192, -0.9338809330280339882, -1.000000000000000000 ) ) ;
#4944 = DIRECTION ( 'NONE',  ( 1.000000000000000000, 0.000000000000000000, 0.000000000000000000 ) ) ;
#4945 = ORIENTED_EDGE ( 'NONE', *, *, #107, .F. ) ;
#4946 = EDGE_LOOP ( 'NONE', ( #634, #5217, #1725, #3474 ) ) ;
#4947 = CARTESIAN_POINT ( 'NONE',  ( 12.71763840816227820, -36.69081636792130752, 0.5000000000000000000 ) ) ;
#4948 = DIRECTION ( 'NONE',  ( 1.000000000000000000, -1.658554010794165323E-16, 0.000000000000000000 ) ) ;
#4949 = AXIS2_PLACEMENT_3D ( 'NONE', #4852, #3554, #4696 ) ;
#4950 = DIRECTION ( 'NONE',  ( -1.000000000000000000, 0.000000000000000000, 0.000000000000000000 ) ) ;
#4951 = ADVANCED_FACE ( 'NONE', ( #4687 ), #1085, .F. ) ;
#4952 = CARTESIAN_POINT ( 'NONE',  ( 47.57399754479265397, -43.84004917050273065, -13.49797947574734280 ) ) ;
#4953 = VERTEX_POINT ( 'NONE', #6509 ) ;
#4954 = ORIENTED_EDGE ( 'NONE', *, *, #5907, .F. ) ;
#4955 = AXIS2_PLACEMENT_3D ( 'NONE', #6077, #4320, #3002 ) ;
#4956 = CARTESIAN_POINT ( 'NONE',  ( 19.58855524272670579, -36.27972886006094200, 0.5000000000000000000 ) ) ;
#4957 = CARTESIAN_POINT ( 'NONE',  ( 12.33872494585244439, -28.53243113619027227, 1.000000000000000000 ) ) ;
#4958 = CARTESIAN_POINT ( 'NONE',  ( 17.27382103889008746, -30.30201413849980696, 0.5000000000000000000 ) ) ;
#4959 = ADVANCED_FACE ( 'NONE', ( #1124 ), #7312, .F. ) ;
#4960 = VECTOR ( 'NONE', #1356, 1000.000000000000000 ) ;
#4961 = DIRECTION ( 'NONE',  ( 0.000000000000000000, 1.000000000000000000, 0.000000000000000000 ) ) ;
#4962 = DIRECTION ( 'NONE',  ( 1.000000000000000000, 9.618576135213972309E-16, 0.000000000000000000 ) ) ;
#4963 = DIRECTION ( 'NONE',  ( -8.042586066086100112E-17, -3.070295484789979924E-17, -1.000000000000000000 ) ) ;
#4964 = EDGE_LOOP ( 'NONE', ( #947, #4264, #5037, #1880 ) ) ;
#4965 = AXIS2_PLACEMENT_3D ( 'NONE', #1070, #4119, #5785 ) ;
#4966 = CARTESIAN_POINT ( 'NONE',  ( 44.48286430354961141, -41.11841504291471949, 1.000000000000000000 ) ) ;
#4967 = CARTESIAN_POINT ( 'NONE',  ( 5.710442579492480242, -31.37281079234317716, 1.000000000000000000 ) ) ;
#4968 = DIRECTION ( 'NONE',  ( 0.000000000000000000, -0.000000000000000000, 1.000000000000000000 ) ) ;
#4969 = ORIENTED_EDGE ( 'NONE', *, *, #737, .F. ) ;
#4970 = DIRECTION ( 'NONE',  ( 0.000000000000000000, 0.000000000000000000, -1.000000000000000000 ) ) ;
#4971 = AXIS2_PLACEMENT_3D ( 'NONE', #5698, #1626, #6450 ) ;
#4972 = DIRECTION ( 'NONE',  ( 0.000000000000000000, 0.000000000000000000, 1.000000000000000000 ) ) ;
#4973 = VECTOR ( 'NONE', #829, 1000.000000000000000 ) ;
#4974 = DIRECTION ( 'NONE',  ( -0.000000000000000000, -0.000000000000000000, 1.000000000000000000 ) ) ;
#4975 = ORIENTED_EDGE ( 'NONE', *, *, #5771, .F. ) ;
#4976 = CARTESIAN_POINT ( 'NONE',  ( 46.08259321813340392, -4.456046650082968519, -5.000000000000000000 ) ) ;
#4977 = VERTEX_POINT ( 'NONE', #2623 ) ;
#4978 = LINE ( 'NONE', #3040, #1534 ) ;
#4979 = VECTOR ( 'NONE', #2449, 1000.000000000000000 ) ;
#4980 = LINE ( 'NONE', #196, #2232 ) ;
#4981 = VECTOR ( 'NONE', #6546, 1000.000000000000000 ) ;
#4982 = DIRECTION ( 'NONE',  ( 0.003460928000371265353, -0.9999940109707540215, 0.000000000000000000 ) ) ;
#4983 = EDGE_CURVE ( 'NONE', #4872, #3764, #5566, .T. ) ;
#4984 = DIRECTION ( 'NONE',  ( 8.042586066086100112E-17, 3.070295484789979924E-17, 1.000000000000000000 ) ) ;
#4985 = DIRECTION ( 'NONE',  ( -0.000000000000000000, -0.000000000000000000, 1.000000000000000000 ) ) ;
#4986 = ORIENTED_EDGE ( 'NONE', *, *, #3348, .F. ) ;
#4987 = ORIENTED_EDGE ( 'NONE', *, *, #6964, .F. ) ;
#4988 = B_SPLINE_CURVE_WITH_KNOTS ( 'NONE', 3,
 ( #7773, #2379, #3582, #4761, #3547, #5963, #1834, #541, #7178, #2344, #2932, #7105, #576, #1723, #6583, #5321, #4100, #1199 ),
 .UNSPECIFIED., .F., .F.,
 ( 4, 1, 1, 1, 1, 1, 1, 1, 1, 1, 1, 1, 1, 1, 1, 4 ),
 ( 0.000000000000000000, 0.01562500000000001041, 0.03125000000000002082, 0.06250000000000004163, 0.09375000000000005551, 0.1250000000000000833, 0.1562500000000001110, 0.1875000000000001110, 0.2500000000000001665, 0.3125000000000002220, 0.3437500000000002220, 0.3750000000000002220, 0.4062500000000002776, 0.4375000000000002776, 0.4687500000000003331, 0.5000000000000003331 ),
 .UNSPECIFIED. ) ;
#4989 = CARTESIAN_POINT ( 'NONE',  ( 4.196721997073072252, 1.876083684937086327, -2.000000000000012879 ) ) ;
#4990 = CARTESIAN_POINT ( 'NONE',  ( 27.98338076306244915, -31.97260846456628869, 1.250000000000000000 ) ) ;
#4991 = VECTOR ( 'NONE', #2057, 1000.000000000000000 ) ;
#4992 = EDGE_CURVE ( 'NONE', #556, #6947, #2087, .T. ) ;
#4993 = LINE ( 'NONE', #4400, #1050 ) ;
#4994 = DIRECTION ( 'NONE',  ( 0.004510476481664495857, -0.9999898277492168530, 3.196359366350211616E-17 ) ) ;
#4995 = ORIENTED_EDGE ( 'NONE', *, *, #6894, .T. ) ;
#4996 = ORIENTED_EDGE ( 'NONE', *, *, #6446, .F. ) ;
#4997 = CARTESIAN_POINT ( 'NONE',  ( 2.890344587278876443, 18.24374527427766424, -11.50000000000000000 ) ) ;
#4998 = CARTESIAN_POINT ( 'NONE',  ( 14.44749841744599550, -33.18953271323805865, 1.000000000000000222 ) ) ;
#4999 = CARTESIAN_POINT ( 'NONE',  ( 15.93864253445569013, -31.48284478399410347, 1.000000000000000000 ) ) ;
#5000 = ORIENTED_EDGE ( 'NONE', *, *, #1364, .F. ) ;
#5001 = AXIS2_PLACEMENT_3D ( 'NONE', #3844, #241, #6887 ) ;
#5002 = PLANE ( 'NONE',  #5724 ) ;
#5003 = CARTESIAN_POINT ( 'NONE',  ( 18.47471805501016462, -47.11841504291469818, -8.884504751596059791 ) ) ;
#5004 = CARTESIAN_POINT ( 'NONE',  ( 0.6160539609745003808, 22.33814185892441984, -13.38220878462795582 ) ) ;
#5005 = ADVANCED_FACE ( 'NONE', ( #3745 ), #3135, .T. ) ;
#5006 = VERTEX_POINT ( 'NONE', #2584 ) ;
#5007 = ORIENTED_EDGE ( 'NONE', *, *, #7101, .T. ) ;
#5008 = CARTESIAN_POINT ( 'NONE',  ( 48.00806037650425395, -14.80302503274316628, -11.50000000000000000 ) ) ;
#5009 = CARTESIAN_POINT ( 'NONE',  ( 7.565994519124942030, -35.52061862819558513, 1.000000000000000000 ) ) ;
#5010 = DIRECTION ( 'NONE',  ( 5.305300039345914010E-33, -1.000000000000000000, 3.070295484789979924E-17 ) ) ;
#5011 = VERTEX_POINT ( 'NONE', #5605 ) ;
#5012 = CARTESIAN_POINT ( 'NONE',  ( 8.687310748343506361, -28.92830336977236527, 0.9999999999995287103 ) ) ;
#5013 = DIRECTION ( 'NONE',  ( -8.042586066086101344E-17, -3.070295484789979924E-17, -1.000000000000000000 ) ) ;
#5014 = CARTESIAN_POINT ( 'NONE',  ( 36.03106969813007510, 22.74374527427766779, -9.592411343199959362 ) ) ;
#5015 = ORIENTED_EDGE ( 'NONE', *, *, #5506, .T. ) ;
#5016 = DIRECTION ( 'NONE',  ( -1.000000000000000000, 0.000000000000000000, 8.042586066086100112E-17 ) ) ;
#5017 = ORIENTED_EDGE ( 'NONE', *, *, #4101, .T. ) ;
#5018 = AXIS2_PLACEMENT_3D ( 'NONE', #2484, #7242, #158 ) ;
#5019 = LINE ( 'NONE', #6836, #3403 ) ;
#5020 = CIRCLE ( 'NONE', #395, 0.4999999999999990563 ) ;
#5021 = DIRECTION ( 'NONE',  ( -0.000000000000000000, -1.000000000000000000, -0.000000000000000000 ) ) ;
#5022 = B_SPLINE_CURVE_WITH_KNOTS ( 'NONE', 3,
 ( #380, #2231, #2778, #4024, #4571, #6991, #6436, #1015, #1055, #3436, #2854, #5397, #6007, #2383, #4767, #3697, #4920, #660, #5361, #4294 ),
 .UNSPECIFIED., .F., .F.,
 ( 4, 1, 1, 1, 1, 1, 1, 1, 1, 1, 1, 1, 1, 1, 1, 1, 1, 4 ),
 ( 0.5000000000000000000, 0.5312500000000000000, 0.5625000000000000000, 0.5937500000000000000, 0.6250000000000000000, 0.6406250000000000000, 0.6562500000000000000, 0.6875000000000000000, 0.7187500000000000000, 0.7500000000000000000, 0.8125000000000000000, 0.8750000000000000000, 0.9062500000000000000, 0.9375000000000000000, 0.9531250000000000000, 0.9687500000000000000, 0.9843750000000000000, 1.000000000000000000 ),
 .UNSPECIFIED. ) ;
#5023 = CARTESIAN_POINT ( 'NONE',  ( 9.625558381474968783, 14.63520089990042905, -1.000000000000000000 ) ) ;
#5024 = EDGE_CURVE ( 'NONE', #841, #5571, #3865, .T. ) ;
#5025 = CARTESIAN_POINT ( 'NONE',  ( 36.02555838147497269, 11.63520089990043083, -1.000000000000000000 ) ) ;
#5026 = LINE ( 'NONE', #240, #2226 ) ;
#5027 = AXIS2_PLACEMENT_3D ( 'NONE', #2766, #7578, #1007 ) ;
#5028 = DIRECTION ( 'NONE',  ( 1.000000000000000000, 0.000000000000000000, 0.000000000000000000 ) ) ;
#5029 = ORIENTED_EDGE ( 'NONE', *, *, #2008, .T. ) ;
#5030 = CARTESIAN_POINT ( 'NONE',  ( 47.98256164536418567, 14.42020381552566732, -5.000000000000000000 ) ) ;
#5031 = CARTESIAN_POINT ( 'NONE',  ( 2.890344587278876443, 18.24374527427766424, 1.000000000000000000 ) ) ;
#5032 = AXIS2_PLACEMENT_3D ( 'NONE', #3524, #7749, #4741 ) ;
#5033 = CARTESIAN_POINT ( 'NONE',  ( 24.63771619882333752, -31.96599932056713200, -1.000000000000000000 ) ) ;
#5034 = CARTESIAN_POINT ( 'NONE',  ( 43.62352618543248894, 22.74374527427766779, 7.123475921583543702 ) ) ;
#5035 = ORIENTED_EDGE ( 'NONE', *, *, #265, .F. ) ;
#5036 = EDGE_CURVE ( 'NONE', #3553, #7014, #7388, .T. ) ;
#5037 = ORIENTED_EDGE ( 'NONE', *, *, #6277, .F. ) ;
#5038 = CARTESIAN_POINT ( 'NONE',  ( 23.17245951786106417, -36.89973966606024192, -1.000000000000000000 ) ) ;
#5039 = CARTESIAN_POINT ( 'NONE',  ( 13.96725113903019633, -35.92020949322586887, 1.000000000000000000 ) ) ;
#5040 = CARTESIAN_POINT ( 'NONE',  ( 18.43554011963158956, -29.45475610803990207, 0.5000000000000000000 ) ) ;
#5041 = LINE ( 'NONE', #4925, #6486 ) ;
#5042 = VECTOR ( 'NONE', #6909, 1000.000000000000000 ) ;
#5043 = CARTESIAN_POINT ( 'NONE',  ( 18.47471805501016107, -45.11841504291469107, -6.284504751596059258 ) ) ;
#5044 = CARTESIAN_POINT ( 'NONE',  ( -1.082282519642358443, 20.74602507184527056, -13.37805017345786140 ) ) ;
#5045 = ORIENTED_EDGE ( 'NONE', *, *, #4751, .F. ) ;
#5046 = ORIENTED_EDGE ( 'NONE', *, *, #1380, .F. ) ;
#5047 = CARTESIAN_POINT ( 'NONE',  ( 0.5350161592050475257, -43.23723148550483586, -4.663148035801217617 ) ) ;
#5048 = TOROIDAL_SURFACE ( 'NONE', #7585, 3.000000000000000000, 3.000000000000000000 ) ;
#5049 = CARTESIAN_POINT ( 'NONE',  ( 5.591530461222958159, -31.74972709398435455, 0.5000000000000000000 ) ) ;
#5050 = DIRECTION ( 'NONE',  ( -2.843808977011159309E-16, 1.000000000000000000, 0.000000000000000000 ) ) ;
#5051 = ORIENTED_EDGE ( 'NONE', *, *, #7289, .F. ) ;
#5052 = ADVANCED_FACE ( 'NONE', ( #824 ), #1957, .F. ) ;
#5053 = PLANE ( 'NONE',  #5223 ) ;
#5054 = CARTESIAN_POINT ( 'NONE',  ( 44.48286430354961141, -41.11841504291471949, -11.50000000000000178 ) ) ;
#5055 = ORIENTED_EDGE ( 'NONE', *, *, #873, .F. ) ;
#5056 = CARTESIAN_POINT ( 'NONE',  ( 46.08259321813340392, -10.37268082840335559, -1.000000000000000000 ) ) ;
#5057 = VERTEX_POINT ( 'NONE', #4339 ) ;
#5058 = CARTESIAN_POINT ( 'NONE',  ( 47.90819271579395888, -43.18411716768287789, -13.50000000000000178 ) ) ;
#5059 = CARTESIAN_POINT ( 'NONE',  ( 45.39755601137789398, -31.38865712849714384, -6.201502112509221121 ) ) ;
#5060 = DIRECTION ( 'NONE',  ( -1.000000000000000000, 0.000000000000000000, 0.000000000000000000 ) ) ;
#5061 = UNCERTAINTY_MEASURE_WITH_UNIT (LENGTH_MEASURE( 1.000000000000000082E-05 ), #5270, 'distance_accuracy_value', 'NONE');
#5062 = CARTESIAN_POINT ( 'NONE',  ( 16.41061028013052692, -31.65201434292676907, 0.5000000000000000000 ) ) ;
#5063 = LINE ( 'NONE', #3378, #3618 ) ;
#5064 = ORIENTED_EDGE ( 'NONE', *, *, #7058, .T. ) ;
#5065 = EDGE_CURVE ( 'NONE', #964, #2412, #3096, .T. ) ;
#5066 = DIRECTION ( 'NONE',  ( -0.000000000000000000, -0.000000000000000000, 1.000000000000000000 ) ) ;
#5067 = DIRECTION ( 'NONE',  ( 0.000000000000000000, -0.000000000000000000, -1.000000000000000000 ) ) ;
#5068 = CARTESIAN_POINT ( 'NONE',  ( 37.02555838147498690, -12.76479910009956775, 0.000000000000000000 ) ) ;
#5069 = ADVANCED_FACE ( 'NONE', ( #3790 ), #1370, .F. ) ;
#5070 = DIRECTION ( 'NONE',  ( -8.042586066086100112E-17, -3.070295484789979924E-17, -1.000000000000000000 ) ) ;
#5071 = ORIENTED_EDGE ( 'NONE', *, *, #1946, .T. ) ;
#5072 = ORIENTED_EDGE ( 'NONE', *, *, #2535, .T. ) ;
#5073 = CARTESIAN_POINT ( 'NONE',  ( 20.17727403790108553, -36.58254917880634594, 0.5000000000000000000 ) ) ;
#5074 = AXIS2_PLACEMENT_3D ( 'NONE', #314, #1506, #800 ) ;
#5075 = PLANE ( 'NONE',  #532 ) ;
#5076 = CARTESIAN_POINT ( 'NONE',  ( 17.59631865339568435, -30.02638741876953077, 0.5000000000000000000 ) ) ;
#5077 = ADVANCED_FACE ( 'NONE', ( #1995, #113 ), #4376, .F. ) ;
#5078 = EDGE_CURVE ( 'NONE', #2750, #2791, #149, .T. ) ;
#5079 = CARTESIAN_POINT ( 'NONE',  ( 0.5350161592050498571, 19.39267481122346837, -1.000000000000000888 ) ) ;
#5080 = CARTESIAN_POINT ( 'NONE',  ( 32.48338076306245625, -31.97260846456628869, 1.250000000000000000 ) ) ;
#5081 = CARTESIAN_POINT ( 'NONE',  ( 2.390344587278904420, 22.74374527427766068, -13.42912948050400956 ) ) ;
#5082 = ORIENTED_EDGE ( 'NONE', *, *, #7782, .F. ) ;
#5083 = VERTEX_POINT ( 'NONE', #4933 ) ;
#5084 = CARTESIAN_POINT ( 'NONE',  ( 12.34334880155074643, -45.61841504291471239, -6.201502112509218456 ) ) ;
#5085 = VECTOR ( 'NONE', #1831, 1000.000000000000000 ) ;
#5086 = CARTESIAN_POINT ( 'NONE',  ( 6.092258447131432497, -30.69977162099715784, 0.5000000000000000000 ) ) ;
#5087 = CARTESIAN_POINT ( 'NONE',  ( 15.89889071945819410, -31.63228981903775505, 1.000000000000000222 ) ) ;
#5088 = ORIENTED_EDGE ( 'NONE', *, *, #888, .F. ) ;
#5089 = EDGE_CURVE ( 'NONE', #296, #4698, #4896, .T. ) ;
#5090 = CARTESIAN_POINT ( 'NONE',  ( 10.28185399686802270, -27.96631906116763489, 1.000000000000000000 ) ) ;
#5091 = FACE_OUTER_BOUND ( 'NONE', #4053, .T. ) ;
#5092 = ORIENTED_EDGE ( 'NONE', *, *, #540, .T. ) ;
#5093 = FACE_OUTER_BOUND ( 'NONE', #5624, .T. ) ;
#5094 = AXIS2_PLACEMENT_3D ( 'NONE', #6014, #4223, #1248 ) ;
#5095 = AXIS2_PLACEMENT_3D ( 'NONE', #3443, #2278, #7037 ) ;
#5096 = EDGE_LOOP ( 'NONE', ( #1559, #2480 ) ) ;
#5097 = CARTESIAN_POINT ( 'NONE',  ( -1.609655412721123557, 18.74374527427763581, -6.663148035801219393 ) ) ;
#5098 = ORIENTED_EDGE ( 'NONE', *, *, #637, .T. ) ;
#5099 = CARTESIAN_POINT ( 'NONE',  ( -1.609655412721120893, -41.61841504291471949, -4.663148035801216729 ) ) ;
#5100 = CARTESIAN_POINT ( 'NONE',  ( -3.109655412721123557, -24.80500368935527433, -11.49999999999991473 ) ) ;
#5101 = VECTOR ( 'NONE', #4318, 1000.000000000000000 ) ;
#5102 = AXIS2_PLACEMENT_3D ( 'NONE', #5349, #7762, #1346 ) ;
#5103 = LINE ( 'NONE', #2126, #4825 ) ;
#5104 = CARTESIAN_POINT ( 'NONE',  ( 22.88112624159406394, -36.97267538487828631, 0.5000000000000002220 ) ) ;
#5105 = DIRECTION ( 'NONE',  ( -1.658554010794165323E-16, -1.000000000000000000, 0.000000000000000000 ) ) ;
#5106 = VERTEX_POINT ( 'NONE', #3709 ) ;
#5107 = VECTOR ( 'NONE', #6999, 1000.000000000000000 ) ;
#5108 = DIRECTION ( 'NONE',  ( -0.000000000000000000, -1.000000000000000000, -0.000000000000000000 ) ) ;
#5109 = CARTESIAN_POINT ( 'NONE',  ( 23.51167280472278875, -36.69064511513240490, 1.000000000000000000 ) ) ;
#5110 = ADVANCED_FACE ( 'NONE', ( #1410 ), #6130, .F. ) ;
#5111 = CARTESIAN_POINT ( 'NONE',  ( 22.43780437787022919, -28.64259715304420695, -1.000000000000000000 ) ) ;
#5112 = ADVANCED_FACE ( 'NONE', ( #7347 ), #788, .F. ) ;
#5113 = FACE_OUTER_BOUND ( 'NONE', #4292, .T. ) ;
#5114 = ORIENTED_EDGE ( 'NONE', *, *, #1500, .T. ) ;
#5115 = ORIENTED_EDGE ( 'NONE', *, *, #6618, .T. ) ;
#5116 = CARTESIAN_POINT ( 'NONE',  ( 44.88722585882243266, -43.23723148550483586, -1.000000000000000000 ) ) ;
#5117 = DIRECTION ( 'NONE',  ( 1.000000000000000000, 2.514877418146365435E-16, -8.042586066086101344E-17 ) ) ;
#5118 = FACE_OUTER_BOUND ( 'NONE', #4404, .T. ) ;
#5119 = DIRECTION ( 'NONE',  ( -0.000000000000000000, -1.000000000000000000, -0.000000000000000000 ) ) ;
#5120 = ADVANCED_FACE ( 'NONE', ( #4420 ), #6828, .F. ) ;
#5121 = CARTESIAN_POINT ( 'NONE',  ( 11.68384574455309277, -37.07664089330515367, -1.000000000000000000 ) ) ;
#5122 = CARTESIAN_POINT ( 'NONE',  ( 10.51133605906845148, -24.76759449452900341, -9.047210079157837370 ) ) ;
#5123 = EDGE_LOOP ( 'NONE', ( #2022, #2451 ) ) ;
#5124 = ORIENTED_EDGE ( 'NONE', *, *, #1017, .T. ) ;
#5125 = PLANE ( 'NONE',  #4898 ) ;
#5126 = ORIENTED_EDGE ( 'NONE', *, *, #5377, .T. ) ;
#5127 = VERTEX_POINT ( 'NONE', #4501 ) ;
#5128 = FACE_OUTER_BOUND ( 'NONE', #6610, .T. ) ;
#5129 = CARTESIAN_POINT ( 'NONE',  ( 5.144608137895001931, -31.48301603678223159, 1.000000000000000000 ) ) ;
#5130 = EDGE_LOOP ( 'NONE', ( #7117, #6696 ) ) ;
#5131 = CARTESIAN_POINT ( 'NONE',  ( 50.43190725012332365, -26.38459728854136799, -7.285192739890203661 ) ) ;
#5132 = DIRECTION ( 'NONE',  ( 0.000000000000000000, 0.000000000000000000, 1.000000000000000000 ) ) ;
#5133 = CARTESIAN_POINT ( 'NONE',  ( 44.88722585882243266, 19.14266193162950103, -6.663148035801222946 ) ) ;
#5134 = VERTEX_POINT ( 'NONE', #5688 ) ;
#5135 = AXIS2_PLACEMENT_3D ( 'NONE', #4002, #6418, #5144 ) ;
#5136 = EDGE_LOOP ( 'NONE', ( #1760, #5007, #4851, #1991 ) ) ;
#5137 = CARTESIAN_POINT ( 'NONE',  ( 25.15307884903430846, -32.26758296553377647, 1.000000000000000444 ) ) ;
#5138 = EDGE_CURVE ( 'NONE', #4605, #1378, #3672, .T. ) ;
#5139 = VERTEX_POINT ( 'NONE', #1123 ) ;
#5140 = LINE ( 'NONE', #915, #3642 ) ;
#5141 = CARTESIAN_POINT ( 'NONE',  ( 17.17893454858295144, -30.35868618648791895, -1.000000000000000000 ) ) ;
#5142 = CARTESIAN_POINT ( 'NONE',  ( 5.443766477962406647, -38.75495671797978758, -12.05827548305216013 ) ) ;
#5143 = CARTESIAN_POINT ( 'NONE',  ( 16.70433413563165814, -33.79365298882175495, 0.5000000000000001110 ) ) ;
#5144 = DIRECTION ( 'NONE',  ( 0.000000000000000000, 0.000000000000000000, 1.000000000000000000 ) ) ;
#5145 = VERTEX_POINT ( 'NONE', #7510 ) ;
#5146 = DIRECTION ( 'NONE',  ( -0.000000000000000000, -0.000000000000000000, 1.000000000000000000 ) ) ;
#5147 = CARTESIAN_POINT ( 'NONE',  ( 24.48226687103376165, -35.19095109406833188, 1.000000000000000000 ) ) ;
#5148 = ORIENTED_EDGE ( 'NONE', *, *, #1225, .T. ) ;
#5149 = CARTESIAN_POINT ( 'NONE',  ( 24.21635081989813187, -30.76485749922561297, 0.5000000000000000000 ) ) ;
#5150 = VECTOR ( 'NONE', #7548, 1000.000000000000000 ) ;
#5151 = CARTESIAN_POINT ( 'NONE',  ( -1.609655412721123557, -16.81500368935729028, -9.761502062182218609 ) ) ;
#5152 = EDGE_CURVE ( 'NONE', #3366, #7083, #7698, .T. ) ;
#5153 = ORIENTED_EDGE ( 'NONE', *, *, #3204, .T. ) ;
#5154 = ORIENTED_EDGE ( 'NONE', *, *, #7028, .T. ) ;
#5155 = VECTOR ( 'NONE', #3797, 1000.000000000000000 ) ;
#5156 = CARTESIAN_POINT ( 'NONE',  ( 48.22735356466326095, -29.00591734882469908, -11.50000000000000000 ) ) ;
#5157 = CARTESIAN_POINT ( 'NONE',  ( 13.94792530343024239, -33.25381313579922704, 0.4999999999999998890 ) ) ;
#5158 = DIRECTION ( 'NONE',  ( 0.000000000000000000, 0.000000000000000000, 1.000000000000000000 ) ) ;
#5159 = CARTESIAN_POINT ( 'NONE',  ( 16.31539954954190819, -32.39114534355635300, 1.000000000000000000 ) ) ;
#5160 = CARTESIAN_POINT ( 'NONE',  ( 5.455194273636760016, -32.13320243262111120, 0.5000000000000000000 ) ) ;
#5161 = VECTOR ( 'NONE', #631, 1000.000000000000000 ) ;
#5162 = ADVANCED_FACE ( 'NONE', ( #7066 ), #2698, .T. ) ;
#5163 = FACE_BOUND ( 'NONE', #3573, .T. ) ;
#5164 = VERTEX_POINT ( 'NONE', #3287 ) ;
#5165 = ORIENTED_EDGE ( 'NONE', *, *, #809, .F. ) ;
#5166 = CARTESIAN_POINT ( 'NONE',  ( 2.890344587278875110, -45.61841504291471239, -13.43649167310370807 ) ) ;
#5167 = ORIENTED_EDGE ( 'NONE', *, *, #914, .T. ) ;
#5168 = EDGE_CURVE ( 'NONE', #6504, #6003, #6467, .T. ) ;
#5169 = VERTEX_POINT ( 'NONE', #1532 ) ;
#5170 = EDGE_CURVE ( 'NONE', #4681, #3495, #2712, .T. ) ;
#5171 = CARTESIAN_POINT ( 'NONE',  ( 18.41410195745270784, -29.46747365367343718, -1.000000000000000000 ) ) ;
#5172 = CARTESIAN_POINT ( 'NONE',  ( 11.89792908611199884, -37.01386206105601673, 0.9999999999999995559 ) ) ;
#5173 = VERTEX_POINT ( 'NONE', #4726 ) ;
#5174 = AXIS2_PLACEMENT_3D ( 'NONE', #7706, #7034, #6404 ) ;
#5175 = LINE ( 'NONE', #3441, #3198 ) ;
#5176 = LINE ( 'NONE', #7596, #7754 ) ;
#5177 = VERTEX_POINT ( 'NONE', #454 ) ;
#5178 = CARTESIAN_POINT ( 'NONE',  ( 32.48338076306245625, -31.97260846456628869, 1.250000000000000000 ) ) ;
#5179 = ORIENTED_EDGE ( 'NONE', *, *, #1508, .T. ) ;
#5180 = B_SPLINE_CURVE_WITH_KNOTS ( 'NONE', 3,
 ( #4250, #1938, #3081, #96, #4288, #2496, #7330, #3730, #2532, #735, #4916, #7292, #1904, #6148, #770, #885, #1003, #2178, #7575, #6935, #5628, #326, #2098, #7487, #962, #1596, #6391, #6851, #3271, #2762, #2135, #3385 ),
 .UNSPECIFIED., .F., .F.,
 ( 4, 2, 2, 2, 2, 2, 2, 2, 2, 2, 2, 2, 2, 2, 2, 4 ),
 ( 7.757919228897728493E-18, 0.0008254903416066094405, 0.001650980683213211075, 0.003301961366426434726, 0.004127451708033046986, 0.004952942049639658811, 0.005778432391246270637, 0.006603922732852891136, 0.007429413074459513371, 0.008254903416066133870, 0.009080393757672756971, 0.009493138928476068522, 0.009905884099279378338, 0.01073137444088599103, 0.01155686478249260199, 0.01320784546570582044 ),
 .UNSPECIFIED. ) ;
#5181 = LINE ( 'NONE', #7434, #5915 ) ;
#5182 = ORIENTED_EDGE ( 'NONE', *, *, #4679, .F. ) ;
#5183 = EDGE_CURVE ( 'NONE', #2974, #3964, #5961, .T. ) ;
#5184 = CIRCLE ( 'NONE', #5433, 0.7999999999999999334 ) ;
#5185 = CARTESIAN_POINT ( 'NONE',  ( 18.47471805501016107, -45.11841504291469107, -8.884504751596059791 ) ) ;
#5186 = CARTESIAN_POINT ( 'NONE',  ( 22.47788014111349852, -37.07646964051634342, -1.000000000000000000 ) ) ;
#5187 = CARTESIAN_POINT ( 'NONE',  ( 13.49973860035376561, -35.72278733975395681, 1.000000000000000000 ) ) ;
#5188 = ADVANCED_FACE ( 'NONE', ( #6000 ), #4878, .F. ) ;
#5189 = EDGE_CURVE ( 'NONE', #4632, #6022, #4287, .T. ) ;
#5190 = DIRECTION ( 'NONE',  ( 1.000000000000000000, -0.000000000000000000, -0.000000000000000000 ) ) ;
#5191 = DIRECTION ( 'NONE',  ( 0.000000000000000000, 0.000000000000000000, 1.000000000000000000 ) ) ;
#5192 = ORIENTED_EDGE ( 'NONE', *, *, #6907, .T. ) ;
#5193 = FACE_OUTER_BOUND ( 'NONE', #2083, .T. ) ;
#5194 = CARTESIAN_POINT ( 'NONE',  ( 32.48338076306245625, -31.97260846456628869, 1.500000000000000000 ) ) ;
#5195 = DIRECTION ( 'NONE',  ( 0.000000000000000000, 0.000000000000000000, -1.000000000000000000 ) ) ;
#5196 = VERTEX_POINT ( 'NONE', #93 ) ;
#5197 = ORIENTED_EDGE ( 'NONE', *, *, #3342, .F. ) ;
#5198 = CARTESIAN_POINT ( 'NONE',  ( 12.82033012497712221, -21.98944555883515051, -3.000000000000000000 ) ) ;
#5199 = CARTESIAN_POINT ( 'NONE',  ( 24.01864339560688677, 22.74374527427766779, -1.000000000000000000 ) ) ;
#5200 = CARTESIAN_POINT ( 'NONE',  ( 16.90018354664623246, -34.91748083533587987, 1.000000000000000000 ) ) ;
#5201 = CARTESIAN_POINT ( 'NONE',  ( 2.890344587278876443, 18.24374527427766424, -2.000000000000000000 ) ) ;
#5202 = LINE ( 'NONE', #377, #1846 ) ;
#5203 = CIRCLE ( 'NONE', #7225, 0.8000000000000020428 ) ;
#5204 = ORIENTED_EDGE ( 'NONE', *, *, #2521, .F. ) ;
#5205 = FACE_OUTER_BOUND ( 'NONE', #6960, .T. ) ;
#5206 = CARTESIAN_POINT ( 'NONE',  ( 44.88722585882243266, 19.14266193162950103, -9.047210079157837370 ) ) ;
#5207 = CARTESIAN_POINT ( 'NONE',  ( 12.99098821140080418, -37.10948077418181157, 1.000000000000000000 ) ) ;
#5208 = EDGE_LOOP ( 'NONE', ( #499, #1671, #7451, #7649 ) ) ;
#5209 = VECTOR ( 'NONE', #1577, 1000.000000000000000 ) ;
#5210 = CARTESIAN_POINT ( 'NONE',  ( 4.625558381474981218, -41.61841504291471949, 1.000000000000000000 ) ) ;
#5211 = DIRECTION ( 'NONE',  ( -8.042586066086100112E-17, -3.070295484789979924E-17, -1.000000000000000000 ) ) ;
#5212 = EDGE_CURVE ( 'NONE', #2750, #1580, #55, .T. ) ;
#5213 = CARTESIAN_POINT ( 'NONE',  ( 37.72555838147485474, -0.9338809330280339882, -9.451567670042738456 ) ) ;
#5214 = ORIENTED_EDGE ( 'NONE', *, *, #1539, .T. ) ;
#5215 = ORIENTED_EDGE ( 'NONE', *, *, #4821, .F. ) ;
#5216 = CARTESIAN_POINT ( 'NONE',  ( 0.6177385473894073664, -45.21376415690695438, -13.38223793408177364 ) ) ;
#5217 = ORIENTED_EDGE ( 'NONE', *, *, #3927, .T. ) ;
#5218 = AXIS2_PLACEMENT_3D ( 'NONE', #7141, #538, #2848 ) ;
#5219 = PLANE ( 'NONE',  #6433 ) ;
#5220 = CARTESIAN_POINT ( 'NONE',  ( -1.609655412721121781, -41.61841504291468397, -13.42912948050400779 ) ) ;
#5221 = FACE_OUTER_BOUND ( 'NONE', #3447, .T. ) ;
#5222 = DIRECTION ( 'NONE',  ( -1.000000000000000000, 1.668303327435289349E-16, -0.000000000000000000 ) ) ;
#5223 = AXIS2_PLACEMENT_3D ( 'NONE', #3750, #5013, #7514 ) ;
#5224 = VECTOR ( 'NONE', #2296, 1000.000000000000000 ) ;
#5225 = LINE ( 'NONE', #2288, #6372 ) ;
#5226 = CARTESIAN_POINT ( 'NONE',  ( 42.50367785261521192, -8.763023730668720646, -9.592411343199959362 ) ) ;
#5227 = ORIENTED_EDGE ( 'NONE', *, *, #5654, .F. ) ;
#5228 = DIRECTION ( 'NONE',  ( 0.000000000000000000, 0.000000000000000000, 1.000000000000000000 ) ) ;
#5229 = AXIS2_PLACEMENT_3D ( 'NONE', #4645, #5838, #7025 ) ;
#5230 = DIRECTION ( 'NONE',  ( -0.000000000000000000, -0.000000000000000000, -1.000000000000000000 ) ) ;
#5231 = VECTOR ( 'NONE', #3302, 1000.000000000000000 ) ;
#5232 = ORIENTED_EDGE ( 'NONE', *, *, #708, .T. ) ;
#5233 = LINE ( 'NONE', #7651, #801 ) ;
#5234 = DIRECTION ( 'NONE',  ( -1.000000000000000000, 0.000000000000000000, -0.000000000000000000 ) ) ;
#5235 = VECTOR ( 'NONE', #960, 1000.000000000000000 ) ;
#5236 = EDGE_LOOP ( 'NONE', ( #6770, #2071, #7106, #7212 ) ) ;
#5237 = AXIS2_PLACEMENT_3D ( 'NONE', #3175, #5570, #7393 ) ;
#5238 = ORIENTED_EDGE ( 'NONE', *, *, #5573, .F. ) ;
#5239 = DIRECTION ( 'NONE',  ( 1.000000000000000000, -0.000000000000000000, -1.727944448874052734E-16 ) ) ;
#5240 = CARTESIAN_POINT ( 'NONE',  ( 1.335016159205053343, 19.39267481122346837, -1.000000000000000888 ) ) ;
#5241 = EDGE_CURVE ( 'NONE', #2905, #3178, #6728, .T. ) ;
#5242 = CARTESIAN_POINT ( 'NONE',  ( 17.08794445417517949, -34.37018264554493641, 0.5000000000000000000 ) ) ;
#5243 = CARTESIAN_POINT ( 'NONE',  ( 18.06951092759926070, -35.92775926178450163, 1.000000000000000000 ) ) ;
#5244 = CARTESIAN_POINT ( 'NONE',  ( 9.711336059068521820, -24.76759449452900341, -1.000000000000000888 ) ) ;
#5245 = CARTESIAN_POINT ( 'NONE',  ( 2.890344587278919075, 24.24374527427766424, -2.000000000000000000 ) ) ;
#5246 = ORIENTED_EDGE ( 'NONE', *, *, #4263, .F. ) ;
#5247 = CARTESIAN_POINT ( 'NONE',  ( -1.609655412721123557, -41.28509977589548896, -13.43649167310372050 ) ) ;
#5248 = ORIENTED_EDGE ( 'NONE', *, *, #5755, .T. ) ;
#5249 = FACE_OUTER_BOUND ( 'NONE', #1663, .T. ) ;
#5250 = CARTESIAN_POINT ( 'NONE',  ( 9.884199536734831426, -36.78976553368081426, 0.5000000000000000000 ) ) ;
#5251 = VERTEX_POINT ( 'NONE', #2531 ) ;
#5252 = FACE_OUTER_BOUND ( 'NONE', #4467, .T. ) ;
#5253 = DIRECTION ( 'NONE',  ( -0.000000000000000000, -0.000000000000000000, 1.000000000000000000 ) ) ;
#5254 = FACE_BOUND ( 'NONE', #2336, .T. ) ;
#5255 = ADVANCED_FACE ( 'NONE', ( #3616 ), #5988, .T. ) ;
#5256 = ORIENTED_EDGE ( 'NONE', *, *, #4533, .F. ) ;
#5257 = DIRECTION ( 'NONE',  ( -0.000000000000000000, -0.000000000000000000, 1.000000000000000000 ) ) ;
#5258 = ORIENTED_EDGE ( 'NONE', *, *, #5693, .F. ) ;
#5259 = DIRECTION ( 'NONE',  ( -0.000000000000000000, -1.000000000000000000, -0.000000000000000000 ) ) ;
#5260 = ADVANCED_FACE ( 'NONE', ( #653, #1936 ), #5434, .F. ) ;
#5261 = CARTESIAN_POINT ( 'NONE',  ( 48.22735356466326806, -41.61841504291469107, -11.50000000000000178 ) ) ;
#5262 = CARTESIAN_POINT ( 'NONE',  ( 12.99098821140080418, -37.10948077418181157, 1.000000000000000000 ) ) ;
#5263 = TOROIDAL_SURFACE ( 'NONE', #760, 3.000000000000006217, 3.000000000000000000 ) ;
#5264 = CARTESIAN_POINT ( 'NONE',  ( 7.323732930487381054, -40.56364722183403160, -1.000000000000000000 ) ) ;
#5265 = CARTESIAN_POINT ( 'NONE',  ( 5.443766477962406647, -38.75495671797978758, -4.663148035801217617 ) ) ;
#5266 = ORIENTED_EDGE ( 'NONE', *, *, #4559, .T. ) ;
#5267 = CARTESIAN_POINT ( 'NONE',  ( 23.71002223758161520, -36.54734138201885685, 0.5000000000000000000 ) ) ;
#5268 = EDGE_CURVE ( 'NONE', #7769, #3727, #769, .T. ) ;
#5269 = DIRECTION ( 'NONE',  ( 2.469311568473896684E-33, -1.000000000000000000, 3.070295484789979924E-17 ) ) ;
#5270 =( LENGTH_UNIT ( ) NAMED_UNIT ( * ) SI_UNIT ( .MILLI., .METRE. ) );
#5271 = VECTOR ( 'NONE', #4508, 1000.000000000000000 ) ;
#5272 = ORIENTED_EDGE ( 'NONE', *, *, #3980, .T. ) ;
#5273 = ORIENTED_EDGE ( 'NONE', *, *, #3003, .T. ) ;
#5274 = CARTESIAN_POINT ( 'NONE',  ( 13.91407343923848217, -34.14952937773848163, -1.000000000000000000 ) ) ;
#5275 = CARTESIAN_POINT ( 'NONE',  ( 12.42246123869364816, -29.26000270382710156, 0.4999999999999998890 ) ) ;
#5276 = EDGE_CURVE ( 'NONE', #2706, #2882, #6693, .T. ) ;
#5277 = VECTOR ( 'NONE', #6099, 1000.000000000000000 ) ;
#5278 = VECTOR ( 'NONE', #6126, 1000.000000000000114 ) ;
#5279 = CARTESIAN_POINT ( 'NONE',  ( 17.91324888425402051, -29.18270072853041697, 1.000000000000000000 ) ) ;
#5280 = CARTESIAN_POINT ( 'NONE',  ( 7.416339144423416130, -29.58890514782773096, 0.5000000000000000000 ) ) ;
#5281 = EDGE_CURVE ( 'NONE', #2490, #6211, #4135, .T. ) ;
#5282 = CARTESIAN_POINT ( 'NONE',  ( 7.195018997908690928, 15.31055444116485198, -2.000000000000010658 ) ) ;
#5283 = CIRCLE ( 'NONE', #2909, 6.000000000000005329 ) ;
#5284 = EDGE_LOOP ( 'NONE', ( #1724, #5835, #2034, #1509 ) ) ;
#5285 = DIRECTION ( 'NONE',  ( 1.000000000000000000, 0.000000000000000000, -0.000000000000000000 ) ) ;
#5286 = ORIENTED_EDGE ( 'NONE', *, *, #2323, .F. ) ;
#5287 = CARTESIAN_POINT ( 'NONE',  ( 0.3512439203877670835, -4.664145929984653272, -2.000000000000013767 ) ) ;
#5288 = CARTESIAN_POINT ( 'NONE',  ( 9.625558381474982994, -15.76479910009957131, 0.000000000000000000 ) ) ;
#5289 = ORIENTED_EDGE ( 'NONE', *, *, #1047, .F. ) ;
#5290 = VECTOR ( 'NONE', #3276, 1000.000000000000000 ) ;
#5291 = B_SPLINE_CURVE_WITH_KNOTS ( 'NONE', 3,
 ( #692, #4387, #236, #2999, #4837, #5387 ),
 .UNSPECIFIED., .F., .F.,
 ( 4, 2, 4 ),
 ( 0.02660980254104770848, 0.02672792620200036343, 0.02684604986295301837 ),
 .UNSPECIFIED. ) ;
#5292 = DIRECTION ( 'NONE',  ( -2.132856732758369851E-16, 1.000000000000000000, 0.000000000000000000 ) ) ;
#5293 = DIRECTION ( 'NONE',  ( -1.000000000000000000, 0.000000000000000000, 8.042586066086100112E-17 ) ) ;
#5294 = ORIENTED_EDGE ( 'NONE', *, *, #2491, .F. ) ;
#5295 = ORIENTED_EDGE ( 'NONE', *, *, #3625, .T. ) ;
#5296 = CARTESIAN_POINT ( 'NONE',  ( 39.02555838147498690, -12.76479910009956420, 0.000000000000000000 ) ) ;
#5297 = VERTEX_POINT ( 'NONE', #4033 ) ;
#5298 = CARTESIAN_POINT ( 'NONE',  ( 7.195018997908690928, 15.31055444116485198, -1.000000000000000000 ) ) ;
#5299 = B_SPLINE_CURVE_WITH_KNOTS ( 'NONE', 3,
 ( #6321, #7463, #901, #6826 ),
 .UNSPECIFIED., .F., .F.,
 ( 4, 4 ),
 ( 0.000000000000000000, 0.0005000541989423533612 ),
 .UNSPECIFIED. ) ;
#5300 = DIRECTION ( 'NONE',  ( 0.000000000000000000, 0.000000000000000000, 1.000000000000000000 ) ) ;
#5301 = ORIENTED_EDGE ( 'NONE', *, *, #2430, .F. ) ;
#5302 = ADVANCED_FACE ( 'NONE', ( #4620 ), #1023, .F. ) ;
#5303 = CARTESIAN_POINT ( 'NONE',  ( 2.390344587278876443, -41.61841504291471949, -1.000000000000000000 ) ) ;
#5304 = LINE ( 'NONE', #5340, #7759 ) ;
#5305 = VECTOR ( 'NONE', #1152, 1000.000000000000000 ) ;
#5306 = FACE_OUTER_BOUND ( 'NONE', #4497, .T. ) ;
#5307 = ORIENTED_EDGE ( 'NONE', *, *, #7458, .T. ) ;
#5308 = CARTESIAN_POINT ( 'NONE',  ( 24.15552874826450136, -30.70410776538491504, 0.5000000000000000000 ) ) ;
#5309 = DIRECTION ( 'NONE',  ( 0.000000000000000000, 0.000000000000000000, 1.000000000000000000 ) ) ;
#5310 = ADVANCED_FACE ( 'NONE', ( #1097 ), #3483, .F. ) ;
#5311 = CARTESIAN_POINT ( 'NONE',  ( 2.723659854298130956, 22.74374527427766068, -13.43649167310372405 ) ) ;
#5312 = CARTESIAN_POINT ( 'NONE',  ( 11.31133605906838113, -24.76759449452900341, -9.047210079157837370 ) ) ;
#5313 = VERTEX_POINT ( 'NONE', #4543 ) ;
#5314 = ADVANCED_FACE ( 'NONE', ( #2903 ), #1213, .T. ) ;
#5315 = EDGE_LOOP ( 'NONE', ( #1101, #6989, #4117, #444 ) ) ;
#5316 = ORIENTED_EDGE ( 'NONE', *, *, #192, .T. ) ;
#5317 = CARTESIAN_POINT ( 'NONE',  ( 12.90726949744076180, -36.54957423647316261, -1.000000000000000000 ) ) ;
#5318 = CARTESIAN_POINT ( 'NONE',  ( 2.135016159205058717, -43.23723148550483586, -1.000000000000000888 ) ) ;
#5319 = EDGE_CURVE ( 'NONE', #2115, #3726, #1659, .T. ) ;
#5320 = CARTESIAN_POINT ( 'NONE',  ( 15.93862030138090624, -31.48292093228174338, 1.000000000000000222 ) ) ;
#5321 = CARTESIAN_POINT ( 'NONE',  ( 7.018250698440877677, -29.84893174320520970, -1.000000000000000000 ) ) ;
#5322 = VERTEX_POINT ( 'NONE', #6327 ) ;
#5323 = DIRECTION ( 'NONE',  ( -0.000000000000000000, 1.000000000000000000, -0.000000000000000000 ) ) ;
#5324 = ORIENTED_EDGE ( 'NONE', *, *, #6694, .T. ) ;
#5325 = DIRECTION ( 'NONE',  ( 0.000000000000000000, 1.000000000000000000, 0.000000000000000000 ) ) ;
#5326 = EDGE_CURVE ( 'NONE', #542, #5876, #5817, .T. ) ;
#5327 = CARTESIAN_POINT ( 'NONE',  ( 11.52757920598869390, -37.55814846613576918, 1.000000000000000000 ) ) ;
#5328 = ORIENTED_EDGE ( 'NONE', *, *, #3732, .T. ) ;
#5329 = DIRECTION ( 'NONE',  ( 0.000000000000000000, 0.000000000000000000, 1.000000000000000000 ) ) ;
#5330 = CARTESIAN_POINT ( 'NONE',  ( 8.202730447109999545, 15.31055444116485198, -1.000000000000000000 ) ) ;
#5331 = VERTEX_POINT ( 'NONE', #4662 ) ;
#5332 = CARTESIAN_POINT ( 'NONE',  ( -1.480566783272901255, -42.66025729245302500, -13.39917506049271445 ) ) ;
#5333 = ORIENTED_EDGE ( 'NONE', *, *, #1364, .T. ) ;
#5334 = CARTESIAN_POINT ( 'NONE',  ( 9.625558381474968783, 16.63520089990042905, 0.000000000000000000 ) ) ;
#5335 = ADVANCED_FACE ( 'NONE', ( #945 ), #7079, .T. ) ;
#5336 = VECTOR ( 'NONE', #7595, 1000.000000000000000 ) ;
#5337 = CARTESIAN_POINT ( 'NONE',  ( 9.625558381474968783, 11.63520089990043260, -1.000000000000000000 ) ) ;
#5338 = ORIENTED_EDGE ( 'NONE', *, *, #3936, .F. ) ;
#5339 = CARTESIAN_POINT ( 'NONE',  ( 13.86554219561898016, -32.35119401347258616, 0.5000000000000000000 ) ) ;
#5340 = CARTESIAN_POINT ( 'NONE',  ( 5.925558381474851366, -8.763023730668722422, -9.592411343199959362 ) ) ;
#5341 = AXIS2_PLACEMENT_3D ( 'NONE', #6323, #4685, #5726 ) ;
#5342 = CARTESIAN_POINT ( 'NONE',  ( 1.335016159205052899, 19.39267481122346837, -6.663148035801219393 ) ) ;
#5343 = VERTEX_POINT ( 'NONE', #5852 ) ;
#5344 = CARTESIAN_POINT ( 'NONE',  ( 22.61569644350533181, -28.78770500456089820, 1.000000000000238476 ) ) ;
#5345 = CARTESIAN_POINT ( 'NONE',  ( 6.625558381474976777, -12.76479910009956775, 0.000000000000000000 ) ) ;
#5346 = EDGE_CURVE ( 'NONE', #3156, #3321, #5472, .T. ) ;
#5347 = CIRCLE ( 'NONE', #5594, 2.999999999999995559 ) ;
#5348 = CARTESIAN_POINT ( 'NONE',  ( 9.286028080503548665, -36.53172846036125776, 0.5000000000000001110 ) ) ;
#5349 = CARTESIAN_POINT ( 'NONE',  ( 12.82033012497712221, -27.06847516654442032, -3.000000000000000000 ) ) ;
#5350 = VERTEX_POINT ( 'NONE', #6998 ) ;
#5351 = VECTOR ( 'NONE', #4285, 1000.000000000000000 ) ;
#5352 = ORIENTED_EDGE ( 'NONE', *, *, #5474, .F. ) ;
#5353 = ORIENTED_EDGE ( 'NONE', *, *, #3393, .T. ) ;
#5354 = DIRECTION ( 'NONE',  ( 0.000000000000000000, 0.000000000000000000, -1.000000000000000000 ) ) ;
#5355 = FACE_BOUND ( 'NONE', #4362, .T. ) ;
#5356 = EDGE_CURVE ( 'NONE', #401, #4977, #6915, .T. ) ;
#5357 = CARTESIAN_POINT ( 'NONE',  ( 15.84116804669524470, -31.93649711743230668, 0.9999999999999997780 ) ) ;
#5358 = VECTOR ( 'NONE', #1268, 1000.000000000000000 ) ;
#5359 = ORIENTED_EDGE ( 'NONE', *, *, #2856, .F. ) ;
#5360 = DIRECTION ( 'NONE',  ( 1.000000000000000000, -0.000000000000000000, -0.000000000000000000 ) ) ;
#5361 = CARTESIAN_POINT ( 'NONE',  ( 23.85929038119562762, -36.41479228548868008, -1.000000000000000000 ) ) ;
#5362 = VECTOR ( 'NONE', #428, 1000.000000000000000 ) ;
#5363 = DIRECTION ( 'NONE',  ( -1.453169479452033105E-16, 0.000000000000000000, -1.000000000000000000 ) ) ;
#5364 = ORIENTED_EDGE ( 'NONE', *, *, #3448, .F. ) ;
#5365 = DIRECTION ( 'NONE',  ( 0.000000000000000000, 0.000000000000000000, 1.000000000000000000 ) ) ;
#5366 = LINE ( 'NONE', #2390, #1978 ) ;
#5367 = CARTESIAN_POINT ( 'NONE',  ( 39.02555838147498690, -12.76479910009956420, 1.000000000000000000 ) ) ;
#5368 = EDGE_LOOP ( 'NONE', ( #2441, #4007 ) ) ;
#5369 = CARTESIAN_POINT ( 'NONE',  ( 37.24050430185577198, -39.42070666598473139, -13.26766223891080720 ) ) ;
#5370 = CARTESIAN_POINT ( 'NONE',  ( 18.60115733779753100, -35.68593041594851201, 0.5000000000000000000 ) ) ;
#5371 = AXIS2_PLACEMENT_3D ( 'NONE', #6265, #882, #243 ) ;
#5372 = DIRECTION ( 'NONE',  ( -8.042586066086100112E-17, -3.070295484789979924E-17, -1.000000000000000000 ) ) ;
#5373 = EDGE_LOOP ( 'NONE', ( #3746, #298, #583, #7653, #5289, #7665, #6309, #6156 ) ) ;
#5374 = CARTESIAN_POINT ( 'NONE',  ( 13.10209240320805790, -30.19305379506005593, 0.5000000000000000000 ) ) ;
#5375 = ORIENTED_EDGE ( 'NONE', *, *, #2535, .F. ) ;
#5376 = CARTESIAN_POINT ( 'NONE',  ( 46.08259321813340392, 14.42020381552566732, -5.000000000000000000 ) ) ;
#5377 = EDGE_CURVE ( 'NONE', #4047, #4036, #3369, .T. ) ;
#5378 = FACE_OUTER_BOUND ( 'NONE', #4881, .T. ) ;
#5379 = ORIENTED_EDGE ( 'NONE', *, *, #3755, .T. ) ;
#5380 = CARTESIAN_POINT ( 'NONE',  ( 23.13404994383274982, -28.53322015667288625, 1.000000000000000000 ) ) ;
#5381 = CARTESIAN_POINT ( 'NONE',  ( 3.226601152850407050, 17.10562838809392971, -1.000000000000000000 ) ) ;
#5382 = DIRECTION ( 'NONE',  ( -0.000000000000000000, -1.000000000000000000, -0.000000000000000000 ) ) ;
#5383 = DIRECTION ( 'NONE',  ( 0.000000000000000000, 0.000000000000000000, -1.000000000000000000 ) ) ;
#5384 = ORIENTED_EDGE ( 'NONE', *, *, #315, .T. ) ;
#5385 = ORIENTED_EDGE ( 'NONE', *, *, #3779, .F. ) ;
#5386 = EDGE_LOOP ( 'NONE', ( #5256, #6912, #5995, #2841 ) ) ;
#5387 = CARTESIAN_POINT ( 'NONE',  ( 23.70130389400118531, -36.54940298368431684, 0.5000000000000000000 ) ) ;
#5388 = CARTESIAN_POINT ( 'NONE',  ( 44.21615726698036042, -25.67721764505392912, -1.000000000000000000 ) ) ;
#5389 = CARTESIAN_POINT ( 'NONE',  ( 5.020805402721207678, -32.40481899963504731, 0.9999999999999997780 ) ) ;
#5390 = VECTOR ( 'NONE', #600, 1000.000000000000000 ) ;
#5391 = ADVANCED_FACE ( 'NONE', ( #1619 ), #348, .F. ) ;
#5392 = CARTESIAN_POINT ( 'NONE',  ( 7.387036712235207858, -29.02452577797364697, 1.000000000000000000 ) ) ;
#5393 = CARTESIAN_POINT ( 'NONE',  ( 32.48338076306245625, -31.97260846456628869, 1.500000000000000000 ) ) ;
#5394 = CARTESIAN_POINT ( 'NONE',  ( 9.569413117089354159, -28.59990046529315677, 0.5000000000000000000 ) ) ;
#5395 = AXIS2_PLACEMENT_3D ( 'NONE', #1459, #7563, #7009 ) ;
#5396 = VECTOR ( 'NONE', #1250, 1000.000000000000000 ) ;
#5397 = CARTESIAN_POINT ( 'NONE',  ( 24.63771619882333752, -31.96599932056713200, -1.000000000000000000 ) ) ;
#5398 = DIRECTION ( 'NONE',  ( 0.000000000000000000, 0.000000000000000000, 1.000000000000000000 ) ) ;
#5399 = LINE ( 'NONE', #2423, #2922 ) ;
#5400 = ORIENTED_EDGE ( 'NONE', *, *, #6040, .F. ) ;
#5401 = ADVANCED_FACE ( 'NONE', ( #7554 ), #2158, .T. ) ;
#5402 = CARTESIAN_POINT ( 'NONE',  ( 18.47471805501016462, -47.11841504291469818, -3.684504751596059613 ) ) ;
#5403 = AXIS2_PLACEMENT_3D ( 'NONE', #7182, #4215, #4324 ) ;
#5404 = DIRECTION ( 'NONE',  ( 0.000000000000000000, -0.000000000000000000, 1.000000000000000000 ) ) ;
#5405 = EDGE_CURVE ( 'NONE', #5011, #7739, #5176, .T. ) ;
#5406 = EDGE_CURVE ( 'NONE', #803, #2308, #3706, .T. ) ;
#5407 = CARTESIAN_POINT ( 'NONE',  ( -1.482321732961739746, 19.77828470961769369, -13.39937053586718463 ) ) ;
#5408 = VERTEX_POINT ( 'NONE', #2454 ) ;
#5409 = FACE_OUTER_BOUND ( 'NONE', #3866, .T. ) ;
#5410 = CARTESIAN_POINT ( 'NONE',  ( 21.39600315974899303, -37.50264015790152428, 1.000000000000000000 ) ) ;
#5411 = CIRCLE ( 'NONE', #2530, 0.8000000000000058176 ) ;
#5412 = CARTESIAN_POINT ( 'NONE',  ( 7.389615637442281226, -29.60385390727626387, 1.000000000000268896 ) ) ;
#5413 = ORIENTED_EDGE ( 'NONE', *, *, #569, .T. ) ;
#5414 = CARTESIAN_POINT ( 'NONE',  ( 13.10209240067101710, -30.19305379634671382, 1.000000000000233591 ) ) ;
#5415 = FACE_OUTER_BOUND ( 'NONE', #5948, .T. ) ;
#5416 = AXIS2_PLACEMENT_3D ( 'NONE', #4227, #7300, #5440 ) ;
#5417 = EDGE_CURVE ( 'NONE', #1014, #5797, #3190, .T. ) ;
#5418 = LINE ( 'NONE', #7316, #5517 ) ;
#5419 = EDGE_LOOP ( 'NONE', ( #1004, #2028, #6252, #6795 ) ) ;
#5420 = CARTESIAN_POINT ( 'NONE',  ( 24.65957659217915321, -32.35102276068256799, 0.5000000000000000000 ) ) ;
#5421 = DIRECTION ( 'NONE',  ( -1.000000000000000000, -2.514877418146365435E-16, 0.000000000000000000 ) ) ;
#5422 = EDGE_CURVE ( 'NONE', #1922, #3255, #1983, .T. ) ;
#5423 = ADVANCED_FACE ( 'NONE', ( #7256, #3155, #6111 ), #6658, .T. ) ;
#5424 = CARTESIAN_POINT ( 'NONE',  ( 31.27174601004611887, -45.61841504291471949, -4.663148035801218505 ) ) ;
#5425 = VECTOR ( 'NONE', #5518, 1000.000000000000000 ) ;
#5426 = CARTESIAN_POINT ( 'NONE',  ( 37.02555838147498690, -12.76479910009956598, 0.000000000000000000 ) ) ;
#5427 = VERTEX_POINT ( 'NONE', #3770 ) ;
#5428 = ORIENTED_EDGE ( 'NONE', *, *, #6673, .T. ) ;
#5429 = VERTEX_POINT ( 'NONE', #4210 ) ;
#5430 = CARTESIAN_POINT ( 'NONE',  ( -1.609655412721123557, -8.763023730668722422, -2.000000000000014655 ) ) ;
#5431 = CARTESIAN_POINT ( 'NONE',  ( 48.00806037650425395, -14.80302503274316628, -1.000000000000000000 ) ) ;
#5432 = B_SPLINE_CURVE_WITH_KNOTS ( 'NONE', 3,
 ( #5821, #6522, #7004, #5974, #4585, #5216, #7745, #4113, #6557, #1773, #7040, #4699, #6484, #4074, #5332, #588, #2979, #3446 ),
 .UNSPECIFIED., .F., .F.,
 ( 4, 2, 2, 2, 2, 2, 2, 2, 4 ),
 ( 0.000000000000000000, 0.0007812417581427530140, 0.001562483516285506028, 0.002343725274428259259, 0.003124967032571012056, 0.003906208790713764853, 0.004687450548856518517, 0.005468692306999271315, 0.006249934065142024112 ),
 .UNSPECIFIED. ) ;
#5433 = AXIS2_PLACEMENT_3D ( 'NONE', #7725, #7055, #2921 ) ;
#5434 = PLANE ( 'NONE',  #2589 ) ;
#5435 = DIRECTION ( 'NONE',  ( 0.000000000000000000, -0.000000000000000000, 1.000000000000000000 ) ) ;
#5436 = ORIENTED_EDGE ( 'NONE', *, *, #4545, .T. ) ;
#5437 = FACE_BOUND ( 'NONE', #3548, .T. ) ;
#5438 = ORIENTED_EDGE ( 'NONE', *, *, #6804, .T. ) ;
#5439 = CARTESIAN_POINT ( 'NONE',  ( 3.226601152850407939, 22.74374527427766068, 7.123475921583547255 ) ) ;
#5440 = DIRECTION ( 'NONE',  ( 1.000000000000000000, 0.000000000000000000, 0.000000000000000000 ) ) ;
#5441 = DIRECTION ( 'NONE',  ( 0.000000000000000000, 1.000000000000000000, 0.000000000000000000 ) ) ;
#5442 = VERTEX_POINT ( 'NONE', #7367 ) ;
#5443 = DIRECTION ( 'NONE',  ( 0.003460928000365477882, -0.9999940109707539104, 0.000000000000000000 ) ) ;
#5444 = B_SPLINE_CURVE_WITH_KNOTS ( 'NONE', 3,
 ( #4836, #7529, #2130, #5581, #1466 ),
 .UNSPECIFIED., .F., .F.,
 ( 4, 1, 4 ),
 ( 0.01320784546570582044, 0.01322037585660515262, 0.01323290624750448480 ),
 .UNSPECIFIED. ) ;
#5445 = PLANE ( 'NONE',  #5486 ) ;
#5446 = LINE ( 'NONE', #4776, #5278 ) ;
#5447 = ORIENTED_EDGE ( 'NONE', *, *, #4578, .F. ) ;
#5448 = DIRECTION ( 'NONE',  ( 1.000000000000000000, -0.000000000000000000, 0.000000000000000000 ) ) ;
#5449 = DIRECTION ( 'NONE',  ( -1.000000000000000000, 0.000000000000000000, 0.000000000000000000 ) ) ;
#5450 = CARTESIAN_POINT ( 'NONE',  ( 47.98256164536418567, 12.65288649460165438, -11.50000000000000000 ) ) ;
#5451 = ORIENTED_EDGE ( 'NONE', *, *, #407, .F. ) ;
#5452 = ADVANCED_FACE ( 'NONE', ( #6187 ), #4842, .F. ) ;
#5453 = CARTESIAN_POINT ( 'NONE',  ( 12.07902857017876741, -28.35845443199109539, 1.000000000000000000 ) ) ;
#5454 = CARTESIAN_POINT ( 'NONE',  ( 40.66812483162726721, 1.876083684937086327, -9.451567670042738456 ) ) ;
#5455 = EDGE_CURVE ( 'NONE', #5964, #5408, #4360, .T. ) ;
#5456 = DIRECTION ( 'NONE',  ( 0.000000000000000000, 1.000000000000000000, 0.000000000000000000 ) ) ;
#5457 = ORIENTED_EDGE ( 'NONE', *, *, #3432, .F. ) ;
#5458 = CARTESIAN_POINT ( 'NONE',  ( 23.42571365004305051, -29.49621185924211630, 0.9999999999996637134 ) ) ;
#5459 = CARTESIAN_POINT ( 'NONE',  ( 7.323732930487381054, -45.61841504291471239, -13.26766223891080720 ) ) ;
#5460 = LINE ( 'NONE', #1929, #6191 ) ;
#5461 = AXIS2_PLACEMENT_3D ( 'NONE', #1332, #2078, #6132 ) ;
#5462 = CARTESIAN_POINT ( 'NONE',  ( -3.609655412721123557, -16.81500368935729028, -8.211502062182216122 ) ) ;
#5463 = ORIENTED_EDGE ( 'NONE', *, *, #5927, .F. ) ;
#5464 = ORIENTED_EDGE ( 'NONE', *, *, #1526, .F. ) ;
#5465 = ORIENTED_EDGE ( 'NONE', *, *, #54, .T. ) ;
#5466 = CARTESIAN_POINT ( 'NONE',  ( -3.609655412721123557, -24.80500368935529565, -7.551502062183216957 ) ) ;
#5467 = DIRECTION ( 'NONE',  ( -1.000000000000000000, -1.873501354054951908E-16, 8.042586066086101344E-17 ) ) ;
#5468 = CARTESIAN_POINT ( 'NONE',  ( 34.02555838147497269, 14.63520089990042727, 0.000000000000000000 ) ) ;
#5469 = CARTESIAN_POINT ( 'NONE',  ( 47.76276586460648588, -43.52600394104069892, -13.50000000000000178 ) ) ;
#5470 = AXIS2_PLACEMENT_3D ( 'NONE', #7620, #7700, #4689 ) ;
#5471 = ORIENTED_EDGE ( 'NONE', *, *, #7378, .F. ) ;
#5472 = CIRCLE ( 'NONE', #7123, 0.8000000000000020428 ) ;
#5473 = B_SPLINE_CURVE_WITH_KNOTS ( 'NONE', 3,
 ( #526, #7610, #5311, #4678 ),
 .UNSPECIFIED., .F., .F.,
 ( 4, 4 ),
 ( 0.000000000000000000, 0.0005000541989423650706 ),
 .UNSPECIFIED. ) ;
#5474 = EDGE_CURVE ( 'NONE', #15, #4795, #6731, .T. ) ;
#5475 = CARTESIAN_POINT ( 'NONE',  ( 8.240621197279367038, -29.12137029499594831, -1.000000000000000444 ) ) ;
#5476 = EDGE_LOOP ( 'NONE', ( #3741, #1443, #2403, #2746 ) ) ;
#5477 = DIRECTION ( 'NONE',  ( 0.000000000000000000, 0.000000000000000000, -1.000000000000000000 ) ) ;
#5478 = FACE_OUTER_BOUND ( 'NONE', #250, .T. ) ;
#5479 = AXIS2_PLACEMENT_3D ( 'NONE', #7253, #2376, #1870 ) ;
#5480 = AXIS2_PLACEMENT_3D ( 'NONE', #5462, #4201, #1229 ) ;
#5481 = CARTESIAN_POINT ( 'NONE',  ( 44.36295186973670468, -4.456046650082968519, -5.000000000000000000 ) ) ;
#5482 = EDGE_LOOP ( 'NONE', ( #5464, #5868 ) ) ;
#5483 = CARTESIAN_POINT ( 'NONE',  ( 1.032475904716213977, 4.686048302902208640, -9.451567670042738456 ) ) ;
#5484 = DIRECTION ( 'NONE',  ( 1.000000000000000000, 0.000000000000000000, 0.000000000000000000 ) ) ;
#5485 = CIRCLE ( 'NONE', #4971, 4.500000000000000888 ) ;
#5486 = AXIS2_PLACEMENT_3D ( 'NONE', #4775, #4148, #2464 ) ;
#5487 = LINE ( 'NONE', #2429, #6662 ) ;
#5488 = EDGE_LOOP ( 'NONE', ( #6667, #3114, #3511, #2161, #1981 ) ) ;
#5489 = CARTESIAN_POINT ( 'NONE',  ( 23.06997429954347112, -36.92570051683829746, 1.000000000000000888 ) ) ;
#5490 = CARTESIAN_POINT ( 'NONE',  ( 6.027108525064235778, -30.04227031679923954, 1.000000000000000000 ) ) ;
#5491 = CARTESIAN_POINT ( 'NONE',  ( 49.00749553206704690, -8.626537619883473340, -11.50000000000000000 ) ) ;
#5492 = ORIENTED_EDGE ( 'NONE', *, *, #1703, .T. ) ;
#5493 = CIRCLE ( 'NONE', #2108, 3.000000000000002665 ) ;
#5494 = CARTESIAN_POINT ( 'NONE',  ( 12.34001554727343120, -28.53339140946236441, 1.000000000000000000 ) ) ;
#5495 = ADVANCED_FACE ( 'NONE', ( #3617, #6039 ), #3043, .F. ) ;
#5496 = CARTESIAN_POINT ( 'NONE',  ( 18.47471805501016107, -45.11841504291469107, -3.684504751596059613 ) ) ;
#5497 = DIRECTION ( 'NONE',  ( 1.000000000000000000, 8.341577336712751021E-17, 0.000000000000000000 ) ) ;
#5498 = VERTEX_POINT ( 'NONE', #6695 ) ;
#5499 = FACE_OUTER_BOUND ( 'NONE', #943, .T. ) ;
#5500 = LINE ( 'NONE', #5459, #6043 ) ;
#5501 = CARTESIAN_POINT ( 'NONE',  ( 11.40762625487151105, -37.06944373086743383, 0.5000000000000001110 ) ) ;
#5502 = VECTOR ( 'NONE', #4397, 1000.000000000000000 ) ;
#5503 = CARTESIAN_POINT ( 'NONE',  ( -1.609655412721121781, -41.61841504291468397, -1.000000000000000000 ) ) ;
#5504 = ORIENTED_EDGE ( 'NONE', *, *, #807, .F. ) ;
#5505 = ORIENTED_EDGE ( 'NONE', *, *, #5771, .T. ) ;
#5506 = EDGE_CURVE ( 'NONE', #299, #194, #697, .T. ) ;
#5507 = EDGE_LOOP ( 'NONE', ( #1633, #7668, #1111, #308 ) ) ;
#5508 = DIRECTION ( 'NONE',  ( 1.000000000000000000, 0.000000000000000000, 0.000000000000000000 ) ) ;
#5509 = CARTESIAN_POINT ( 'NONE',  ( 8.318536523535117411, -36.58523741879511704, 1.000000000000000222 ) ) ;
#5510 = CARTESIAN_POINT ( 'NONE',  ( 46.69074149459953560, -44.77520431388607136, -13.48211310291276988 ) ) ;
#5511 = AXIS2_PLACEMENT_3D ( 'NONE', #3456, #2758, #2877 ) ;
#5512 = ORIENTED_EDGE ( 'NONE', *, *, #540, .F. ) ;
#5513 = FACE_BOUND ( 'NONE', #3993, .T. ) ;
#5514 = EDGE_CURVE ( 'NONE', #3421, #6282, #5180, .T. ) ;
#5515 = LINE ( 'NONE', #2502, #4520 ) ;
#5516 = CARTESIAN_POINT ( 'NONE',  ( 37.24050430185577198, -45.61841504291471239, -4.663148035801218505 ) ) ;
#5517 = VECTOR ( 'NONE', #3716, 1000.000000000000000 ) ;
#5518 = DIRECTION ( 'NONE',  ( 8.042586066086100112E-17, -0.000000000000000000, 1.000000000000000000 ) ) ;
#5519 = ADVANCED_FACE ( 'NONE', ( #5113 ), #3971, .F. ) ;
#5520 = LINE ( 'NONE', #2539, #2582 ) ;
#5521 = LINE ( 'NONE', #218, #2467 ) ;
#5522 = CARTESIAN_POINT ( 'NONE',  ( 49.18491708522419259, -14.80302503274316628, -1.000000000000000000 ) ) ;
#5523 = ORIENTED_EDGE ( 'NONE', *, *, #878, .F. ) ;
#5524 = CARTESIAN_POINT ( 'NONE',  ( 18.36002891616578125, -35.52044737478128411, 0.5000000000000000000 ) ) ;
#5525 = CARTESIAN_POINT ( 'NONE',  ( 6.377089789444255530, -30.39982772088820440, 1.000000000000000000 ) ) ;
#5526 = CARTESIAN_POINT ( 'NONE',  ( 2.390344587278876443, -17.76479910009956598, 1.000000000000000000 ) ) ;
#5527 = ORIENTED_EDGE ( 'NONE', *, *, #6920, .F. ) ;
#5528 = AXIS2_PLACEMENT_3D ( 'NONE', #4452, #3821, #2070 ) ;
#5529 = DIRECTION ( 'NONE',  ( 0.000000000000000000, 0.000000000000000000, 1.000000000000000000 ) ) ;
#5530 = CARTESIAN_POINT ( 'NONE',  ( 31.27174601004611887, -40.97692647319939141, -13.76255307708051312 ) ) ;
#5531 = CARTESIAN_POINT ( 'NONE',  ( 44.27741491030285914, 18.24374527427767134, -11.50000000000000355 ) ) ;
#5532 = VECTOR ( 'NONE', #1274, 1000.000000000000000 ) ;
#5533 = LINE ( 'NONE', #638, #248 ) ;
#5534 = ORIENTED_EDGE ( 'NONE', *, *, #932, .T. ) ;
#5535 = CARTESIAN_POINT ( 'NONE',  ( 45.68722585882243692, 19.14266193162950103, -6.663148035801222946 ) ) ;
#5536 = EDGE_CURVE ( 'NONE', #6852, #2316, #6268, .T. ) ;
#5537 = FACE_OUTER_BOUND ( 'NONE', #2120, .T. ) ;
#5538 = CARTESIAN_POINT ( 'NONE',  ( 5.925558381474851366, -7.832828546790671531, -9.592411343199959362 ) ) ;
#5539 = VECTOR ( 'NONE', #5860, 1000.000000000000000 ) ;
#5540 = FACE_OUTER_BOUND ( 'NONE', #7030, .T. ) ;
#5541 = ORIENTED_EDGE ( 'NONE', *, *, #6529, .F. ) ;
#5542 = ORIENTED_EDGE ( 'NONE', *, *, #1946, .F. ) ;
#5543 = ORIENTED_EDGE ( 'NONE', *, *, #346, .F. ) ;
#5544 = DIRECTION ( 'NONE',  ( 0.000000000000000000, -1.000000000000000000, -1.380205382052140384E-16 ) ) ;
#5545 = EDGE_CURVE ( 'NONE', #3727, #5561, #5347, .T. ) ;
#5546 = AXIS2_PLACEMENT_3D ( 'NONE', #5450, #6597, #4895 ) ;
#5547 = DIRECTION ( 'NONE',  ( -0.000000000000000000, -0.000000000000000000, 1.000000000000000000 ) ) ;
#5548 = EDGE_CURVE ( 'NONE', #3726, #201, #4561, .T. ) ;
#5549 = CARTESIAN_POINT ( 'NONE',  ( 39.02555838147497980, 11.63520089990043083, 0.000000000000000000 ) ) ;
#5550 = EDGE_LOOP ( 'NONE', ( #4415, #978, #2152, #5438 ) ) ;
#5551 = VERTEX_POINT ( 'NONE', #6893 ) ;
#5552 = AXIS2_PLACEMENT_3D ( 'NONE', #822, #3322, #3244 ) ;
#5553 = EDGE_CURVE ( 'NONE', #1680, #5836, #5733, .T. ) ;
#5554 = CARTESIAN_POINT ( 'NONE',  ( 16.24922867019717643, -32.13303117983228674, -1.000000000000000000 ) ) ;
#5555 = ORIENTED_EDGE ( 'NONE', *, *, #3460, .F. ) ;
#5556 = CARTESIAN_POINT ( 'NONE',  ( 7.387036712235207858, -29.02452577797364697, 1.000000000000000000 ) ) ;
#5557 = CARTESIAN_POINT ( 'NONE',  ( 17.94048371843162570, -29.76589775899583046, 1.000000000000435207 ) ) ;
#5558 = VERTEX_POINT ( 'NONE', #207 ) ;
#5559 = FACE_OUTER_BOUND ( 'NONE', #6360, .T. ) ;
#5560 = FACE_OUTER_BOUND ( 'NONE', #6281, .T. ) ;
#5561 = VERTEX_POINT ( 'NONE', #4401 ) ;
#5562 = LINE ( 'NONE', #4927, #1269 ) ;
#5563 = VERTEX_POINT ( 'NONE', #1431 ) ;
#5564 = DIRECTION ( 'NONE',  ( -1.453169479452032859E-16, 0.000000000000000000, -1.000000000000000000 ) ) ;
#5565 = DIRECTION ( 'NONE',  ( -0.000000000000000000, -0.000000000000000000, -1.000000000000000000 ) ) ;
#5566 = LINE ( 'NONE', #6204, #7237 ) ;
#5567 = EDGE_LOOP ( 'NONE', ( #4261, #2946, #6458, #2282 ) ) ;
#5568 = CARTESIAN_POINT ( 'NONE',  ( 10.19163860415486411, -28.48015804818578900, 1.000000000000270450 ) ) ;
#5569 = DIRECTION ( 'NONE',  ( -1.000000000000000000, 0.000000000000000000, 0.000000000000000000 ) ) ;
#5570 = DIRECTION ( 'NONE',  ( -1.000000000000000000, 0.000000000000000000, 0.000000000000000000 ) ) ;
#5571 = VERTEX_POINT ( 'NONE', #6977 ) ;
#5572 = DIRECTION ( 'NONE',  ( 0.000000000000000000, -0.000000000000000000, 1.000000000000000000 ) ) ;
#5573 = EDGE_CURVE ( 'NONE', #228, #5822, #2608, .T. ) ;
#5574 = VERTEX_POINT ( 'NONE', #7410 ) ;
#5575 = CARTESIAN_POINT ( 'NONE',  ( -1.609655412721123557, -16.81500368935729028, -7.551502062183216957 ) ) ;
#5576 = DIRECTION ( 'NONE',  ( 1.000000000000000000, 0.000000000000000000, 0.000000000000000000 ) ) ;
#5577 = LINE ( 'NONE', #5538, #2340 ) ;
#5578 = CARTESIAN_POINT ( 'NONE',  ( 16.55113161813973477, -31.25971699619019972, 0.5000000000000000000 ) ) ;
#5579 = ORIENTED_EDGE ( 'NONE', *, *, #2814, .F. ) ;
#5580 = VERTEX_POINT ( 'NONE', #3809 ) ;
#5581 = CARTESIAN_POINT ( 'NONE',  ( 18.41767211226998313, -29.46534867846204264, 0.5000000000000001110 ) ) ;
#5582 = FACE_OUTER_BOUND ( 'NONE', #1624, .T. ) ;
#5583 = CARTESIAN_POINT ( 'NONE',  ( 44.36295186973670468, -10.37268082840335559, -5.000000000000000000 ) ) ;
#5584 = CARTESIAN_POINT ( 'NONE',  ( 47.10053797795399078, -44.40743341949495004, -13.49015060798341281 ) ) ;
#5585 = EDGE_CURVE ( 'NONE', #5139, #862, #847, .T. ) ;
#5586 = ORIENTED_EDGE ( 'NONE', *, *, #524, .T. ) ;
#5587 = EDGE_LOOP ( 'NONE', ( #3946, #2602 ) ) ;
#5588 = VECTOR ( 'NONE', #3207, 1000.000000000000000 ) ;
#5589 = CARTESIAN_POINT ( 'NONE',  ( 17.17893454858295144, -30.35868618648791895, -1.000000000000000000 ) ) ;
#5590 = ADVANCED_FACE ( 'NONE', ( #3231 ), #4484, .F. ) ;
#5591 = CARTESIAN_POINT ( 'NONE',  ( 14.14797335081432195, -31.36454894121596482, 1.000000000000000222 ) ) ;
#5592 = CARTESIAN_POINT ( 'NONE',  ( 16.88629285011721493, -30.69960037431071243, 0.9999999999996274092 ) ) ;
#5593 = ORIENTED_EDGE ( 'NONE', *, *, #3732, .F. ) ;
#5594 = AXIS2_PLACEMENT_3D ( 'NONE', #5752, #2019, #2684 ) ;
#5595 = DIRECTION ( 'NONE',  ( 1.000000000000000000, 0.000000000000000000, 0.000000000000000000 ) ) ;
#5596 = CARTESIAN_POINT ( 'NONE',  ( 8.608240758198650866, -21.98944555883515051, -3.000000000000000000 ) ) ;
#5597 = CARTESIAN_POINT ( 'NONE',  ( 0.3512439203877670835, -4.664145929984653272, -2.000000000000013767 ) ) ;
#5598 = CIRCLE ( 'NONE', #2475, 4.999999999999997335 ) ;
#5599 = VERTEX_POINT ( 'NONE', #5151 ) ;
#5600 = EDGE_CURVE ( 'NONE', #7083, #299, #1514, .T. ) ;
#5601 = AXIS2_PLACEMENT_3D ( 'NONE', #6024, #1299, #754 ) ;
#5602 = ORIENTED_EDGE ( 'NONE', *, *, #3677, .T. ) ;
#5603 = LINE ( 'NONE', #5084, #5042 ) ;
#5604 = CARTESIAN_POINT ( 'NONE',  ( 6.475005806145111009, -34.57909395335894231, 0.5000000000000000000 ) ) ;
#5605 = CARTESIAN_POINT ( 'NONE',  ( 46.08259321813340392, 14.42020381552566732, -1.000000000000000000 ) ) ;
#5606 = ORIENTED_EDGE ( 'NONE', *, *, #4248, .F. ) ;
#5607 = MANIFOLD_SOLID_BREP ( 'Í¹Ì¨-À­Éì25', #6382 ) ;
#5608 = CARTESIAN_POINT ( 'NONE',  ( 8.687310749382652020, -28.92830337206557445, 0.5000000000000000000 ) ) ;
#5609 = VECTOR ( 'NONE', #722, 1000.000000000000000 ) ;
#5610 = CARTESIAN_POINT ( 'NONE',  ( 42.50367785261521192, 4.686048302902208640, -2.000000000000012879 ) ) ;
#5611 = VECTOR ( 'NONE', #7711, 1000.000000000000000 ) ;
#5612 = LINE ( 'NONE', #307, #3719 ) ;
#5613 = ORIENTED_EDGE ( 'NONE', *, *, #6982, .F. ) ;
#5614 = CARTESIAN_POINT ( 'NONE',  ( 2.390344587278903976, 22.74374527427766068, -6.663148035801220281 ) ) ;
#5615 = ORIENTED_EDGE ( 'NONE', *, *, #3611, .F. ) ;
#5616 = FACE_OUTER_BOUND ( 'NONE', #1494, .T. ) ;
#5617 = CARTESIAN_POINT ( 'NONE',  ( 19.75990887906406002, -28.81643142240243449, 0.5000000000000000000 ) ) ;
#5618 = VECTOR ( 'NONE', #1914, 1000.000000000000000 ) ;
#5619 = LINE ( 'NONE', #6838, #2645 ) ;
#5620 = DIRECTION ( 'NONE',  ( -1.000000000000000000, 2.191703603828919359E-17, 0.000000000000000000 ) ) ;
#5621 = ADVANCED_FACE ( 'NONE', ( #1077 ), #7450, .F. ) ;
#5622 = CARTESIAN_POINT ( 'NONE',  ( 17.50672190454792343, -30.09325996993448982, 0.5000000000000001110 ) ) ;
#5623 = LINE ( 'NONE', #920, #4370 ) ;
#5624 = EDGE_LOOP ( 'NONE', ( #3516, #7171, #7484, #4169 ) ) ;
#5625 = CARTESIAN_POINT ( 'NONE',  ( 12.34334880155074643, -45.61841504291471239, -1.000000000000000000 ) ) ;
#5626 = DIRECTION ( 'NONE',  ( -0.000000000000000000, 0.000000000000000000, -1.000000000000000000 ) ) ;
#5627 = CARTESIAN_POINT ( 'NONE',  ( 24.33168143723873911, -35.64720347340635698, -1.000000000000000000 ) ) ;
#5628 = CARTESIAN_POINT ( 'NONE',  ( 22.56766687448665820, -28.74534675797070804, 0.5000000000000000000 ) ) ;
#5629 = EDGE_LOOP ( 'NONE', ( #6112, #5015, #5719, #6558, #2309 ) ) ;
#5630 = ORIENTED_EDGE ( 'NONE', *, *, #6158, .T. ) ;
#5631 = CARTESIAN_POINT ( 'NONE',  ( 23.54331740680673235, -36.68401368187997491, -1.000000000000000000 ) ) ;
#5632 = DIRECTION ( 'NONE',  ( -1.000000000000000000, 0.000000000000000000, 0.000000000000000000 ) ) ;
#5633 = EDGE_CURVE ( 'NONE', #866, #419, #1117, .T. ) ;
#5634 = FACE_OUTER_BOUND ( 'NONE', #2497, .T. ) ;
#5635 = VERTEX_POINT ( 'NONE', #7132 ) ;
#5636 = DIRECTION ( 'NONE',  ( -0.000000000000000000, -0.000000000000000000, 1.000000000000000000 ) ) ;
#5637 = DIRECTION ( 'NONE',  ( -0.000000000000000000, -0.000000000000000000, 1.000000000000000000 ) ) ;
#5638 = AXIS2_PLACEMENT_3D ( 'NONE', #2518, #5456, #5572 ) ;
#5639 = CARTESIAN_POINT ( 'NONE',  ( 9.625558381474968783, 11.63520089990043260, 1.000000000000000000 ) ) ;
#5640 = VERTEX_POINT ( 'NONE', #3499 ) ;
#5641 = ORIENTED_EDGE ( 'NONE', *, *, #1071, .T. ) ;
#5642 = CARTESIAN_POINT ( 'NONE',  ( 44.27741491030285914, 18.24374527427767134, -2.000000000000000000 ) ) ;
#5643 = CARTESIAN_POINT ( 'NONE',  ( 6.782794915062049235, -35.54965903320512410, 1.000000000000000000 ) ) ;
#5644 = CARTESIAN_POINT ( 'NONE',  ( 4.579512680287500359, 22.74374527427766068, -6.663148035801220281 ) ) ;
#5645 = ORIENTED_EDGE ( 'NONE', *, *, #4253, .F. ) ;
#5646 = DIRECTION ( 'NONE',  ( -0.000000000000000000, 1.000000000000000000, -0.000000000000000000 ) ) ;
#5647 = VECTOR ( 'NONE', #1211, 1000.000000000000000 ) ;
#5648 = DIRECTION ( 'NONE',  ( 0.000000000000000000, 1.000000000000000000, 0.000000000000000000 ) ) ;
#5649 = ADVANCED_FACE ( 'NONE', ( #4752 ), #1154, .T. ) ;
#5650 = DIRECTION ( 'NONE',  ( 0.000000000000000000, 0.000000000000000000, 1.000000000000000000 ) ) ;
#5651 = ORIENTED_EDGE ( 'NONE', *, *, #1898, .F. ) ;
#5652 = CARTESIAN_POINT ( 'NONE',  ( 24.76128553559070156, -35.92003824043684546, 1.000000000000000000 ) ) ;
#5653 = ORIENTED_EDGE ( 'NONE', *, *, #147, .T. ) ;
#5654 = EDGE_CURVE ( 'NONE', #6649, #2473, #2840, .T. ) ;
#5655 = VECTOR ( 'NONE', #6451, 1000.000000000000000 ) ;
#5656 = DIRECTION ( 'NONE',  ( -0.000000000000000000, -0.000000000000000000, 1.000000000000000000 ) ) ;
#5657 = AXIS2_PLACEMENT_3D ( 'NONE', #259, #2577, #3860 ) ;
#5658 = CARTESIAN_POINT ( 'NONE',  ( 18.41410195745270784, -29.46747365367343718, -1.000000000000000000 ) ) ;
#5659 = CARTESIAN_POINT ( 'NONE',  ( 16.24922867019717643, -32.13303117983228674, -1.000000000000000000 ) ) ;
#5660 = CARTESIAN_POINT ( 'NONE',  ( 2.390344587278905308, -45.61841504291471239, -13.42912948050400956 ) ) ;
#5661 = ADVANCED_FACE ( 'NONE', ( #7169 ), #2881, .T. ) ;
#5662 = CARTESIAN_POINT ( 'NONE',  ( 41.96106399535297982, 11.54623778400322109, -2.000000000000011102 ) ) ;
#5663 = VECTOR ( 'NONE', #1179, 1000.000000000000000 ) ;
#5664 = LINE ( 'NONE', #4554, #7670 ) ;
#5665 = ORIENTED_EDGE ( 'NONE', *, *, #3903, .T. ) ;
#5666 = DIRECTION ( 'NONE',  ( -0.000000000000000000, -0.000000000000000000, 1.000000000000000000 ) ) ;
#5667 = DIRECTION ( 'NONE',  ( -1.000000000000000000, -2.514877418146365435E-16, 0.000000000000000000 ) ) ;
#5668 = EDGE_CURVE ( 'NONE', #2757, #1444, #7244, .T. ) ;
#5669 = ADVANCED_FACE ( 'NONE', ( #7093 ), #4680, .T. ) ;
#5670 = AXIS2_PLACEMENT_3D ( 'NONE', #6047, #702, #6117 ) ;
#5671 = DIRECTION ( 'NONE',  ( 8.042586066086100112E-17, 3.070295484789979924E-17, 1.000000000000000000 ) ) ;
#5672 = DIRECTION ( 'NONE',  ( 0.000000000000000000, 0.000000000000000000, -1.000000000000000000 ) ) ;
#5673 = ORIENTED_EDGE ( 'NONE', *, *, #2913, .T. ) ;
#5674 = ORIENTED_EDGE ( 'NONE', *, *, #5024, .T. ) ;
#5675 = CARTESIAN_POINT ( 'NONE',  ( 23.17245951786106417, -36.89973966606024192, 0.5000000000000000000 ) ) ;
#5676 = EDGE_CURVE ( 'NONE', #3225, #5551, #730, .T. ) ;
#5677 = AXIS2_PLACEMENT_3D ( 'NONE', #1840, #5363, #1320 ) ;
#5678 = CARTESIAN_POINT ( 'NONE',  ( 10.28091042967175284, -27.96640782920863799, 0.9999999999999997780 ) ) ;
#5679 = CARTESIAN_POINT ( 'NONE',  ( 44.48286430354956877, -45.61024598401353103, -13.43858255572927973 ) ) ;
#5680 = DIRECTION ( 'NONE',  ( -8.042586066086100112E-17, -3.070295484789979924E-17, -1.000000000000000000 ) ) ;
#5681 = AXIS2_PLACEMENT_3D ( 'NONE', #383, #7669, #4656 ) ;
#5682 = DIRECTION ( 'NONE',  ( -0.000000000000000000, -0.000000000000000000, 1.000000000000000000 ) ) ;
#5683 = CARTESIAN_POINT ( 'NONE',  ( 1.865136243630451940, 22.71785477293924060, -13.41342173966603113 ) ) ;
#5684 = EDGE_LOOP ( 'NONE', ( #721, #7023, #209, #7511 ) ) ;
#5685 = VERTEX_POINT ( 'NONE', #1679 ) ;
#5686 = CARTESIAN_POINT ( 'NONE',  ( 2.890344587278875554, -47.11841504291472660, -2.000000000000000000 ) ) ;
#5687 = CARTESIAN_POINT ( 'NONE',  ( 5.710442578757848331, -31.37281079209271084, 0.5000000000000000000 ) ) ;
#5688 = CARTESIAN_POINT ( 'NONE',  ( 9.625558381474968783, 13.63520089990043083, -1.000000000000000000 ) ) ;
#5689 = ORIENTED_EDGE ( 'NONE', *, *, #7064, .T. ) ;
#5690 = CARTESIAN_POINT ( 'NONE',  ( 10.59313616446482698, -27.95141021941073234, 1.000000000000000000 ) ) ;
#5691 = LINE ( 'NONE', #3210, #728 ) ;
#5692 = DIRECTION ( 'NONE',  ( 0.000000000000000000, 0.000000000000000000, 1.000000000000000000 ) ) ;
#5693 = EDGE_CURVE ( 'NONE', #7786, #2592, #4088, .T. ) ;
#5694 = ORIENTED_EDGE ( 'NONE', *, *, #5918, .F. ) ;
#5695 = CARTESIAN_POINT ( 'NONE',  ( 25.24153281400640125, -33.18936146044901392, 1.000000000000000222 ) ) ;
#5696 = ORIENTED_EDGE ( 'NONE', *, *, #6181, .T. ) ;
#5697 = DIRECTION ( 'NONE',  ( -1.352107861209910666E-15, 1.000000000000000000, -3.070295484789968830E-17 ) ) ;
#5698 = CARTESIAN_POINT ( 'NONE',  ( 32.48338076306245625, -31.97260846456628869, -1.000000000000000000 ) ) ;
#5699 = EDGE_CURVE ( 'NONE', #2519, #5635, #3424, .T. ) ;
#5700 = CARTESIAN_POINT ( 'NONE',  ( 23.70130389400117821, -36.54940298368433105, -1.000000000000000000 ) ) ;
#5701 = FACE_OUTER_BOUND ( 'NONE', #1347, .T. ) ;
#5702 = CARTESIAN_POINT ( 'NONE',  ( 42.50367785261521192, -7.832828546790673307, -1.000000000000000000 ) ) ;
#5703 = EDGE_CURVE ( 'NONE', #3052, #571, #6573, .T. ) ;
#5704 = CARTESIAN_POINT ( 'NONE',  ( 9.625558381474982994, -14.76479910009957131, -1.000000000000000000 ) ) ;
#5705 = VERTEX_POINT ( 'NONE', #2923 ) ;
#5706 = LINE ( 'NONE', #6930, #2748 ) ;
#5707 = CARTESIAN_POINT ( 'NONE',  ( 0.000000000000000000, 0.000000000000000000, -5.000000000000000000 ) ) ;
#5708 = DIRECTION ( 'NONE',  ( -0.000000000000000000, -0.000000000000000000, 1.000000000000000000 ) ) ;
#5709 = VERTEX_POINT ( 'NONE', #406 ) ;
#5710 = VERTEX_POINT ( 'NONE', #5796 ) ;
#5711 = DIRECTION ( 'NONE',  ( -0.000000000000000000, -0.000000000000000000, 1.000000000000000000 ) ) ;
#5712 = VECTOR ( 'NONE', #1460, 1000.000000000000000 ) ;
#5713 = CARTESIAN_POINT ( 'NONE',  ( 13.01841575586055555, -29.17799863876716771, 1.000000000000000222 ) ) ;
#5714 = CARTESIAN_POINT ( 'NONE',  ( 20.79935739506844072, -27.40059932053939917, -4.663148035801219393 ) ) ;
#5715 = LINE ( 'NONE', #4650, #4328 ) ;
#5716 = EDGE_CURVE ( 'NONE', #3913, #390, #5875, .T. ) ;
#5717 = VECTOR ( 'NONE', #426, 1000.000000000000000 ) ;
#5718 = DIRECTION ( 'NONE',  ( 1.000000000000000000, 0.000000000000000000, 0.000000000000000000 ) ) ;
#5719 = ORIENTED_EDGE ( 'NONE', *, *, #1744, .T. ) ;
#5720 = CARTESIAN_POINT ( 'NONE',  ( 2.890344587278919075, 24.24374527427766424, -2.000000000000000000 ) ) ;
#5721 = ORIENTED_EDGE ( 'NONE', *, *, #126, .T. ) ;
#5722 = EDGE_LOOP ( 'NONE', ( #2526, #5997, #3371, #1837 ) ) ;
#5723 = CARTESIAN_POINT ( 'NONE',  ( 27.48338076306245625, -31.97260846456628869, 1.500000000000000000 ) ) ;
#5724 = AXIS2_PLACEMENT_3D ( 'NONE', #7377, #3858, #3737 ) ;
#5725 = CARTESIAN_POINT ( 'NONE',  ( 5.939325558224613388, -30.90589826953847563, 0.9999999999998645528 ) ) ;
#5726 = DIRECTION ( 'NONE',  ( -1.000000000000000000, 0.000000000000000000, 0.000000000000000000 ) ) ;
#5727 = ORIENTED_EDGE ( 'NONE', *, *, #7100, .T. ) ;
#5728 = CARTESIAN_POINT ( 'NONE',  ( 41.96106399535297982, 10.57728446746353868, -2.000000000000011990 ) ) ;
#5729 = DIRECTION ( 'NONE',  ( 1.000000000000000000, -0.000000000000000000, -0.000000000000000000 ) ) ;
#5730 = DIRECTION ( 'NONE',  ( -1.000000000000000000, -0.000000000000000000, -0.000000000000000000 ) ) ;
#5731 = ORIENTED_EDGE ( 'NONE', *, *, #4101, .F. ) ;
#5732 = AXIS2_PLACEMENT_3D ( 'NONE', #1122, #5117, #7538 ) ;
#5733 = CIRCLE ( 'NONE', #2469, 1.000000000000000000 ) ;
#5734 = ORIENTED_EDGE ( 'NONE', *, *, #5947, .F. ) ;
#5735 = CARTESIAN_POINT ( 'NONE',  ( 2.890344587278876443, 18.24374527427766424, -11.50000000000000000 ) ) ;
#5736 = ORIENTED_EDGE ( 'NONE', *, *, #6543, .T. ) ;
#5737 = CARTESIAN_POINT ( 'NONE',  ( 46.08259321813341103, -40.97692647319937720, -1.000000000000000000 ) ) ;
#5738 = DIRECTION ( 'NONE',  ( 0.000000000000000000, 0.000000000000000000, 1.000000000000000000 ) ) ;
#5739 = CARTESIAN_POINT ( 'NONE',  ( 19.58855524272670579, -36.27972886006094200, -1.000000000000000000 ) ) ;
#5740 = VECTOR ( 'NONE', #4277, 1000.000000000000000 ) ;
#5741 = AXIS2_PLACEMENT_3D ( 'NONE', #2256, #7727, #2334 ) ;
#5742 = CARTESIAN_POINT ( 'NONE',  ( 12.91598783982626664, -36.54751263359795388, 0.9999999999998993028 ) ) ;
#5743 = CARTESIAN_POINT ( 'NONE',  ( 17.29687401389469770, -30.27163902655713912, 0.5000000000000000000 ) ) ;
#5744 = ADVANCED_FACE ( 'NONE', ( #1753 ), #3537, .F. ) ;
#5745 = PLANE ( 'NONE',  #6029 ) ;
#5746 = ORIENTED_EDGE ( 'NONE', *, *, #1084, .F. ) ;
#5747 = AXIS2_PLACEMENT_3D ( 'NONE', #3330, #5692, #4381 ) ;
#5748 = DIRECTION ( 'NONE',  ( 1.000000000000000000, -0.000000000000000000, 0.000000000000000000 ) ) ;
#5749 = CARTESIAN_POINT ( 'NONE',  ( 24.17897645541633977, -35.95728826597885330, 1.000000000000000000 ) ) ;
#5750 = ORIENTED_EDGE ( 'NONE', *, *, #4737, .F. ) ;
#5751 = CARTESIAN_POINT ( 'NONE',  ( 24.70810783579889147, -34.14935812494965717, -1.000000000000000000 ) ) ;
#5752 = CARTESIAN_POINT ( 'NONE',  ( 34.02555838147497980, 11.63520089990043260, 0.000000000000000000 ) ) ;
#5753 = ORIENTED_EDGE ( 'NONE', *, *, #6243, .F. ) ;
#5754 = EDGE_CURVE ( 'NONE', #5134, #2959, #605, .T. ) ;
#5755 = EDGE_CURVE ( 'NONE', #6384, #1230, #161, .T. ) ;
#5756 = ORIENTED_EDGE ( 'NONE', *, *, #1345, .T. ) ;
#5757 = DIRECTION ( 'NONE',  ( -0.000000000000000000, -0.000000000000000000, 1.000000000000000000 ) ) ;
#5758 = CARTESIAN_POINT ( 'NONE',  ( 8.112659757715546149, -29.17636402388070849, 0.4999999999999997780 ) ) ;
#5759 = CARTESIAN_POINT ( 'NONE',  ( 43.62352618543248894, 16.99293638262966510, -6.663148035801222946 ) ) ;
#5760 = CARTESIAN_POINT ( 'NONE',  ( 18.06934669279534944, -35.92764175089495637, 1.000000000000000000 ) ) ;
#5761 = CARTESIAN_POINT ( 'NONE',  ( 11.68384574455309277, -37.07664089330515367, 0.5000000000000000000 ) ) ;
#5762 = VECTOR ( 'NONE', #1036, 1000.000000000000000 ) ;
#5763 = ADVANCED_FACE ( 'NONE', ( #5540 ), #977, .F. ) ;
#5764 = DIRECTION ( 'NONE',  ( -0.000000000000000000, -1.000000000000000000, -0.000000000000000000 ) ) ;
#5765 = VERTEX_POINT ( 'NONE', #5426 ) ;
#5766 = ORIENTED_EDGE ( 'NONE', *, *, #6202, .F. ) ;
#5767 = CARTESIAN_POINT ( 'NONE',  ( 12.82033012497712221, -21.98944555883515051, -1.000000000000000000 ) ) ;
#5768 = EDGE_LOOP ( 'NONE', ( #4658, #6011, #4995, #1540 ) ) ;
#5769 = ORIENTED_EDGE ( 'NONE', *, *, #4289, .T. ) ;
#5770 = DIRECTION ( 'NONE',  ( -0.000000000000000000, -0.000000000000000000, 1.000000000000000000 ) ) ;
#5771 = EDGE_CURVE ( 'NONE', #1006, #3822, #1931, .T. ) ;
#5772 = CARTESIAN_POINT ( 'NONE',  ( 6.545962444256528734, -35.34946196829815079, 1.000000000000000000 ) ) ;
#5773 = ORIENTED_EDGE ( 'NONE', *, *, #1721, .F. ) ;
#5774 = CARTESIAN_POINT ( 'NONE',  ( 35.05612515595094436, -43.29767075805705900, -1.201502112509223563 ) ) ;
#5775 = CARTESIAN_POINT ( 'NONE',  ( 5.644693691445203498, 10.57728446746354045, -9.592411343199959362 ) ) ;
#5776 = CARTESIAN_POINT ( 'NONE',  ( 47.56642604372095917, 20.52023506433863176, -13.50000000000000355 ) ) ;
#5777 = AXIS2_PLACEMENT_3D ( 'NONE', #7016, #485, #7570 ) ;
#5778 = ORIENTED_EDGE ( 'NONE', *, *, #4922, .T. ) ;
#5779 = CARTESIAN_POINT ( 'NONE',  ( 24.01864339560688677, 15.31055444116484487, -2.000000000000010658 ) ) ;
#5780 = ORIENTED_EDGE ( 'NONE', *, *, #4717, .F. ) ;
#5781 = DIRECTION ( 'NONE',  ( -1.000000000000000000, 0.000000000000000000, 2.710505431213754182E-16 ) ) ;
#5782 =( NAMED_UNIT ( * ) PLANE_ANGLE_UNIT ( ) SI_UNIT ( $, .RADIAN. ) );
#5783 = DIRECTION ( 'NONE',  ( -0.000000000000000000, -0.000000000000000000, 1.000000000000000000 ) ) ;
#5784 = CARTESIAN_POINT ( 'NONE',  ( 13.46439849277847678, -36.70887376791090162, 1.000000000000000000 ) ) ;
#5785 = DIRECTION ( 'NONE',  ( -1.000000000000000000, 0.000000000000000000, 0.000000000000000000 ) ) ;
#5786 = AXIS2_PLACEMENT_3D ( 'NONE', #5912, #525, #6066 ) ;
#5787 = VECTOR ( 'NONE', #5257, 1000.000000000000000 ) ;
#5788 = DIRECTION ( 'NONE',  ( 0.003460928000371844317, -0.9999940109707537994, -0.000000000000000000 ) ) ;
#5789 = EDGE_CURVE ( 'NONE', #5635, #6852, #4352, .T. ) ;
#5790 = VERTEX_POINT ( 'NONE', #1306 ) ;
#5791 = CARTESIAN_POINT ( 'NONE',  ( 2.390344587278905308, -45.61841504291471239, -11.50000000000000000 ) ) ;
#5792 = DIRECTION ( 'NONE',  ( -1.000000000000000000, 0.000000000000000000, 0.000000000000000000 ) ) ;
#5793 = EDGE_LOOP ( 'NONE', ( #490, #6332, #2035, #6347 ) ) ;
#5794 = LINE ( 'NONE', #405, #1805 ) ;
#5795 = AXIS2_PLACEMENT_3D ( 'NONE', #2024, #3234, #251 ) ;
#5796 = CARTESIAN_POINT ( 'NONE',  ( 46.08259321813340392, 10.28286628251796131, -1.000000000000000000 ) ) ;
#5797 = VERTEX_POINT ( 'NONE', #2409 ) ;
#5798 = EDGE_CURVE ( 'NONE', #4047, #3906, #7209, .T. ) ;
#5799 = ORIENTED_EDGE ( 'NONE', *, *, #4532, .T. ) ;
#5800 = AXIS2_PLACEMENT_3D ( 'NONE', #1043, #6428, #2301 ) ;
#5801 = LINE ( 'NONE', #965, #6793 ) ;
#5802 = CARTESIAN_POINT ( 'NONE',  ( 2.390344587278876443, -41.61841504291471949, -11.50000000000000000 ) ) ;
#5803 = ADVANCED_FACE ( 'NONE', ( #12 ), #6761, .F. ) ;
#5804 = EDGE_CURVE ( 'NONE', #3778, #5710, #48, .T. ) ;
#5805 = CARTESIAN_POINT ( 'NONE',  ( 16.37196757057926177, -32.90734840857273014, 0.5000000000000000000 ) ) ;
#5806 = PLANE ( 'NONE',  #3825 ) ;
#5807 = VECTOR ( 'NONE', #4768, 1000.000000000000000 ) ;
#5808 = EDGE_CURVE ( 'NONE', #3167, #4425, #4833, .T. ) ;
#5809 = FACE_OUTER_BOUND ( 'NONE', #3387, .T. ) ;
#5810 = ORIENTED_EDGE ( 'NONE', *, *, #4913, .F. ) ;
#5811 = FACE_OUTER_BOUND ( 'NONE', #3782, .T. ) ;
#5812 = CARTESIAN_POINT ( 'NONE',  ( 19.03465559383978345, -29.12119904220712030, 0.5000000000000000000 ) ) ;
#5813 = CARTESIAN_POINT ( 'NONE',  ( 9.088979916484968058, -36.43331680288692809, 1.000000000000000000 ) ) ;
#5814 = ORIENTED_EDGE ( 'NONE', *, *, #2555, .F. ) ;
#5815 = CIRCLE ( 'NONE', #6808, 3.999999999999996447 ) ;
#5816 = DIRECTION ( 'NONE',  ( 0.000000000000000000, 1.000000000000000000, 1.380205382052140384E-16 ) ) ;
#5817 = LINE ( 'NONE', #20, #6734 ) ;
#5818 = CARTESIAN_POINT ( 'NONE',  ( 5.925558381474851366, -8.763023730668722422, -2.000000000000014655 ) ) ;
#5819 = ORIENTED_EDGE ( 'NONE', *, *, #4737, .T. ) ;
#5820 = ORIENTED_EDGE ( 'NONE', *, *, #7183, .F. ) ;
#5821 = CARTESIAN_POINT ( 'NONE',  ( 2.390344587278905308, -45.61841504291471239, -13.42912948050400956 ) ) ;
#5822 = VERTEX_POINT ( 'NONE', #7360 ) ;
#5823 = VECTOR ( 'NONE', #5382, 1000.000000000000000 ) ;
#5824 = DIRECTION ( 'NONE',  ( -6.938893903907222067E-15, -1.000000000000000000, 0.000000000000000000 ) ) ;
#5825 = CARTESIAN_POINT ( 'NONE',  ( -3.609655412721123557, -15.26500368935729135, -7.551502062183216957 ) ) ;
#5826 = CARTESIAN_POINT ( 'NONE',  ( 13.68823247447345715, -35.19112234685461971, 1.000000000000000000 ) ) ;
#5827 = CARTESIAN_POINT ( 'NONE',  ( -1.609655412721123557, -23.25500368935628970, -6.001502062183216246 ) ) ;
#5828 = EDGE_CURVE ( 'NONE', #3273, #3595, #6498, .T. ) ;
#5829 = DIRECTION ( 'NONE',  ( -1.000000000000000000, 0.000000000000000000, 0.000000000000000000 ) ) ;
#5830 = ORIENTED_EDGE ( 'NONE', *, *, #4237, .T. ) ;
#5831 = CARTESIAN_POINT ( 'NONE',  ( 10.51133605906845148, -24.76759449452900341, -1.000000000000000888 ) ) ;
#5832 = CARTESIAN_POINT ( 'NONE',  ( 24.61750511548776288, -36.19869219897840651, 1.000000000000000000 ) ) ;
#5833 = EDGE_LOOP ( 'NONE', ( #7348, #513, #5447, #5543 ) ) ;
#5834 = CARTESIAN_POINT ( 'NONE',  ( 37.24050430185577198, -45.61841504291471949, -6.201502112509220233 ) ) ;
#5835 = ORIENTED_EDGE ( 'NONE', *, *, #581, .T. ) ;
#5836 = VERTEX_POINT ( 'NONE', #4793 ) ;
#5837 = LINE ( 'NONE', #2845, #4901 ) ;
#5838 = DIRECTION ( 'NONE',  ( -1.000000000000000000, 2.191703603828919359E-17, 0.000000000000000000 ) ) ;
#5839 =( BOUNDED_SURFACE ( )  B_SPLINE_SURFACE ( 3, 2, ( 
 ( #3777, #3236, #5040 ),
 ( #293, #2689, #6858 ),
 ( #6273, #5557, #1564 ),
 ( #6155, #777, #5076 ),
 ( #7456, #2066, #4447 ),
 ( #3161, #2573, #4958 ),
 ( #2105, #7375, #893 ),
 ( #4490, #5592, #6900 ),
 ( #6194, #1985, #4365 ),
 ( #3196, #1398, #1482 ),
 ( #815, #215, #2613 ),
 ( #4999, #7416, #6985 ),
 ( #1686, #3978, #4610 ),
 ( #1009, #1645, #1604 ),
 ( #6397, #6430, #4058 ),
 ( #3938, #5159, #4567 ),
 ( #2185, #7582, #3392 ),
 ( #7659, #2847, #5805 ),
 ( #1048, #7065, #2263 ),
 ( #414, #2810, #453 ),
 ( #375, #4018, #4648 ),
 ( #7026, #3430, #5242 ),
 ( #5200, #7617, #6466 ),
 ( #5840, #2224, #2771 ),
 ( #968, #6354, #3358 ),
 ( #5760, #3094, #5524 ),
 ( #4893, #6708, #5370 ),
 ( #6019, #111, #1917 ),
 ( #2471, #4336, #6748 ),
 ( #7788, #4187, #2511 ),
 ( #1255, #3133, #3597 ),
 ( #7345, #3675, #3559 ),
 ( #632, #145, #1215 ),
 ( #5410, #4816, #6128 ),
 ( #3021, #1327, #710 ),
 ( #3707, #2395, #6057 ),
 ( #7309, #6090, #4779 ),
 ( #748, #3061, #2546 ),
 ( #36, #6674, #4302 ),
 ( #5977, #5489, #4930 ),
 ( #7195, #1953, #592 ),
 ( #4228, #2984, #1812 ) ),
 .UNSPECIFIED., .F., .F., .F. ) 
 B_SPLINE_SURFACE_WITH_KNOTS ( ( 4, 2, 2, 2, 2, 2, 2, 2, 2, 2, 2, 2, 2, 2, 2, 2, 2, 2, 2, 2, 4 ),
 ( 3, 3 ),
 ( 0.01486008412518735784, 0.01578883938301156933, 0.01625321701192367421, 0.01671759464083577909, 0.01764634989865999232, 0.01811072752757209720, 0.01857510515648420207, 0.01903948278539630695, 0.01950386041430841183, 0.02043261567213262159, 0.02136137092995683134, 0.02229012618778104457, 0.02321888144560525780, 0.02414763670342946755, 0.02507639196125367731, 0.02600514721907788707, 0.02693390247690209682, 0.02786265773472630658, 0.02832703536363841146, 0.02879141299255051634, 0.02972016825037472956 ),
 ( 0.000000000000000000, 1.000000000000000000 ),
 .UNSPECIFIED. ) 
 GEOMETRIC_REPRESENTATION_ITEM ( )  RATIONAL_B_SPLINE_SURFACE ( (
 ( 1.000000000000000000, 0.7071067811865475727, 1.000000000000000000),
 ( 1.000000000000000000, 0.7071067811865475727, 1.000000000000000000),
 ( 1.000000000000000000, 0.7071067811865475727, 1.000000000000000000),
 ( 1.000000000000000000, 0.7071067811865475727, 1.000000000000000000),
 ( 1.000000000000000000, 0.7071067811865475727, 1.000000000000000000),
 ( 1.000000000000000000, 0.7071067811865475727, 1.000000000000000000),
 ( 1.000000000000000000, 0.7071067811865475727, 1.000000000000000000),
 ( 1.000000000000000000, 0.7071067811865475727, 1.000000000000000000),
 ( 1.000000000000000000, 0.7071067811865463515, 1.000000000000000000),
 ( 1.000000000000000000, 0.7071067811865463515, 1.000000000000000000),
 ( 1.000000000000000000, 0.7071067811865475727, 1.000000000000000000),
 ( 1.000000000000000000, 0.7071067811865475727, 1.000000000000000000),
 ( 1.000000000000000000, 0.7071067811865475727, 1.000000000000000000),
 ( 1.000000000000000000, 0.7071067811865475727, 1.000000000000000000),
 ( 1.000000000000000000, 0.7071067811865475727, 1.000000000000000000),
 ( 1.000000000000000000, 0.7071067811865475727, 1.000000000000000000),
 ( 1.000000000000000000, 0.7071067811865475727, 1.000000000000000000),
 ( 1.000000000000000000, 0.7071067811865475727, 1.000000000000000000),
 ( 1.000000000000000000, 0.7071067811865475727, 1.000000000000000000),
 ( 1.000000000000000000, 0.7071067811865475727, 1.000000000000000000),
 ( 1.000000000000000000, 0.7071067811865475727, 1.000000000000000000),
 ( 1.000000000000000000, 0.7071067811865475727, 1.000000000000000000),
 ( 1.000000000000000000, 0.7071067811865475727, 1.000000000000000000),
 ( 1.000000000000000000, 0.7071067811865475727, 1.000000000000000000),
 ( 1.000000000000000000, 0.7071067811865475727, 1.000000000000000000),
 ( 1.000000000000000000, 0.7071067811865475727, 1.000000000000000000),
 ( 1.000000000000000000, 0.7071067811865475727, 1.000000000000000000),
 ( 1.000000000000000000, 0.7071067811865475727, 1.000000000000000000),
 ( 1.000000000000000000, 0.7071067811865475727, 1.000000000000000000),
 ( 1.000000000000000000, 0.7071067811865475727, 1.000000000000000000),
 ( 1.000000000000000000, 0.7071067811865475727, 1.000000000000000000),
 ( 1.000000000000000000, 0.7071067811865475727, 1.000000000000000000),
 ( 1.000000000000000000, 0.7071067811865475727, 1.000000000000000000),
 ( 1.000000000000000000, 0.7071067811865475727, 1.000000000000000000),
 ( 1.000000000000000000, 0.7071067811865475727, 1.000000000000000000),
 ( 1.000000000000000000, 0.7071067811865475727, 1.000000000000000000),
 ( 1.000000000000000000, 0.7071067811865473507, 1.000000000000000000),
 ( 1.000000000000000000, 0.7071067811865473507, 1.000000000000000000),
 ( 1.000000000000000000, 0.7071067811865470176, 1.000000000000000000),
 ( 1.000000000000000000, 0.7071067811865470176, 1.000000000000000000),
 ( 1.000000000000000000, 0.7071067811865475727, 1.000000000000000000),
 ( 1.000000000000000000, 0.7071067811865475727, 1.000000000000000000) ) ) 
 REPRESENTATION_ITEM ( '' )  SURFACE ( )  );
#5840 = CARTESIAN_POINT ( 'NONE',  ( 17.33999684081813797, -35.34929071550944002, 1.000000000000000000 ) ) ;
#5841 = EDGE_CURVE ( 'NONE', #1571, #296, #7370, .T. ) ;
#5842 = CARTESIAN_POINT ( 'NONE',  ( 45.39755601137789398, -25.67721764505392912, -6.201502112509221121 ) ) ;
#5843 = LINE ( 'NONE', #936, #7496 ) ;
#5844 = VERTEX_POINT ( 'NONE', #1862 ) ;
#5845 = CARTESIAN_POINT ( 'NONE',  ( 1.032475904716213977, 4.686048302902208640, -1.000000000000000000 ) ) ;
#5846 = ORIENTED_EDGE ( 'NONE', *, *, #2571, .F. ) ;
#5847 = CARTESIAN_POINT ( 'NONE',  ( 39.86812483162726295, 1.876083684937086327, -1.000000000000000888 ) ) ;
#5848 = CARTESIAN_POINT ( 'NONE',  ( 12.50539140841761387, -36.82939435200402301, 0.9999999999997254418 ) ) ;
#5849 = ORIENTED_EDGE ( 'NONE', *, *, #3684, .F. ) ;
#5850 = CIRCLE ( 'NONE', #4949, 4.000000000000003553 ) ;
#5851 = CYLINDRICAL_SURFACE ( 'NONE', #4082, 0.8000000000000038192 ) ;
#5852 = CARTESIAN_POINT ( 'NONE',  ( 4.196721997073072252, 1.876083684937086327, -1.000000000000000888 ) ) ;
#5853 = LINE ( 'NONE', #1324, #7135 ) ;
#5854 = EDGE_LOOP ( 'NONE', ( #2649, #5072, #6613, #2737 ) ) ;
#5855 = EDGE_CURVE ( 'NONE', #5106, #4039, #598, .T. ) ;
#5856 = EDGE_LOOP ( 'NONE', ( #34, #7577, #3791, #7343 ) ) ;
#5857 = LINE ( 'NONE', #4038, #4766 ) ;
#5858 = ORIENTED_EDGE ( 'NONE', *, *, #2545, .T. ) ;
#5859 = AXIS2_PLACEMENT_3D ( 'NONE', #6750, #5010, #7426 ) ;
#5860 = DIRECTION ( 'NONE',  ( 0.004510476481664495857, -0.9999898277492168530, 3.196359366350211616E-17 ) ) ;
#5861 = DIRECTION ( 'NONE',  ( 0.000000000000000000, 0.000000000000000000, -1.000000000000000000 ) ) ;
#5862 = LINE ( 'NONE', #993, #4450 ) ;
#5863 = CIRCLE ( 'NONE', #7646, 4.999999999999997335 ) ;
#5864 = VECTOR ( 'NONE', #1873, 1000.000000000000000 ) ;
#5865 = FACE_OUTER_BOUND ( 'NONE', #4753, .T. ) ;
#5866 = ADVANCED_FACE ( 'NONE', ( #3609 ), #3649, .F. ) ;
#5867 = DIRECTION ( 'NONE',  ( -8.042586066086100112E-17, -3.070295484789979924E-17, -1.000000000000000000 ) ) ;
#5868 = ORIENTED_EDGE ( 'NONE', *, *, #1305, .F. ) ;
#5869 = DIRECTION ( 'NONE',  ( -0.000000000000000000, -0.000000000000000000, 1.000000000000000000 ) ) ;
#5870 = AXIS2_PLACEMENT_3D ( 'NONE', #282, #1935, #6220 ) ;
#5871 = CARTESIAN_POINT ( 'NONE',  ( 23.78502260796133783, -37.10930952139289474, 1.000000000000000000 ) ) ;
#5872 = VECTOR ( 'NONE', #6142, 1000.000000000000000 ) ;
#5873 = EDGE_CURVE ( 'NONE', #3764, #3906, #6609, .T. ) ;
#5874 = CARTESIAN_POINT ( 'NONE',  ( 37.72555838147485474, 4.686048302902208640, -2.000000000000012879 ) ) ;
#5875 = LINE ( 'NONE', #5312, #6614 ) ;
#5876 = VERTEX_POINT ( 'NONE', #7283 ) ;
#5877 = VECTOR ( 'NONE', #7315, 1000.000000000000000 ) ;
#5878 = ORIENTED_EDGE ( 'NONE', *, *, #6804, .F. ) ;
#5879 = DIRECTION ( 'NONE',  ( -1.238178564962006334E-44, 1.380205382051887209E-16, -1.000000000000000000 ) ) ;
#5880 = ORIENTED_EDGE ( 'NONE', *, *, #1697, .F. ) ;
#5881 = CARTESIAN_POINT ( 'NONE',  ( 13.62700853908856757, -35.39923186630763752, 0.5000000000000000000 ) ) ;
#5882 = AXIS2_PLACEMENT_3D ( 'NONE', #1523, #7545, #7070 ) ;
#5883 = CARTESIAN_POINT ( 'NONE',  ( 19.65490280298168813, -36.87820763943324209, 1.000000000000000000 ) ) ;
#5884 = CARTESIAN_POINT ( 'NONE',  ( 7.620067560898748482, -29.46764490645842827, -1.000000000000000000 ) ) ;
#5885 = DIRECTION ( 'NONE',  ( 8.042586066086100112E-17, 3.070295484789979924E-17, 1.000000000000000000 ) ) ;
#5886 = EDGE_LOOP ( 'NONE', ( #5579, #483 ) ) ;
#5887 = VERTEX_POINT ( 'NONE', #1895 ) ;
#5888 = CARTESIAN_POINT ( 'NONE',  ( -1.609655412721121781, -41.61841504291468397, -13.42912948050400779 ) ) ;
#5889 = ADVANCED_FACE ( 'NONE', ( #4281 ), #6688, .F. ) ;
#5890 = CARTESIAN_POINT ( 'NONE',  ( 8.608240758198650866, -21.98944555883515051, -1.000000000000000000 ) ) ;
#5891 = CARTESIAN_POINT ( 'NONE',  ( 9.352237757949868779, -36.56412730088048590, 1.000000000000000000 ) ) ;
#5892 = VERTEX_POINT ( 'NONE', #3111 ) ;
#5893 = DIRECTION ( 'NONE',  ( -0.000000000000000000, -0.000000000000000000, 1.000000000000000000 ) ) ;
#5894 = CARTESIAN_POINT ( 'NONE',  ( 5.305661536586500304, -31.04416384496443371, 0.9999999999999997780 ) ) ;
#5895 = CARTESIAN_POINT ( 'NONE',  ( 8.202730447109999545, 15.31055444116485198, -2.000000000000011102 ) ) ;
#5896 = ORIENTED_EDGE ( 'NONE', *, *, #5755, .F. ) ;
#5897 = CYLINDRICAL_SURFACE ( 'NONE', #2018, 1.000000000000000000 ) ;
#5898 = EDGE_CURVE ( 'NONE', #6896, #2568, #1333, .T. ) ;
#5899 = VERTEX_POINT ( 'NONE', #1384 ) ;
#5900 = LINE ( 'NONE', #514, #3039 ) ;
#5901 = CARTESIAN_POINT ( 'NONE',  ( 18.47471805501016107, -45.61841504291471239, -8.884504751596059791 ) ) ;
#5902 = ORIENTED_EDGE ( 'NONE', *, *, #1588, .T. ) ;
#5903 = EDGE_CURVE ( 'NONE', #5580, #6188, #200, .T. ) ;
#5904 = CARTESIAN_POINT ( 'NONE',  ( 13.17220504043054419, -36.27787407632367689, 1.000000000000000000 ) ) ;
#5905 = VECTOR ( 'NONE', #279, 1000.000000000000000 ) ;
#5906 = CARTESIAN_POINT ( 'NONE',  ( 1.032475904716213977, -0.9338809330280344323, -2.000000000000011990 ) ) ;
#5907 = EDGE_CURVE ( 'NONE', #7389, #6105, #5026, .T. ) ;
#5908 = DIRECTION ( 'NONE',  ( 0.000000000000000000, -1.000000000000000000, -0.000000000000000000 ) ) ;
#5909 = VERTEX_POINT ( 'NONE', #7402 ) ;
#5910 = AXIS2_PLACEMENT_3D ( 'NONE', #7049, #2366, #5829 ) ;
#5911 = CARTESIAN_POINT ( 'NONE',  ( 22.27077769496231952, -28.61754856487401355, 1.000000000000000000 ) ) ;
#5912 = CARTESIAN_POINT ( 'NONE',  ( 36.03106969813007510, 15.31055444116484487, -9.592411343199959362 ) ) ;
#5913 = DIRECTION ( 'NONE',  ( 1.000000000000000000, -0.000000000000000000, 0.000000000000000000 ) ) ;
#5914 = CARTESIAN_POINT ( 'NONE',  ( -1.609655412721121781, -41.61841504291468397, -1.000000000000000000 ) ) ;
#5915 = VECTOR ( 'NONE', #3372, 1000.000000000000000 ) ;
#5916 = ORIENTED_EDGE ( 'NONE', *, *, #4633, .F. ) ;
#5917 = ORIENTED_EDGE ( 'NONE', *, *, #1046, .T. ) ;
#5918 = EDGE_CURVE ( 'NONE', #5006, #3156, #918, .T. ) ;
#5919 = ORIENTED_EDGE ( 'NONE', *, *, #1322, .F. ) ;
#5920 = LINE ( 'NONE', #5156, #3274 ) ;
#5921 = CARTESIAN_POINT ( 'NONE',  ( 13.62696958775743816, -31.38017407009778026, 0.4999999999999998890 ) ) ;
#5922 = VECTOR ( 'NONE', #1203, 1000.000000000000000 ) ;
#5923 = CARTESIAN_POINT ( 'NONE',  ( 22.32295573098670971, -37.56693151223598193, 1.000000000000000000 ) ) ;
#5924 = CARTESIAN_POINT ( 'NONE',  ( 7.416339144423416130, -29.58890514782773096, -1.000000000000000000 ) ) ;
#5925 = CARTESIAN_POINT ( 'NONE',  ( 7.641505723060324939, -29.45492736083515339, 0.5000000000000000000 ) ) ;
#5926 = CIRCLE ( 'NONE', #399, 2.000000000000001776 ) ;
#5927 = EDGE_CURVE ( 'NONE', #289, #5145, #3761, .T. ) ;
#5928 = EDGE_LOOP ( 'NONE', ( #1453, #7547, #7127, #7546 ) ) ;
#5929 = CARTESIAN_POINT ( 'NONE',  ( 5.925558381474851366, -8.763023730668724198, -2.000000000000014655 ) ) ;
#5930 = PLANE ( 'NONE',  #2053 ) ;
#5931 = CARTESIAN_POINT ( 'NONE',  ( 10.68734006252977764, -37.00914454882455118, 0.5000000000000000000 ) ) ;
#5932 = VERTEX_POINT ( 'NONE', #3801 ) ;
#5933 = VECTOR ( 'NONE', #1227, 1000.000000000000000 ) ;
#5934 = FACE_BOUND ( 'NONE', #4747, .T. ) ;
#5935 = CARTESIAN_POINT ( 'NONE',  ( 4.625558381474975000, -12.76479910009956775, 0.000000000000000000 ) ) ;
#5936 = ORIENTED_EDGE ( 'NONE', *, *, #2165, .F. ) ;
#5937 = DIRECTION ( 'NONE',  ( 0.000000000000000000, 1.000000000000000000, 0.000000000000000000 ) ) ;
#5938 = ORIENTED_EDGE ( 'NONE', *, *, #2042, .T. ) ;
#5939 = DIRECTION ( 'NONE',  ( 0.000000000000000000, 0.000000000000000000, -1.000000000000000000 ) ) ;
#5940 = CIRCLE ( 'NONE', #156, 4.749999999999997335 ) ;
#5941 = LINE ( 'NONE', #7681, #5655 ) ;
#5942 = VERTEX_POINT ( 'NONE', #5662 ) ;
#5943 = CARTESIAN_POINT ( 'NONE',  ( 13.38193778268351863, -29.68283237090420812, 1.000000000000000000 ) ) ;
#5944 = FACE_OUTER_BOUND ( 'NONE', #3605, .T. ) ;
#5945 = VECTOR ( 'NONE', #4026, 1000.000000000000000 ) ;
#5946 = DIRECTION ( 'NONE',  ( -1.000000000000000000, 0.000000000000000000, 0.000000000000000000 ) ) ;
#5947 = EDGE_CURVE ( 'NONE', #736, #1118, #6179, .T. ) ;
#5948 = EDGE_LOOP ( 'NONE', ( #2356, #6239, #7384, #7600 ) ) ;
#5949 = ADVANCED_FACE ( 'NONE', ( #7477 ), #4474, .F. ) ;
#5950 = CARTESIAN_POINT ( 'NONE',  ( 24.73391047893542094, -30.78008184406088787, 1.000000000000000000 ) ) ;
#5951 = PLANE ( 'NONE',  #6675 ) ;
#5952 = CARTESIAN_POINT ( 'NONE',  ( 48.48284034743263504, -41.10457133091320259, -11.50000000000000178 ) ) ;
#5953 = DIRECTION ( 'NONE',  ( 0.000000000000000000, 1.000000000000000000, 1.380205382052140384E-16 ) ) ;
#5954 = EDGE_LOOP ( 'NONE', ( #2585, #2590, #3557, #6495 ) ) ;
#5955 = ORIENTED_EDGE ( 'NONE', *, *, #5828, .F. ) ;
#5956 = EDGE_CURVE ( 'NONE', #1058, #1889, #6119, .T. ) ;
#5957 = CIRCLE ( 'NONE', #6940, 4.000000000000003553 ) ;
#5958 = VERTEX_POINT ( 'NONE', #7719 ) ;
#5959 = CARTESIAN_POINT ( 'NONE',  ( -3.109655412721121781, 18.24374527427762160, -2.000000000000000000 ) ) ;
#5960 = FACE_BOUND ( 'NONE', #1366, .T. ) ;
#5961 = LINE ( 'NONE', #7366, #5085 ) ;
#5962 = EDGE_LOOP ( 'NONE', ( #6691, #7633, #656, #3464 ) ) ;
#5963 = CARTESIAN_POINT ( 'NONE',  ( 10.08039246879556217, -36.87349895774678288, -1.000000000000000000 ) ) ;
#5964 = VERTEX_POINT ( 'NONE', #7124 ) ;
#5965 = VERTEX_POINT ( 'NONE', #5906 ) ;
#5966 = DIRECTION ( 'NONE',  ( -1.238178564962006334E-44, 1.380205382051887209E-16, -1.000000000000000000 ) ) ;
#5967 = CARTESIAN_POINT ( 'NONE',  ( 48.87309483438121305, -26.38459728854136799, -6.285192739890203661 ) ) ;
#5968 = CARTESIAN_POINT ( 'NONE',  ( 10.96752949314786640, -37.04887937746067195, 0.5000000000000000000 ) ) ;
#5969 = ORIENTED_EDGE ( 'NONE', *, *, #1322, .T. ) ;
#5970 = EDGE_CURVE ( 'NONE', #4241, #5599, #1032, .T. ) ;
#5971 = CARTESIAN_POINT ( 'NONE',  ( 2.390344587278876443, -41.61841504291471949, 0.000000000000000000 ) ) ;
#5972 = VECTOR ( 'NONE', #4511, 1000.000000000000000 ) ;
#5973 = CARTESIAN_POINT ( 'NONE',  ( 6.625558381474967007, 11.63520089990043083, 0.000000000000000000 ) ) ;
#5974 = CARTESIAN_POINT ( 'NONE',  ( 1.355805151938843434, -45.49108136315533102, -13.39937053586718463 ) ) ;
#5975 = ORIENTED_EDGE ( 'NONE', *, *, #5548, .T. ) ;
#5976 = DIRECTION ( 'NONE',  ( 0.000000000000000000, 0.000000000000000000, -1.000000000000000000 ) ) ;
#5977 = CARTESIAN_POINT ( 'NONE',  ( 23.23478874931033289, -37.40070335261916767, 1.000000000000000000 ) ) ;
#5978 = AXIS2_PLACEMENT_3D ( 'NONE', #5971, #30, #4182 ) ;
#5979 = CARTESIAN_POINT ( 'NONE',  ( 2.890344587278874222, -41.11841504291472660, -11.49999999999999822 ) ) ;
#5980 = EDGE_LOOP ( 'NONE', ( #1748, #5471, #5046, #4709 ) ) ;
#5981 = CARTESIAN_POINT ( 'NONE',  ( 13.87862585635581780, -34.35623047022333054, 1.000000000000267342 ) ) ;
#5982 = CARTESIAN_POINT ( 'NONE',  ( 9.033540866019061255, -43.29767075805705900, -6.201502112509220233 ) ) ;
#5983 = CIRCLE ( 'NONE', #584, 5.999999999999998224 ) ;
#5984 = LINE ( 'NONE', #2875, #4136 ) ;
#5985 = EDGE_LOOP ( 'NONE', ( #5645, #913 ) ) ;
#5986 = CARTESIAN_POINT ( 'NONE',  ( 21.85290200957127382, -27.98646678127227361, 1.000000000000000000 ) ) ;
#5987 = DIRECTION ( 'NONE',  ( -0.000000000000000000, -1.000000000000000000, -0.000000000000000000 ) ) ;
#5988 = TOROIDAL_SURFACE ( 'NONE', #334, 2.999999999999998224, 3.000000000000000000 ) ;
#5989 = FACE_OUTER_BOUND ( 'NONE', #4054, .T. ) ;
#5990 = ADVANCED_FACE ( 'NONE', ( #5944 ), #3415, .F. ) ;
#5991 = DIRECTION ( 'NONE',  ( 1.445602896647337931E-16, 1.000000000000000000, 0.000000000000000000 ) ) ;
#5992 = ORIENTED_EDGE ( 'NONE', *, *, #3927, .F. ) ;
#5993 = VERTEX_POINT ( 'NONE', #5827 ) ;
#5994 = CIRCLE ( 'NONE', #4472, 1.000000000000000000 ) ;
#5995 = ORIENTED_EDGE ( 'NONE', *, *, #2286, .T. ) ;
#5996 = DIRECTION ( 'NONE',  ( -0.000000000000000000, -0.000000000000000000, 1.000000000000000000 ) ) ;
#5997 = ORIENTED_EDGE ( 'NONE', *, *, #7183, .T. ) ;
#5998 = LINE ( 'NONE', #5431, #5351 ) ;
#5999 = ADVANCED_FACE ( 'NONE', ( #2327 ), #3377, .F. ) ;
#6000 = FACE_OUTER_BOUND ( 'NONE', #7267, .T. ) ;
#6001 = EDGE_CURVE ( 'NONE', #3361, #6195, #3453, .T. ) ;
#6002 = AXIS2_PLACEMENT_3D ( 'NONE', #4621, #508, #6958 ) ;
#6003 = VERTEX_POINT ( 'NONE', #4001 ) ;
#6004 = CARTESIAN_POINT ( 'NONE',  ( 7.637929821604847014, -29.45704156334385715, 0.4999999999999998890 ) ) ;
#6005 = CARTESIAN_POINT ( 'NONE',  ( 13.53764704067831737, -35.64737472619520986, -1.000000000000000444 ) ) ;
#6006 = ORIENTED_EDGE ( 'NONE', *, *, #4431, .F. ) ;
#6007 = CARTESIAN_POINT ( 'NONE',  ( 24.76539560396886586, -33.18920079982924420, -1.000000000000000000 ) ) ;
#6008 = VECTOR ( 'NONE', #2656, 1000.000000000000000 ) ;
#6009 = DIRECTION ( 'NONE',  ( 0.000000000000000000, -0.000000000000000000, 1.000000000000000000 ) ) ;
#6010 = CARTESIAN_POINT ( 'NONE',  ( 47.98256164536418567, 12.65288649460165438, -13.50000000000000355 ) ) ;
#6011 = ORIENTED_EDGE ( 'NONE', *, *, #5600, .T. ) ;
#6012 = ADVANCED_FACE ( 'NONE', ( #5865 ), #439, .T. ) ;
#6013 = PLANE ( 'NONE',  #452 ) ;
#6014 = CARTESIAN_POINT ( 'NONE',  ( 34.02555838147497980, -12.76479910009956420, -1.000000000000000000 ) ) ;
#6015 = CARTESIAN_POINT ( 'NONE',  ( 48.00806037650425395, -14.80302503274316628, -11.50000000000000000 ) ) ;
#6016 = VERTEX_POINT ( 'NONE', #1707 ) ;
#6017 = EDGE_CURVE ( 'NONE', #4718, #3778, #4706, .T. ) ;
#6018 = LINE ( 'NONE', #7229, #404 ) ;
#6019 = CARTESIAN_POINT ( 'NONE',  ( 18.84582072909419637, -36.43051655775182240, 1.000000000000000000 ) ) ;
#6020 = VECTOR ( 'NONE', #3343, 1000.000000000000000 ) ;
#6021 = CARTESIAN_POINT ( 'NONE',  ( 7.119077266374346458, -29.18295311265628555, 1.000000000000000000 ) ) ;
#6022 = VERTEX_POINT ( 'NONE', #3493 ) ;
#6023 = CARTESIAN_POINT ( 'NONE',  ( 11.82166204821894340, -28.78787625544617512, 0.5000000000000000000 ) ) ;
#6024 = CARTESIAN_POINT ( 'NONE',  ( 34.02555838147497980, 11.63520089990043260, 1.000000000000000000 ) ) ;
#6025 = DIRECTION ( 'NONE',  ( -1.000000000000000000, 0.000000000000000000, 0.000000000000000000 ) ) ;
#6026 = ORIENTED_EDGE ( 'NONE', *, *, #4061, .T. ) ;
#6027 = CARTESIAN_POINT ( 'NONE',  ( 23.24150187968512071, -29.28635450232011905, 0.9999999999996629363 ) ) ;
#6028 = DIRECTION ( 'NONE',  ( -0.000000000000000000, -1.000000000000000000, -0.000000000000000000 ) ) ;
#6029 = AXIS2_PLACEMENT_3D ( 'NONE', #2798, #7605, #880 ) ;
#6030 = CARTESIAN_POINT ( 'NONE',  ( 5.523530157626606929, -32.19866176004250491, 0.5000000000000000000 ) ) ;
#6031 = CARTESIAN_POINT ( 'NONE',  ( 5.644693691445203498, 10.57728446746354045, -1.000000000000000000 ) ) ;
#6032 = ORIENTED_EDGE ( 'NONE', *, *, #1139, .F. ) ;
#6033 = CIRCLE ( 'NONE', #1646, 0.8000000000000032641 ) ;
#6034 = EDGE_LOOP ( 'NONE', ( #5215, #2202, #5820, #4366, #4642 ) ) ;
#6035 = EDGE_LOOP ( 'NONE', ( #4509, #5436 ) ) ;
#6036 = DIRECTION ( 'NONE',  ( 1.000000000000000000, -0.000000000000000000, 0.000000000000000000 ) ) ;
#6037 = CARTESIAN_POINT ( 'NONE',  ( 48.22735356466326095, -29.00591734882469908, -11.50000000000000000 ) ) ;
#6038 = AXIS2_PLACEMENT_3D ( 'NONE', #871, #3254, #5016 ) ;
#6039 = FACE_BOUND ( 'NONE', #570, .T. ) ;
#6040 = EDGE_CURVE ( 'NONE', #5909, #4334, #5304, .T. ) ;
#6041 = ORIENTED_EDGE ( 'NONE', *, *, #798, .F. ) ;
#6042 = CARTESIAN_POINT ( 'NONE',  ( 24.01864339560688677, 22.74374527427766779, -9.592411343199959362 ) ) ;
#6043 = VECTOR ( 'NONE', #684, 1000.000000000000000 ) ;
#6044 = AXIS2_PLACEMENT_3D ( 'NONE', #6280, #4963, #7383 ) ;
#6045 = CARTESIAN_POINT ( 'NONE',  ( 45.87309483438121305, 11.33447814960963917, -7.285192739890222313 ) ) ;
#6046 = EDGE_CURVE ( 'NONE', #6539, #2924, #1220, .T. ) ;
#6047 = CARTESIAN_POINT ( 'NONE',  ( 34.02555838147497980, 11.63520089990043260, -1.000000000000000000 ) ) ;
#6048 = CYLINDRICAL_SURFACE ( 'NONE', #6185, 1.000000000000000888 ) ;
#6049 = ORIENTED_EDGE ( 'NONE', *, *, #7358, .T. ) ;
#6050 = FACE_OUTER_BOUND ( 'NONE', #4128, .T. ) ;
#6051 = EDGE_CURVE ( 'NONE', #3953, #201, #5225, .T. ) ;
#6052 = AXIS2_PLACEMENT_3D ( 'NONE', #4206, #650, #1196 ) ;
#6053 = CARTESIAN_POINT ( 'NONE',  ( 3.226601152850406606, 19.39267481122346837, -6.663148035801219393 ) ) ;
#6054 = DIRECTION ( 'NONE',  ( 1.000000000000000000, 0.000000000000000000, 0.000000000000000000 ) ) ;
#6055 = EDGE_LOOP ( 'NONE', ( #778, #617, #4309, #4460 ) ) ;
#6056 = LINE ( 'NONE', #2432, #6553 ) ;
#6057 = CARTESIAN_POINT ( 'NONE',  ( 22.16503106475745000, -37.06164971918919804, 0.5000000000000000000 ) ) ;
#6058 = CIRCLE ( 'NONE', #7573, 1.000000000000000000 ) ;
#6059 = DIRECTION ( 'NONE',  ( -1.000000000000000000, 2.469311568473895658E-33, 8.042586066086100112E-17 ) ) ;
#6060 = ORIENTED_EDGE ( 'NONE', *, *, #392, .T. ) ;
#6061 = CARTESIAN_POINT ( 'NONE',  ( 12.63167925348218290, -29.49638311203053931, 1.000000000000103029 ) ) ;
#6062 = CARTESIAN_POINT ( 'NONE',  ( 44.88722585882243266, 19.14266193162950103, -1.000000000000000888 ) ) ;
#6063 = LINE ( 'NONE', #2554, #6650 ) ;
#6064 = EDGE_LOOP ( 'NONE', ( #2826, #5465, #6825, #4485 ) ) ;
#6065 = CARTESIAN_POINT ( 'NONE',  ( 24.69933294410567015, -32.63419977418035245, 1.000000000000000000 ) ) ;
#6066 = DIRECTION ( 'NONE',  ( 0.000000000000000000, 0.000000000000000000, 1.000000000000000000 ) ) ;
#6067 = CARTESIAN_POINT ( 'NONE',  ( 10.05177581401198772, -36.84963214348350391, 0.4999999999999998890 ) ) ;
#6068 = ADVANCED_FACE ( 'NONE', ( #2250 ), #4080, .F. ) ;
#6069 = VECTOR ( 'NONE', #4066, 1000.000000000000000 ) ;
#6070 = CARTESIAN_POINT ( 'NONE',  ( 44.48286430354961141, -41.11841504291471949, -11.50000000000000178 ) ) ;
#6071 = ORIENTED_EDGE ( 'NONE', *, *, #3289, .F. ) ;
#6072 = ORIENTED_EDGE ( 'NONE', *, *, #1752, .F. ) ;
#6073 = EDGE_LOOP ( 'NONE', ( #2580, #1642, #5266, #6829 ) ) ;
#6074 = DIRECTION ( 'NONE',  ( 0.000000000000000000, 0.000000000000000000, -1.000000000000000000 ) ) ;
#6075 = EDGE_LOOP ( 'NONE', ( #50, #5534, #3097, #4732 ) ) ;
#6076 = CARTESIAN_POINT ( 'NONE',  ( 20.79935739506844072, -27.40059932053939917, -6.201502112509219344 ) ) ;
#6077 = CARTESIAN_POINT ( 'NONE',  ( 46.08259321813340392, 10.28286628251796131, -5.000000000000000000 ) ) ;
#6078 = CARTESIAN_POINT ( 'NONE',  ( 0.000000000000000000, 0.000000000000000000, -3.000000000000000000 ) ) ;
#6079 = ORIENTED_EDGE ( 'NONE', *, *, #4125, .T. ) ;
#6080 = CARTESIAN_POINT ( 'NONE',  ( 13.32634404446733889, -36.09224672967521030, -1.000000000000000444 ) ) ;
#6081 = DIRECTION ( 'NONE',  ( -1.000000000000000000, 0.000000000000000000, 8.042586066086100112E-17 ) ) ;
#6082 = CARTESIAN_POINT ( 'NONE',  ( 9.033540866019061255, -43.29767075805705900, -1.201502112509219788 ) ) ;
#6083 = ADVANCED_FACE ( 'NONE', ( #6530 ), #4630, .T. ) ;
#6084 = CARTESIAN_POINT ( 'NONE',  ( 12.82033012497712221, -21.98944555883515051, -3.000000000000000000 ) ) ;
#6085 = LINE ( 'NONE', #2317, #1836 ) ;
#6086 = EDGE_CURVE ( 'NONE', #5251, #4523, #1145, .T. ) ;
#6087 = FACE_OUTER_BOUND ( 'NONE', #393, .T. ) ;
#6088 = CARTESIAN_POINT ( 'NONE',  ( 49.00749553206704690, -8.626537619883473340, -1.000000000000000000 ) ) ;
#6089 = EDGE_LOOP ( 'NONE', ( #5694, #6651, #7022, #4023 ) ) ;
#6090 = CARTESIAN_POINT ( 'NONE',  ( 22.29753209080962861, -37.05809456360520215, 1.000000000000000222 ) ) ;
#6091 = CARTESIAN_POINT ( 'NONE',  ( 44.48286430354961141, -44.11841504291471949, 1.000000000000000000 ) ) ;
#6092 = ORIENTED_EDGE ( 'NONE', *, *, #2837, .F. ) ;
#6093 = CARTESIAN_POINT ( 'NONE',  ( 13.74825262923748781, -31.79139321064078416, 0.5000000000000000000 ) ) ;
#6094 = EDGE_CURVE ( 'NONE', #4142, #1897, #2209, .T. ) ;
#6095 = DIRECTION ( 'NONE',  ( 0.000000000000000000, -0.000000000000000000, 1.000000000000000000 ) ) ;
#6096 = CARTESIAN_POINT ( 'NONE',  ( 22.87174486690603814, -28.35749582219600740, 1.000000000000000000 ) ) ;
#6097 = ORIENTED_EDGE ( 'NONE', *, *, #7240, .T. ) ;
#6098 = CARTESIAN_POINT ( 'NONE',  ( 18.18107110878383992, -29.02435452519178583, 1.000000000000000000 ) ) ;
#6099 = DIRECTION ( 'NONE',  ( 1.000000000000000000, 0.000000000000000000, 0.000000000000000000 ) ) ;
#6100 = CARTESIAN_POINT ( 'NONE',  ( 6.971432748984859984, -35.05540373853722258, 0.4999999999999998890 ) ) ;
#6101 = ADVANCED_FACE ( 'NONE', ( #7012 ), #1668, .F. ) ;
#6102 = CIRCLE ( 'NONE', #956, 3.000000000000000000 ) ;
#6103 = DIRECTION ( 'NONE',  ( -1.000000000000000000, 0.000000000000000000, 0.000000000000000000 ) ) ;
#6104 = ORIENTED_EDGE ( 'NONE', *, *, #3307, .F. ) ;
#6105 = VERTEX_POINT ( 'NONE', #5264 ) ;
#6106 = ORIENTED_EDGE ( 'NONE', *, *, #6363, .T. ) ;
#6107 = DIRECTION ( 'NONE',  ( 0.000000000000000000, -0.000000000000000000, 1.000000000000000000 ) ) ;
#6108 = EDGE_CURVE ( 'NONE', #3057, #4897, #2972, .T. ) ;
#6109 = VECTOR ( 'NONE', #4568, 1000.000000000000000 ) ;
#6110 = CARTESIAN_POINT ( 'NONE',  ( 2.596721997073072608, 1.876083684937086327, -9.451567670042738456 ) ) ;
#6111 = FACE_OUTER_BOUND ( 'NONE', #3660, .T. ) ;
#6112 = ORIENTED_EDGE ( 'NONE', *, *, #6894, .F. ) ;
#6113 = VECTOR ( 'NONE', #6346, 1000.000000000000000 ) ;
#6114 = VERTEX_POINT ( 'NONE', #5982 ) ;
#6115 = CARTESIAN_POINT ( 'NONE',  ( 10.93811458722733931, -28.45804144394396218, -1.000000000000000444 ) ) ;
#6116 = DIRECTION ( 'NONE',  ( 1.000000000000000000, 1.156482317317871725E-15, 0.000000000000000000 ) ) ;
#6117 = DIRECTION ( 'NONE',  ( -1.000000000000000000, 0.000000000000000000, 0.000000000000000000 ) ) ;
#6118 = AXIS2_PLACEMENT_3D ( 'NONE', #6578, #1197, #613 ) ;
#6119 = CIRCLE ( 'NONE', #3352, 1.000000000000000000 ) ;
#6120 = DIRECTION ( 'NONE',  ( 0.000000000000000000, -0.000000000000000000, -1.000000000000000000 ) ) ;
#6121 = ADVANCED_FACE ( 'NONE', ( #6680 ), #1336, .F. ) ;
#6122 = CARTESIAN_POINT ( 'NONE',  ( -1.609655412721122669, -7.832828546790671531, -9.592411343199959362 ) ) ;
#6123 = DIRECTION ( 'NONE',  ( 0.000000000000000000, -1.000000000000000000, 0.000000000000000000 ) ) ;
#6124 = EDGE_CURVE ( 'NONE', #1054, #4425, #5994, .T. ) ;
#6125 = CIRCLE ( 'NONE', #1106, 0.8000000000000058176 ) ;
#6126 = DIRECTION ( 'NONE',  ( -0.003460928000371844317, 0.9999940109707537994, 0.000000000000000000 ) ) ;
#6127 = ORIENTED_EDGE ( 'NONE', *, *, #3505, .T. ) ;
#6128 = CARTESIAN_POINT ( 'NONE',  ( 21.48137445909035392, -37.00897329603576225, 0.5000000000000000000 ) ) ;
#6129 = CARTESIAN_POINT ( 'NONE',  ( 7.146449321873603822, -29.76606901178243447, 0.9999999999995619060 ) ) ;
#6130 = CYLINDRICAL_SURFACE ( 'NONE', #839, 1.000000000000000000 ) ;
#6131 = ORIENTED_EDGE ( 'NONE', *, *, #4008, .T. ) ;
#6132 = DIRECTION ( 'NONE',  ( 0.000000000000000000, 0.000000000000000000, 1.000000000000000000 ) ) ;
#6133 = CARTESIAN_POINT ( 'NONE',  ( 34.02555838147497980, -12.76479910009956420, 0.000000000000000000 ) ) ;
#6134 = DIRECTION ( 'NONE',  ( -1.000000000000000000, 0.000000000000000000, 0.000000000000000000 ) ) ;
#6135 = ADVANCED_FACE ( 'NONE', ( #4864 ), #2597, .F. ) ;
#6136 = CARTESIAN_POINT ( 'NONE',  ( 18.44880598565849539, -28.86605996495180193, 0.9999999999999997780 ) ) ;
#6137 = ORIENTED_EDGE ( 'NONE', *, *, #3910, .F. ) ;
#6138 = CARTESIAN_POINT ( 'NONE',  ( 18.94719531971284354, -29.17011395133149776, 0.5000000000000000000 ) ) ;
#6139 = FACE_BOUND ( 'NONE', #144, .T. ) ;
#6140 = CARTESIAN_POINT ( 'NONE',  ( 5.524535558512120303, -32.47576068844569619, 0.5000000000000000000 ) ) ;
#6141 = ADVANCED_FACE ( 'NONE', ( #3101 ), #6240, .T. ) ;
#6142 = DIRECTION ( 'NONE',  ( 0.000000000000000000, 1.000000000000000000, 1.380205382052140384E-16 ) ) ;
#6143 = ORIENTED_EDGE ( 'NONE', *, *, #7074, .T. ) ;
#6144 = ORIENTED_EDGE ( 'NONE', *, *, #1956, .T. ) ;
#6145 = ORIENTED_EDGE ( 'NONE', *, *, #6618, .F. ) ;
#6146 = DIRECTION ( 'NONE',  ( -0.000000000000000000, -0.000000000000000000, 1.000000000000000000 ) ) ;
#6147 = CARTESIAN_POINT ( 'NONE',  ( 5.400848594311689510, -33.89846939602388431, 1.000000000000000000 ) ) ;
#6148 = CARTESIAN_POINT ( 'NONE',  ( 24.22788891608045958, -30.86864925339559917, 0.4999999999999998890 ) ) ;
#6149 = EDGE_CURVE ( 'NONE', #272, #3183, #1854, .T. ) ;
#6150 = ORIENTED_EDGE ( 'NONE', *, *, #5903, .T. ) ;
#6151 = LINE ( 'NONE', #6042, #2508 ) ;
#6152 = CARTESIAN_POINT ( 'NONE',  ( 17.81228509500352075, -29.84876049041457691, 0.5000000000000000000 ) ) ;
#6153 = DIRECTION ( 'NONE',  ( 0.000000000000000000, -1.000000000000000000, -1.380205382052140384E-16 ) ) ;
#6154 = AXIS2_PLACEMENT_3D ( 'NONE', #482, #1783, #6567 ) ;
#6155 = CARTESIAN_POINT ( 'NONE',  ( 17.28617272148532535, -29.63406058751409233, 1.000000000000000000 ) ) ;
#6156 = ORIENTED_EDGE ( 'NONE', *, *, #3055, .F. ) ;
#6157 = FACE_OUTER_BOUND ( 'NONE', #6055, .T. ) ;
#6158 = EDGE_CURVE ( 'NONE', #2659, #457, #4900, .T. ) ;
#6159 = FACE_OUTER_BOUND ( 'NONE', #429, .T. ) ;
#6160 = CYLINDRICAL_SURFACE ( 'NONE', #3887, 1.000000000000000000 ) ;
#6161 = EDGE_LOOP ( 'NONE', ( #4138, #6959, #6919, #3351 ) ) ;
#6162 = DIRECTION ( 'NONE',  ( -1.000000000000000000, 0.000000000000000000, 8.042586066086100112E-17 ) ) ;
#6163 = DIRECTION ( 'NONE',  ( 0.000000000000000000, 0.000000000000000000, 1.000000000000000000 ) ) ;
#6164 = DIRECTION ( 'NONE',  ( 0.000000000000000000, 0.000000000000000000, 1.000000000000000000 ) ) ;
#6165 = ORIENTED_EDGE ( 'NONE', *, *, #3307, .T. ) ;
#6166 = AXIS2_PLACEMENT_3D ( 'NONE', #5116, #5711, #2651 ) ;
#6167 = LINE ( 'NONE', #752, #6478 ) ;
#6168 = DIRECTION ( 'NONE',  ( 1.012926086421548048E-15, -1.000000000000000000, 0.000000000000000000 ) ) ;
#6169 = PLANE ( 'NONE',  #5237 ) ;
#6170 = ORIENTED_EDGE ( 'NONE', *, *, #6705, .F. ) ;
#6171 = AXIS2_PLACEMENT_3D ( 'NONE', #7561, #6880, #3837 ) ;
#6172 = CARTESIAN_POINT ( 'NONE',  ( 19.29049825851184252, -28.46566460051083780, 0.9999999999999997780 ) ) ;
#6173 = ORIENTED_EDGE ( 'NONE', *, *, #4265, .F. ) ;
#6174 = CARTESIAN_POINT ( 'NONE',  ( 19.29084397803797657, -28.46551873439987901, 1.000000000000000000 ) ) ;
#6175 = DIRECTION ( 'NONE',  ( 0.000000000000000000, 0.000000000000000000, 1.000000000000000000 ) ) ;
#6176 = EDGE_CURVE ( 'NONE', #7277, #430, #1781, .T. ) ;
#6177 = CARTESIAN_POINT ( 'NONE',  ( 5.644693691445203498, 11.54623778400322109, -1.000000000000000000 ) ) ;
#6178 = VECTOR ( 'NONE', #6664, 1000.000000000000000 ) ;
#6179 = LINE ( 'NONE', #6261, #3222 ) ;
#6180 = VERTEX_POINT ( 'NONE', #3715 ) ;
#6181 = EDGE_CURVE ( 'NONE', #4953, #990, #6874, .T. ) ;
#6182 = EDGE_LOOP ( 'NONE', ( #1399, #7308, #3489, #4764 ) ) ;
#6183 = LINE ( 'NONE', #2604, #2375 ) ;
#6184 = DIRECTION ( 'NONE',  ( 0.000000000000000000, 0.000000000000000000, -1.000000000000000000 ) ) ;
#6185 = AXIS2_PLACEMENT_3D ( 'NONE', #3127, #1803, #703 ) ;
#6186 = CARTESIAN_POINT ( 'NONE',  ( 24.63771619882333752, -31.96599932056713200, 0.5000000000000000000 ) ) ;
#6187 = FACE_OUTER_BOUND ( 'NONE', #2777, .T. ) ;
#6188 = VERTEX_POINT ( 'NONE', #3027 ) ;
#6189 = ADVANCED_FACE ( 'NONE', ( #5415 ), #678, .F. ) ;
#6190 = EDGE_LOOP ( 'NONE', ( #5301, #5819, #921, #4866 ) ) ;
#6191 = VECTOR ( 'NONE', #3686, 1000.000000000000000 ) ;
#6192 = CARTESIAN_POINT ( 'NONE',  ( 16.24922867019717643, -32.13303117983228674, 0.5000000000000000000 ) ) ;
#6193 = CARTESIAN_POINT ( 'NONE',  ( 12.46123934076080886, -28.62881179573783896, 0.9999999999999997780 ) ) ;
#6194 = CARTESIAN_POINT ( 'NONE',  ( 16.31311107536410532, -30.62969632514704088, 1.000000000000000000 ) ) ;
#6195 = VERTEX_POINT ( 'NONE', #599 ) ;
#6196 = DIRECTION ( 'NONE',  ( 1.000000000000000000, 0.000000000000000000, 0.000000000000000000 ) ) ;
#6197 = LINE ( 'NONE', #7419, #81 ) ;
#6198 = DIRECTION ( 'NONE',  ( -1.000000000000000000, 0.000000000000000000, -0.000000000000000000 ) ) ;
#6199 = ORIENTED_EDGE ( 'NONE', *, *, #315, .F. ) ;
#6200 = ORIENTED_EDGE ( 'NONE', *, *, #6305, .F. ) ;
#6201 = DIRECTION ( 'NONE',  ( -0.000000000000000000, -1.000000000000000000, -0.000000000000000000 ) ) ;
#6202 = EDGE_CURVE ( 'NONE', #4897, #7528, #4348, .T. ) ;
#6203 = CARTESIAN_POINT ( 'NONE',  ( 5.547586811692100994, -34.17080699738243510, 1.000000000000000000 ) ) ;
#6204 = CARTESIAN_POINT ( 'NONE',  ( 5.644693691445203498, 10.57728446746354045, -1.000000000000000000 ) ) ;
#6205 = EDGE_LOOP ( 'NONE', ( #7170, #6137, #352, #6803 ) ) ;
#6206 = CARTESIAN_POINT ( 'NONE',  ( 10.72463177686374003, -28.45454339132858834, 1.000000000000000000 ) ) ;
#6207 = CARTESIAN_POINT ( 'NONE',  ( 40.97104298065090688, -31.38865712849714384, -1.000000000000000000 ) ) ;
#6208 = DIRECTION ( 'NONE',  ( 1.000000000000000000, 0.000000000000000000, 0.000000000000000000 ) ) ;
#6209 = ORIENTED_EDGE ( 'NONE', *, *, #7249, .T. ) ;
#6210 = CARTESIAN_POINT ( 'NONE',  ( 24.36175393757869756, -36.58485958606122068, 1.000000000000000444 ) ) ;
#6211 = VERTEX_POINT ( 'NONE', #7236 ) ;
#6212 = CARTESIAN_POINT ( 'NONE',  ( 0.3512439203877670835, -4.664145929984653272, -2.000000000000013767 ) ) ;
#6213 = CARTESIAN_POINT ( 'NONE',  ( 18.43554011962059036, -29.45475610804640354, 1.000000000000000000 ) ) ;
#6214 = CARTESIAN_POINT ( 'NONE',  ( 12.82033012497712221, -21.98944555883515051, -3.000000000000000000 ) ) ;
#6215 = CARTESIAN_POINT ( 'NONE',  ( 42.50367785261521192, -8.763023730668720646, -1.000000000000000000 ) ) ;
#6216 = DIRECTION ( 'NONE',  ( -0.000000000000000000, -0.000000000000000000, 1.000000000000000000 ) ) ;
#6217 = ADVANCED_FACE ( 'NONE', ( #6641 ), #4745, .F. ) ;
#6218 = ORIENTED_EDGE ( 'NONE', *, *, #7199, .F. ) ;
#6219 = CARTESIAN_POINT ( 'NONE',  ( 25.68877323985573824, -45.61841504291471949, -8.884504751596059791 ) ) ;
#6220 = DIRECTION ( 'NONE',  ( 2.168404344971006896E-16, -1.000000000000000000, 0.000000000000000000 ) ) ;
#6221 = CIRCLE ( 'NONE', #2956, 0.8000000000000020428 ) ;
#6222 = CARTESIAN_POINT ( 'NONE',  ( 23.66973535178347632, -29.79399318866475355, -1.000000000000000000 ) ) ;
#6223 = DIRECTION ( 'NONE',  ( -1.000000000000000000, -0.000000000000000000, -0.000000000000000000 ) ) ;
#6224 = ORIENTED_EDGE ( 'NONE', *, *, #6473, .T. ) ;
#6225 = EDGE_CURVE ( 'NONE', #4911, #5164, #4785, .T. ) ;
#6226 = ORIENTED_EDGE ( 'NONE', *, *, #5804, .F. ) ;
#6227 = AXIS2_PLACEMENT_3D ( 'NONE', #1400, #3780, #4611 ) ;
#6228 = CARTESIAN_POINT ( 'NONE',  ( 8.240621197279370591, -29.12137029499595187, -1.000000000000000000 ) ) ;
#6229 = DIRECTION ( 'NONE',  ( -0.000000000000000000, -0.000000000000000000, -1.000000000000000000 ) ) ;
#6230 = ADVANCED_FACE ( 'NONE', ( #4192 ), #3066, .T. ) ;
#6231 = CYLINDRICAL_SURFACE ( 'NONE', #413, 2.000000000000000000 ) ;
#6232 = VECTOR ( 'NONE', #3981, 1000.000000000000000 ) ;
#6233 = VECTOR ( 'NONE', #983, 1000.000000000000000 ) ;
#6234 = DIRECTION ( 'NONE',  ( 0.000000000000000000, -1.000000000000000000, 0.000000000000000000 ) ) ;
#6235 = CARTESIAN_POINT ( 'NONE',  ( 44.22735356466323964, -45.61841504291471949, -13.43649167310370984 ) ) ;
#6236 = ORIENTED_EDGE ( 'NONE', *, *, #7438, .F. ) ;
#6237 = DIRECTION ( 'NONE',  ( 1.000000000000000000, 0.000000000000000000, 0.000000000000000000 ) ) ;
#6238 = CIRCLE ( 'NONE', #470, 0.8000000000000033751 ) ;
#6239 = ORIENTED_EDGE ( 'NONE', *, *, #3149, .T. ) ;
#6240 = TOROIDAL_SURFACE ( 'NONE', #210, 4.000000000000000000, 2.000000000000000000 ) ;
#6241 = ORIENTED_EDGE ( 'NONE', *, *, #3212, .F. ) ;
#6242 = DIRECTION ( 'NONE',  ( 1.000000000000000000, 0.000000000000000000, 0.000000000000000000 ) ) ;
#6243 = EDGE_CURVE ( 'NONE', #6339, #6979, #1887, .T. ) ;
#6244 = CARTESIAN_POINT ( 'NONE',  ( 5.650976484289400581, -33.17492970724796209, 0.9999999999998661071 ) ) ;
#6245 = DIRECTION ( 'NONE',  ( 1.000000000000000000, 6.938893903907228378E-15, 0.000000000000000000 ) ) ;
#6246 = ORIENTED_EDGE ( 'NONE', *, *, #74, .F. ) ;
#6247 = CARTESIAN_POINT ( 'NONE',  ( 9.367451925502566112, -28.14903893719310091, 1.000000000000000000 ) ) ;
#6248 = CARTESIAN_POINT ( 'NONE',  ( 43.62352618543248894, 16.99293638262966510, -15.03537376769511091 ) ) ;
#6249 = AXIS2_PLACEMENT_3D ( 'NONE', #6289, #909, #6208 ) ;
#6250 = PLANE ( 'NONE',  #2483 ) ;
#6251 = EDGE_CURVE ( 'NONE', #2974, #7361, #3, .T. ) ;
#6252 = ORIENTED_EDGE ( 'NONE', *, *, #183, .F. ) ;
#6253 = ADVANCED_FACE ( 'NONE', ( #3251 ), #2000, .F. ) ;
#6254 = FACE_OUTER_BOUND ( 'NONE', #1767, .T. ) ;
#6255 = EDGE_LOOP ( 'NONE', ( #3435, #727, #7517, #1193 ) ) ;
#6256 = CARTESIAN_POINT ( 'NONE',  ( 50.48286430354961851, -41.11841504291471949, -2.000000000000000000 ) ) ;
#6257 = CARTESIAN_POINT ( 'NONE',  ( 21.54259690861888643, -27.95416116901177972, 1.000000000000000000 ) ) ;
#6258 = AXIS2_PLACEMENT_3D ( 'NONE', #4495, #817, #142 ) ;
#6259 = LINE ( 'NONE', #2167, #7297 ) ;
#6260 = CARTESIAN_POINT ( 'NONE',  ( 49.00749553206704690, 11.33447814960963917, -6.285192739890222313 ) ) ;
#6261 = CARTESIAN_POINT ( 'NONE',  ( 5.443766477962407535, -45.61841504291471239, -4.663148035801216729 ) ) ;
#6262 = ADVANCED_FACE ( 'NONE', ( #3794 ), #1452, .T. ) ;
#6263 = CARTESIAN_POINT ( 'NONE',  ( 12.90726949744076180, -36.54957423647316261, -1.000000000000000000 ) ) ;
#6264 = ORIENTED_EDGE ( 'NONE', *, *, #1576, .T. ) ;
#6265 = CARTESIAN_POINT ( 'NONE',  ( 44.48286430354961141, -41.11841504291471949, -2.000000000000000000 ) ) ;
#6266 = PLANE ( 'NONE',  #1605 ) ;
#6267 = CARTESIAN_POINT ( 'NONE',  ( 21.73214898378775217, -28.45787019115513772, -1.000000000000000000 ) ) ;
#6268 = LINE ( 'NONE', #3931, #6113 ) ;
#6269 = EDGE_LOOP ( 'NONE', ( #963, #7677, #408, #4624, #6320 ) ) ;
#6270 = ORIENTED_EDGE ( 'NONE', *, *, #6274, .T. ) ;
#6271 = CARTESIAN_POINT ( 'NONE',  ( 16.57761508520665217, -31.05690171790831755, -1.000000000000000000 ) ) ;
#6272 = CARTESIAN_POINT ( 'NONE',  ( -1.609655412721122669, -8.763023730668722422, -1.000000000000000000 ) ) ;
#6273 = CARTESIAN_POINT ( 'NONE',  ( 17.65552227381277106, -29.35450943454064898, 1.000000000000000000 ) ) ;
#6274 = EDGE_CURVE ( 'NONE', #1489, #4035, #7382, .T. ) ;
#6275 = CARTESIAN_POINT ( 'NONE',  ( 50.48282836937413975, -41.09764947491245124, -2.000000000000000000 ) ) ;
#6276 = DIRECTION ( 'NONE',  ( 1.000000000000000000, 0.000000000000000000, 0.000000000000000000 ) ) ;
#6277 = EDGE_CURVE ( 'NONE', #1159, #804, #6755, .T. ) ;
#6278 = ADVANCED_FACE ( 'NONE', ( #4463 ), #2553, .F. ) ;
#6279 = VECTOR ( 'NONE', #794, 1000.000000000000000 ) ;
#6280 = CARTESIAN_POINT ( 'NONE',  ( 10.51133605906845148, -24.76759449452900341, -4.663148035801218505 ) ) ;
#6281 = EDGE_LOOP ( 'NONE', ( #3995, #939, #7223, #1714 ) ) ;
#6282 = VERTEX_POINT ( 'NONE', #3869 ) ;
#6283 = LINE ( 'NONE', #3168, #2425 ) ;
#6284 = CARTESIAN_POINT ( 'NONE',  ( 5.625355020642031967, -31.62237902297866654, 0.5000000000000000000 ) ) ;
#6285 = CARTESIAN_POINT ( 'NONE',  ( 23.52287303691180398, -37.28046936348576423, 0.9999999999999997780 ) ) ;
#6286 = EDGE_LOOP ( 'NONE', ( #7427, #2410, #2291, #4282 ) ) ;
#6287 = CARTESIAN_POINT ( 'NONE',  ( 10.97924884280460667, -28.48105136542831062, 1.000000000000000000 ) ) ;
#6288 = DIRECTION ( 'NONE',  ( -1.000000000000000000, 0.000000000000000000, 0.000000000000000000 ) ) ;
#6289 = CARTESIAN_POINT ( 'NONE',  ( 10.51133605906845148, -24.76759449452900341, -9.047210079157837370 ) ) ;
#6290 = ORIENTED_EDGE ( 'NONE', *, *, #412, .F. ) ;
#6291 = DIRECTION ( 'NONE',  ( -1.453169479452033105E-16, 0.000000000000000000, -1.000000000000000000 ) ) ;
#6292 = VERTEX_POINT ( 'NONE', #3293 ) ;
#6293 = CIRCLE ( 'NONE', #2901, 1.000000000000000000 ) ;
#6294 = DIRECTION ( 'NONE',  ( -1.000000000000000000, 0.000000000000000000, 0.000000000000000000 ) ) ;
#6295 = AXIS2_PLACEMENT_3D ( 'NONE', #2657, #4103, #7622 ) ;
#6296 = DIRECTION ( 'NONE',  ( 0.000000000000000000, 1.000000000000000000, 0.000000000000000000 ) ) ;
#6297 = CARTESIAN_POINT ( 'NONE',  ( 39.06812483162726579, 1.876083684937086327, -1.000000000000000888 ) ) ;
#6298 = CARTESIAN_POINT ( 'NONE',  ( 20.58605567221092514, -36.75363062159252081, 0.5000000000000000000 ) ) ;
#6299 =( BOUNDED_SURFACE ( )  B_SPLINE_SURFACE ( 3, 2, ( 
 ( #5262, #4118, #6452 ),
 ( #7682, #397, #4671 ),
 ( #3376, #5742, #358 ),
 ( #5784, #2753, #4592 ),
 ( #7564, #5904, #2168 ),
 ( #4552, #1706, #2794 ),
 ( #2830, #1587, #7011 ),
 ( #518, #5187, #3961 ),
 ( #7603, #1628, #7087 ),
 ( #1069, #6415, #1031 ),
 ( #3414, #5826, #7642 ),
 ( #436, #2249, #7045 ),
 ( #4043, #3451, #4272 ),
 ( #1218, #5981, #2474 ),
 ( #7752, #6640, #6679 ),
 ( #1886, #6564, #3563 ),
 ( #3064, #1852, #1923 ),
 ( #1258, #3026, #40 ),
 ( #2437, #2947, #5339 ),
 ( #7314, #717, #6093 ),
 ( #4157, #72, #1298 ),
 ( #7274, #115, #4899 ),
 ( #1815, #3679, #677 ),
 ( #6527, #5414, #5374 ),
 ( #5943, #1, #3098 ),
 ( #2363, #6061, #1182 ),
 ( #635, #2515, #3639 ),
 ( #7234, #4819, #4232 ),
 ( #5494, #596, #1144 ),
 ( #5453, #3528, #6023 ),
 ( #2988, #2398, #4863 ),
 ( #558, #4744, #4783 ),
 ( #7200, #7159, #1779 ),
 ( #4190, #6599, #3602 ),
 ( #3829, #6287, #1495 ),
 ( #4422, #6206, #3792 ),
 ( #5690, #2700, #3173 ),
 ( #5090, #7512, #3209 ),
 ( #827, #5568, #1412 ),
 ( #187, #906, #3291 ),
 ( #6247, #1959, #7390 ),
 ( #3712, #7428, #4306 ),
 ( #6753, #5012, #5608 ),
 ( #3137, #4341, #229 ),
 ( #4461, #6788, #2041 ),
 ( #3747, #266, #3867 ) ),
 .UNSPECIFIED., .F., .F., .T. ) 
 B_SPLINE_SURFACE_WITH_KNOTS ( ( 4, 2, 2, 2, 2, 2, 2, 2, 2, 2, 2, 2, 2, 2, 2, 2, 2, 2, 2, 2, 2, 2, 4 ),
 ( 3, 3 ),
 ( 0.000000000000000000, 0.0004643776289125201278, 0.0009287552578250402556, 0.001393132886737560383, 0.001857510515650080511, 0.002321888144562600856, 0.002786265773475120767, 0.003715021031300161022, 0.004643776289125201712, 0.005572531546950241534, 0.006501286804775281356, 0.007430042062600322045, 0.008358797320425362734, 0.009287552578250403423, 0.009751930207162922901, 0.01021630783607544238, 0.01068068546498796359, 0.01114506309390048307, 0.01160944072281300254, 0.01207381835172552376, 0.01300257360955056271, 0.01393132886737560340, 0.01486008412520064409 ),
 ( 0.000000000000000000, 1.000000000000000000 ),
 .UNSPECIFIED. ) 
 GEOMETRIC_REPRESENTATION_ITEM ( )  RATIONAL_B_SPLINE_SURFACE ( (
 ( 1.000000000000000000, 0.7071067811865467956, 1.000000000000000000),
 ( 1.000000000000000000, 0.7071067811865467956, 1.000000000000000000),
 ( 1.000000000000000000, 0.7071067811865475727, 1.000000000000000000),
 ( 1.000000000000000000, 0.7071067811865475727, 1.000000000000000000),
 ( 1.000000000000000000, 0.7071067811865475727, 1.000000000000000000),
 ( 1.000000000000000000, 0.7071067811865475727, 1.000000000000000000),
 ( 1.000000000000000000, 0.7071067811865475727, 1.000000000000000000),
 ( 1.000000000000000000, 0.7071067811865475727, 1.000000000000000000),
 ( 1.000000000000000000, 0.7071067811865475727, 1.000000000000000000),
 ( 1.000000000000000000, 0.7071067811865475727, 1.000000000000000000),
 ( 1.000000000000000000, 0.7071067811865475727, 1.000000000000000000),
 ( 1.000000000000000000, 0.7071067811865475727, 1.000000000000000000),
 ( 1.000000000000000000, 0.7071067811865475727, 1.000000000000000000),
 ( 1.000000000000000000, 0.7071067811865475727, 1.000000000000000000),
 ( 1.000000000000000000, 0.7071067811865475727, 1.000000000000000000),
 ( 1.000000000000000000, 0.7071067811865475727, 1.000000000000000000),
 ( 1.000000000000000000, 0.7071067811865475727, 1.000000000000000000),
 ( 1.000000000000000000, 0.7071067811865475727, 1.000000000000000000),
 ( 1.000000000000000000, 0.7071067811865475727, 1.000000000000000000),
 ( 1.000000000000000000, 0.7071067811865475727, 1.000000000000000000),
 ( 1.000000000000000000, 0.7071067811865475727, 1.000000000000000000),
 ( 1.000000000000000000, 0.7071067811865475727, 1.000000000000000000),
 ( 1.000000000000000000, 0.7071067811865475727, 1.000000000000000000),
 ( 1.000000000000000000, 0.7071067811865475727, 1.000000000000000000),
 ( 1.000000000000000000, 0.7071067811865460184, 1.000000000000000000),
 ( 1.000000000000000000, 0.7071067811865460184, 1.000000000000000000),
 ( 1.000000000000000000, 0.7071067811865475727, 1.000000000000000000),
 ( 1.000000000000000000, 0.7071067811865475727, 1.000000000000000000),
 ( 1.000000000000000000, 0.7071067811865475727, 1.000000000000000000),
 ( 1.000000000000000000, 0.7071067811865475727, 1.000000000000000000),
 ( 1.000000000000000000, 0.7071067811865452413, 1.000000000000000000),
 ( 1.000000000000000000, 0.7071067811865452413, 1.000000000000000000),
 ( 1.000000000000000000, 0.7071067811865447972, 1.000000000000000000),
 ( 1.000000000000000000, 0.7071067811865447972, 1.000000000000000000),
 ( 1.000000000000000000, 0.7071067811865475727, 1.000000000000000000),
 ( 1.000000000000000000, 0.7071067811865475727, 1.000000000000000000),
 ( 1.000000000000000000, 0.7071067811865475727, 1.000000000000000000),
 ( 1.000000000000000000, 0.7071067811865475727, 1.000000000000000000),
 ( 1.000000000000000000, 0.7071067811865475727, 1.000000000000000000),
 ( 1.000000000000000000, 0.7071067811865475727, 1.000000000000000000),
 ( 1.000000000000000000, 0.7071067811865475727, 1.000000000000000000),
 ( 1.000000000000000000, 0.7071067811865475727, 1.000000000000000000),
 ( 1.000000000000000000, 0.7071067811865475727, 1.000000000000000000),
 ( 1.000000000000000000, 0.7071067811865475727, 1.000000000000000000),
 ( 1.000000000000000000, 0.7071067811865475727, 1.000000000000000000),
 ( 1.000000000000000000, 0.7071067811865475727, 1.000000000000000000) ) ) 
 REPRESENTATION_ITEM ( '' )  SURFACE ( )  );
#6300 = CARTESIAN_POINT ( 'NONE',  ( 31.27174601004611887, -40.97692647319939141, -6.201502112509220233 ) ) ;
#6301 = EDGE_LOOP ( 'NONE', ( #5451, #3681, #6717, #7121 ) ) ;
#6302 = CARTESIAN_POINT ( 'NONE',  ( 37.72555838147485474, -8.763023730668720646, -9.592411343199959362 ) ) ;
#6303 = CARTESIAN_POINT ( 'NONE',  ( 24.43958549340963415, -35.33038979649697353, 0.5000000000000000000 ) ) ;
#6304 = VECTOR ( 'NONE', #1141, 1000.000000000000000 ) ;
#6305 = EDGE_CURVE ( 'NONE', #4108, #862, #3911, .T. ) ;
#6306 = LINE ( 'NONE', #5583, #3053 ) ;
#6307 = SURFACE_SIDE_STYLE ('',( #3888 ) ) ;
#6308 = ORIENTED_EDGE ( 'NONE', *, *, #6431, .T. ) ;
#6309 = ORIENTED_EDGE ( 'NONE', *, *, #5754, .F. ) ;
#6310 = FACE_OUTER_BOUND ( 'NONE', #7627, .T. ) ;
#6311 = VECTOR ( 'NONE', #624, 1000.000000000000000 ) ;
#6312 = CARTESIAN_POINT ( 'NONE',  ( 7.930840952022506052, -28.72209721852397024, 0.9999999999999997780 ) ) ;
#6313 = FACE_BOUND ( 'NONE', #7190, .T. ) ;
#6314 = CARTESIAN_POINT ( 'NONE',  ( 8.005821606557535830, -35.82765353643838324, -1.000000000000000000 ) ) ;
#6315 = AXIS2_PLACEMENT_3D ( 'NONE', #5206, #5770, #7109 ) ;
#6316 = CARTESIAN_POINT ( 'NONE',  ( 5.644693691445203498, 11.54623778400322109, -2.000000000000011102 ) ) ;
#6317 = DIRECTION ( 'NONE',  ( -0.5089380216722002581, 0.8608031657100171374, 0.000000000000000000 ) ) ;
#6318 = EDGE_CURVE ( 'NONE', #5196, #3273, #6502, .T. ) ;
#6319 = ORIENTED_EDGE ( 'NONE', *, *, #4410, .F. ) ;
#6320 = ORIENTED_EDGE ( 'NONE', *, *, #6480, .F. ) ;
#6321 = CARTESIAN_POINT ( 'NONE',  ( -1.609655412721123557, 18.24374527427763226, -13.43649167310370807 ) ) ;
#6322 = CARTESIAN_POINT ( 'NONE',  ( 7.807122941238512581, -35.68610166873821044, 0.5000000000000000000 ) ) ;
#6323 = CARTESIAN_POINT ( 'NONE',  ( 1.335016159205052899, 19.39267481122346837, -6.663148035801219393 ) ) ;
#6324 = ORIENTED_EDGE ( 'NONE', *, *, #593, .T. ) ;
#6325 = EDGE_CURVE ( 'NONE', #6786, #180, #119, .T. ) ;
#6326 = LINE ( 'NONE', #4661, #5717 ) ;
#6327 = CARTESIAN_POINT ( 'NONE',  ( 36.03106969813007510, 15.31055444116484487, -2.000000000000011102 ) ) ;
#6328 = DIRECTION ( 'NONE',  ( 0.000000000000000000, 0.000000000000000000, -1.000000000000000000 ) ) ;
#6329 = ORIENTED_EDGE ( 'NONE', *, *, #6094, .T. ) ;
#6330 = EDGE_LOOP ( 'NONE', ( #765, #2807, #7362, #4928 ) ) ;
#6331 = CARTESIAN_POINT ( 'NONE',  ( 23.25527373732104763, -28.62864054294885818, 0.9999999999999997780 ) ) ;
#6332 = ORIENTED_EDGE ( 'NONE', *, *, #4869, .F. ) ;
#6333 = CYLINDRICAL_SURFACE ( 'NONE', #7179, 0.8000000000000033751 ) ;
#6334 = CARTESIAN_POINT ( 'NONE',  ( 12.99098821140080418, -37.10948077418181157, 0.5000000000000000000 ) ) ;
#6335 = EDGE_CURVE ( 'NONE', #2257, #5408, #2667, .T. ) ;
#6336 = CARTESIAN_POINT ( 'NONE',  ( 44.48286430354961141, -41.11841504291471949, -11.50000000000000178 ) ) ;
#6337 = CARTESIAN_POINT ( 'NONE',  ( 23.51167280472278520, -36.69064511513241200, 0.5000000000000000000 ) ) ;
#6338 = CARTESIAN_POINT ( 'NONE',  ( 44.38408591663488778, 15.57751706311805151, -5.000000000000000000 ) ) ;
#6339 = VERTEX_POINT ( 'NONE', #6791 ) ;
#6340 = LINE ( 'NONE', #6889, #6517 ) ;
#6341 = CARTESIAN_POINT ( 'NONE',  ( 24.91611778029590596, -35.48259434176598148, 1.000000000000000000 ) ) ;
#6342 = ORIENTED_EDGE ( 'NONE', *, *, #7490, .T. ) ;
#6343 = EDGE_CURVE ( 'NONE', #3202, #2722, #3211, .T. ) ;
#6344 = CARTESIAN_POINT ( 'NONE',  ( 23.85929038119562762, -36.41479228548868008, -1.000000000000000000 ) ) ;
#6345 = VECTOR ( 'NONE', #2711, 1000.000000000000000 ) ;
#6346 = DIRECTION ( 'NONE',  ( 5.501601722518989248E-16, -1.000000000000000000, 0.000000000000000000 ) ) ;
#6347 = ORIENTED_EDGE ( 'NONE', *, *, #5168, .F. ) ;
#6348 = ADVANCED_FACE ( 'NONE', ( #1374 ), #6250, .F. ) ;
#6349 = EDGE_LOOP ( 'NONE', ( #5504, #3068, #7326, #7332, #1970 ) ) ;
#6350 = CARTESIAN_POINT ( 'NONE',  ( 4.625558381474979441, -12.76479910009956775, 1.000000000000000000 ) ) ;
#6351 = CARTESIAN_POINT ( 'NONE',  ( 12.00884154400037929, -28.90003424142682320, 0.5000000000000000000 ) ) ;
#6352 = VECTOR ( 'NONE', #954, 1000.000000000000000 ) ;
#6353 = CYLINDRICAL_SURFACE ( 'NONE', #4907, 1.000000000000000888 ) ;
#6354 = CARTESIAN_POINT ( 'NONE',  ( 17.89514374395803742, -35.16350936645085312, 1.000000000000000000 ) ) ;
#6355 = LINE ( 'NONE', #7498, #6109 ) ;
#6356 = AXIS2_PLACEMENT_3D ( 'NONE', #4409, #6820, #6196 ) ;
#6357 = LINE ( 'NONE', #6316, #7015 ) ;
#6358 = ORIENTED_EDGE ( 'NONE', *, *, #4351, .F. ) ;
#6359 = CARTESIAN_POINT ( 'NONE',  ( 37.72555838147485474, -7.832828546790673307, -2.000000000000014655 ) ) ;
#6360 = EDGE_LOOP ( 'NONE', ( #7146, #3388, #3795, #6503 ) ) ;
#6361 = EDGE_LOOP ( 'NONE', ( #263, #553, #4322, #1385, #1339, #2311 ) ) ;
#6362 = DIRECTION ( 'NONE',  ( 4.891920202254595020E-16, 1.000000000000000000, 1.380205382051887209E-16 ) ) ;
#6363 = EDGE_CURVE ( 'NONE', #6003, #5083, #5612, .T. ) ;
#6364 = AXIS2_PLACEMENT_3D ( 'NONE', #368, #247, #7534 ) ;
#6365 = CARTESIAN_POINT ( 'NONE',  ( 5.939325556037078790, -30.90589826841160104, 0.5000000000000000000 ) ) ;
#6366 = ORIENTED_EDGE ( 'NONE', *, *, #4389, .T. ) ;
#6367 = CARTESIAN_POINT ( 'NONE',  ( 37.72555838147485474, -0.9338809330280339882, -2.000000000000011990 ) ) ;
#6368 = ADVANCED_FACE ( 'NONE', ( #5093 ), #7516, .T. ) ;
#6369 = CARTESIAN_POINT ( 'NONE',  ( 2.390344587278871114, -15.76479910009957131, -1.000000000000000000 ) ) ;
#6370 = CARTESIAN_POINT ( 'NONE',  ( 47.41152191279895334, 20.83273638186701504, -13.50000000000000533 ) ) ;
#6371 = CIRCLE ( 'NONE', #2099, 1.549999999999999378 ) ;
#6372 = VECTOR ( 'NONE', #1746, 1000.000000000000000 ) ;
#6373 = ORIENTED_EDGE ( 'NONE', *, *, #7500, .F. ) ;
#6374 = CARTESIAN_POINT ( 'NONE',  ( -1.609655412721123557, 10.57728446746353868, -2.000000000000011546 ) ) ;
#6375 = ORIENTED_EDGE ( 'NONE', *, *, #2077, .T. ) ;
#6376 = CARTESIAN_POINT ( 'NONE',  ( 1.335016159205053343, -43.23723148550483586, -4.663148035801217617 ) ) ;
#6377 = CARTESIAN_POINT ( 'NONE',  ( 20.87442686535597858, -36.87332770495793710, -1.000000000000000000 ) ) ;
#6378 = AXIS2_PLACEMENT_3D ( 'NONE', #6453, #481, #2873 ) ;
#6379 = DIRECTION ( 'NONE',  ( -2.191703603828919359E-17, -1.000000000000000000, 0.000000000000000000 ) ) ;
#6380 = ADVANCED_FACE ( 'NONE', ( #1537 ), #6169, .F. ) ;
#6381 = DIRECTION ( 'NONE',  ( 0.000000000000000000, 1.000000000000000000, 0.000000000000000000 ) ) ;
#6382 = CLOSED_SHELL ( 'NONE', ( #1833, #1168, #6262, #7001, #7689, #4342, #2756, #7401, #1813, #4491, #7772, #5519, #2388, #4586, #5999, #2980, #7008, #2455, #1629, #3812, #305, #133, #5401, #1871, #335, #2773, #7527, #2642, #5260, #3873, #6368, #3129, #7475, #6855, #1109, #2193, #5649, #4275, #1632, #2714, #4020, #5423, #7317, #291, #6789, #31, #5077, #3765, #1433, #3546, #2679, #6818, #2938, #3246, #7587, #7499, #5255, #3520, #4700, #4326, #5314, #437, #3034, #4382, #5188, #4924, #7532, #6217, #462, #6253, #4938, #1600, #5120, #7656, #6560, #2299, #2636, #4959, #4951, #2341, #5866, #4728, #7654, #2955, #2122, #1990, #6710, #6189, #4639, #7640, #686, #4221, #3808, #1279, #7218, #1285, #5310, #3410, #5990, #5661, #3711, #6461, #4832, #6012, #1950, #1555, #4600, #1525, #6925, #6068, #5669, #2349, #2674, #2203, #5052, #2293, #1187, #2796, #2097, #4572, #7740, #7442, #5112, #6974, #5590, #3562, #1976, #2500, #679, #3300, #3926, #2893, #2769, #2439, #6121, #1765, #5803, #1829, #2673, #1924, #3215, #1236, #1865, #2885, #288, #6813, #2621, #766, #7431, #10, #5391, #3598, #4434, #3807, #2975, #7583, #6665, #1713, #675, #2223, #3998, #4686, #5452, #4112, #6083, #5949, #79, #7408, #5302, #622, #1521, #4313, #6348, #438, #854, #1426, #6141, #5162, #7296, #4357, #849, #6230, #3425, #3065, #3685, #3188, #2378, #5335, #3267, #7161, #2313, #1012, #4829, #4156, #4141, #5110, #4442, #5763, #1253, #2599, #4629, #6135, #3184, #3452, #5495, #6380, #5744, #5889, #5069, #6611, #6278, #7167, #5005, #1464, #2740, #5621, #2151, #6101, #7540 ) ) ;
#6383 = CARTESIAN_POINT ( 'NONE',  ( 37.72555838147485474, -0.9338809330280339882, -1.000000000000000000 ) ) ;
#6384 = VERTEX_POINT ( 'NONE', #231 ) ;
#6385 = EDGE_CURVE ( 'NONE', #2882, #3366, #2627, .T. ) ;
#6386 = VECTOR ( 'NONE', #7114, 1000.000000000000000 ) ;
#6387 = DIRECTION ( 'NONE',  ( 1.000000000000000000, 0.000000000000000000, 0.000000000000000000 ) ) ;
#6388 = DIRECTION ( 'NONE',  ( 1.000000000000000000, -0.000000000000000000, -0.000000000000000000 ) ) ;
#6389 = LINE ( 'NONE', #3970, #5305 ) ;
#6390 = EDGE_CURVE ( 'NONE', #310, #5498, #1579, .T. ) ;
#6391 = CARTESIAN_POINT ( 'NONE',  ( 20.96600258867382394, -28.47553805887640621, 0.5000000000000000000 ) ) ;
#6392 = ORIENTED_EDGE ( 'NONE', *, *, #593, .F. ) ;
#6393 = VERTEX_POINT ( 'NONE', #4034 ) ;
#6394 = CARTESIAN_POINT ( 'NONE',  ( 13.06525598463520765, -36.41496353827751165, -1.000000000000000000 ) ) ;
#6395 = CARTESIAN_POINT ( 'NONE',  ( 44.36295186973670468, -10.37268082840335559, -1.000000000000000000 ) ) ;
#6396 = DIRECTION ( 'NONE',  ( -0.000000000000000000, -0.000000000000000000, -1.000000000000000000 ) ) ;
#6397 = CARTESIAN_POINT ( 'NONE',  ( 15.82346517789386198, -32.09278179678273801, 1.000000000000000000 ) ) ;
#6398 = EDGE_CURVE ( 'NONE', #2346, #6954, #2241, .T. ) ;
#6399 = DIRECTION ( 'NONE',  ( -1.000000000000000000, -1.992348122922286670E-33, 8.042586066086100112E-17 ) ) ;
#6400 = ORIENTED_EDGE ( 'NONE', *, *, #5898, .F. ) ;
#6401 = CARTESIAN_POINT ( 'NONE',  ( 49.00749553206704690, 12.65288649460165438, -1.000000000000000000 ) ) ;
#6402 = LINE ( 'NONE', #2272, #6069 ) ;
#6403 = CIRCLE ( 'NONE', #1131, 0.7999999999999292122 ) ;
#6404 = DIRECTION ( 'NONE',  ( -8.042586066086100112E-17, 0.000000000000000000, -1.000000000000000000 ) ) ;
#6405 = ORIENTED_EDGE ( 'NONE', *, *, #7723, .T. ) ;
#6406 = EDGE_CURVE ( 'NONE', #2335, #1212, #3486, .T. ) ;
#6407 = CARTESIAN_POINT ( 'NONE',  ( 5.244661170604592471, -31.18954201438289076, 0.9999999999999995559 ) ) ;
#6408 = CARTESIAN_POINT ( 'NONE',  ( 36.03106969813007510, 15.31055444116484487, -9.592411343199959362 ) ) ;
#6409 = VERTEX_POINT ( 'NONE', #2159 ) ;
#6410 = LINE ( 'NONE', #3409, #640 ) ;
#6411 = ORIENTED_EDGE ( 'NONE', *, *, #2298, .T. ) ;
#6412 = LINE ( 'NONE', #6965, #4780 ) ;
#6413 = DIRECTION ( 'NONE',  ( -0.000000000000000000, -0.000000000000000000, 1.000000000000000000 ) ) ;
#6414 = CIRCLE ( 'NONE', #7415, 3.000000000000000000 ) ;
#6415 = CARTESIAN_POINT ( 'NONE',  ( 13.64555109937929345, -35.33056105018114579, 1.000000000000000000 ) ) ;
#6416 = DIRECTION ( 'NONE',  ( 0.000000000000000000, 0.000000000000000000, 1.000000000000000000 ) ) ;
#6417 = VECTOR ( 'NONE', #1627, 1000.000000000000000 ) ;
#6418 = DIRECTION ( 'NONE',  ( -1.000000000000000000, 0.000000000000000000, 0.000000000000000000 ) ) ;
#6419 = EDGE_LOOP ( 'NONE', ( #5731, #5294, #7041, #1065, #5780, #7039, #747, #1025, #2032, #530, #820, #6725, #3115, #1310, #5936, #2155, #4876, #4720, #303, #1771, #5753, #1137, #7341, #7560, #4522, #2738, #7144, #2716, #6678, #7177, #6144, #2860, #1554, #2180, #3063, #3561, #2325, #5641, #7572, #242, #5917, #474, #2765, #2578, #2297, #4441, #1741, #2968, #1149, #3566, #7104, #5849, #2958, #5088, #4582, #4276, #881 ) ) ;
#6420 = CARTESIAN_POINT ( 'NONE',  ( 44.22735356466323964, -45.61841504291471949, -1.000000000000000000 ) ) ;
#6421 = CARTESIAN_POINT ( 'NONE',  ( 24.58969052196302130, -34.77609558663891676, 0.5000000000000000000 ) ) ;
#6422 = EDGE_CURVE ( 'NONE', #3553, #7287, #6125, .T. ) ;
#6423 = LINE ( 'NONE', #5834, #160 ) ;
#6424 = CIRCLE ( 'NONE', #7562, 4.999999999999997335 ) ;
#6425 = ORIENTED_EDGE ( 'NONE', *, *, #1194, .F. ) ;
#6426 = ORIENTED_EDGE ( 'NONE', *, *, #7508, .F. ) ;
#6427 = AXIS2_PLACEMENT_3D ( 'NONE', #1601, #4607, #7024 ) ;
#6428 = DIRECTION ( 'NONE',  ( -1.000000000000000000, 2.191703603828919359E-17, 0.000000000000000000 ) ) ;
#6429 = CARTESIAN_POINT ( 'NONE',  ( 10.85983982578387241, -28.46468362407601660, 0.5000000000000001110 ) ) ;
#6430 = CARTESIAN_POINT ( 'NONE',  ( 16.32252015395456368, -32.13384690551165335, 1.000000000000000000 ) ) ;
#6431 = EDGE_CURVE ( 'NONE', #2062, #3167, #734, .T. ) ;
#6432 = CARTESIAN_POINT ( 'NONE',  ( 12.74928301024631416, -36.68418493466880648, -1.000000000000000000 ) ) ;
#6433 = AXIS2_PLACEMENT_3D ( 'NONE', #3449, #2868, #5976 ) ;
#6434 = LINE ( 'NONE', #1087, #4862 ) ;
#6435 = ORIENTED_EDGE ( 'NONE', *, *, #5828, .T. ) ;
#6436 = CARTESIAN_POINT ( 'NONE',  ( 21.73214898378775217, -28.45787019115513772, -1.000000000000000000 ) ) ;
#6437 = CARTESIAN_POINT ( 'NONE',  ( 5.644693691445203498, 11.54623778400322109, -9.592411343199959362 ) ) ;
#6438 = CARTESIAN_POINT ( 'NONE',  ( 9.137011468222226540, -37.01595557303904371, 1.000000000000000000 ) ) ;
#6439 = VERTEX_POINT ( 'NONE', #4110 ) ;
#6440 = CIRCLE ( 'NONE', #4166, 4.999999999999997335 ) ;
#6441 = CYLINDRICAL_SURFACE ( 'NONE', #6596, 1.000000000000000000 ) ;
#6442 = DIRECTION ( 'NONE',  ( 1.000000000000000000, -0.000000000000000000, -0.000000000000000000 ) ) ;
#6443 = CARTESIAN_POINT ( 'NONE',  ( 49.00749553206704690, 12.65288649460165438, -11.50000000000000000 ) ) ;
#6444 = ORIENTED_EDGE ( 'NONE', *, *, #3852, .F. ) ;
#6445 = DIRECTION ( 'NONE',  ( 1.012926086421548048E-15, -1.000000000000000000, -0.000000000000000000 ) ) ;
#6446 = EDGE_CURVE ( 'NONE', #811, #39, #4544, .T. ) ;
#6447 = ORIENTED_EDGE ( 'NONE', *, *, #3079, .T. ) ;
#6448 = VECTOR ( 'NONE', #5708, 1000.000000000000000 ) ;
#6449 = DIRECTION ( 'NONE',  ( 0.000000000000000000, 0.000000000000000000, -1.000000000000000000 ) ) ;
#6450 = DIRECTION ( 'NONE',  ( -1.000000000000000000, 0.000000000000000000, 0.000000000000000000 ) ) ;
#6451 = DIRECTION ( 'NONE',  ( -0.000000000000000000, -1.000000000000000000, -0.000000000000000000 ) ) ;
#6452 = CARTESIAN_POINT ( 'NONE',  ( 12.71763840816227820, -36.69081636792130752, 0.5000000000000000000 ) ) ;
#6453 = CARTESIAN_POINT ( 'NONE',  ( 42.75536511354717817, -31.38865712849714384, -12.49449136354196099 ) ) ;
#6454 = CYLINDRICAL_SURFACE ( 'NONE', #6154, 0.7999999999999994893 ) ;
#6455 = ORIENTED_EDGE ( 'NONE', *, *, #1194, .T. ) ;
#6456 = CARTESIAN_POINT ( 'NONE',  ( 37.72555838147485474, -7.832828546790675084, -1.000000000000000000 ) ) ;
#6457 = CARTESIAN_POINT ( 'NONE',  ( -3.609655412721123557, -23.25500368935529139, -8.211502062182216122 ) ) ;
#6458 = ORIENTED_EDGE ( 'NONE', *, *, #2543, .F. ) ;
#6459 = LINE ( 'NONE', #4126, #7453 ) ;
#6460 = CARTESIAN_POINT ( 'NONE',  ( 5.443766477962407535, -38.75495671797978758, -4.663148035801217617 ) ) ;
#6461 = ADVANCED_FACE ( 'NONE', ( #2904, #5254 ), #1135, .T. ) ;
#6462 = EDGE_LOOP ( 'NONE', ( #1394, #4506, #223, #7193 ) ) ;
#6463 = ORIENTED_EDGE ( 'NONE', *, *, #3348, .T. ) ;
#6464 = DIRECTION ( 'NONE',  ( -1.000000000000000000, 0.000000000000000000, 0.000000000000000000 ) ) ;
#6465 = DIRECTION ( 'NONE',  ( 0.000000000000000000, 0.000000000000000000, 1.000000000000000000 ) ) ;
#6466 = CARTESIAN_POINT ( 'NONE',  ( 17.26904020270622908, -34.57892270057081419, 0.5000000000000000000 ) ) ;
#6467 = LINE ( 'NONE', #1083, #3956 ) ;
#6468 = DIRECTION ( 'NONE',  ( 1.000000000000000000, 0.000000000000000000, -8.042586066086100112E-17 ) ) ;
#6469 = EDGE_CURVE ( 'NONE', #6812, #5958, #985, .T. ) ;
#6470 = CARTESIAN_POINT ( 'NONE',  ( 42.50367785261521192, 4.686048302902208640, -1.000000000000000000 ) ) ;
#6471 = VERTEX_POINT ( 'NONE', #1098 ) ;
#6472 = LINE ( 'NONE', #2189, #2277 ) ;
#6473 = EDGE_CURVE ( 'NONE', #4377, #1738, #7555, .T. ) ;
#6474 = EDGE_LOOP ( 'NONE', ( #2670, #589, #4910, #5353 ) ) ;
#6475 = CARTESIAN_POINT ( 'NONE',  ( 18.61783037392579132, -29.34621341230523228, -1.000000000000000000 ) ) ;
#6476 = CARTESIAN_POINT ( 'NONE',  ( 12.73013808176189343, -37.27979217251998989, 1.000000000000000000 ) ) ;
#6477 = ORIENTED_EDGE ( 'NONE', *, *, #6729, .T. ) ;
#6478 = VECTOR ( 'NONE', #5529, 1000.000000000000000 ) ;
#6479 = LINE ( 'NONE', #1095, #1082 ) ;
#6480 = EDGE_CURVE ( 'NONE', #2925, #5106, #7265, .T. ) ;
#6481 = DIRECTION ( 'NONE',  ( -1.000000000000000000, 0.000000000000000000, 0.000000000000000000 ) ) ;
#6482 = DIRECTION ( 'NONE',  ( 0.000000000000000000, 0.000000000000000000, 1.000000000000000000 ) ) ;
#6483 = ORIENTED_EDGE ( 'NONE', *, *, #3667, .T. ) ;
#6484 = CARTESIAN_POINT ( 'NONE',  ( -1.204051997367888704, -43.39270566921909733, -13.38220878462795582 ) ) ;
#6485 = EDGE_LOOP ( 'NONE', ( #1126, #6455, #3929, #5523, #345 ) ) ;
#6486 = VECTOR ( 'NONE', #5595, 1000.000000000000000 ) ;
#6487 = DIRECTION ( 'NONE',  ( -1.000000000000000000, 1.658554010794165570E-16, 0.000000000000000000 ) ) ;
#6488 = PLANE ( 'NONE',  #2661 ) ;
#6489 = CYLINDRICAL_SURFACE ( 'NONE', #7741, 2.999999999999999556 ) ;
#6490 = EDGE_CURVE ( 'NONE', #7528, #5297, #1481, .T. ) ;
#6491 = AXIS2_PLACEMENT_3D ( 'NONE', #6767, #4802, #1393 ) ;
#6492 = EDGE_CURVE ( 'NONE', #3045, #354, #2199, .T. ) ;
#6493 = DIRECTION ( 'NONE',  ( -1.000000000000000000, 0.000000000000000000, -0.000000000000000000 ) ) ;
#6494 = LINE ( 'NONE', #7162, #4379 ) ;
#6495 = ORIENTED_EDGE ( 'NONE', *, *, #325, .F. ) ;
#6496 = VECTOR ( 'NONE', #4948, 1000.000000000000000 ) ;
#6497 = CARTESIAN_POINT ( 'NONE',  ( 22.27077769496877480, -28.61754856485995901, 0.5000000000000000000 ) ) ;
#6498 = CIRCLE ( 'NONE', #2355, 3.000000000000002665 ) ;
#6499 = CARTESIAN_POINT ( 'NONE',  ( 7.195018997908690928, 22.74374527427766068, -9.592411343199959362 ) ) ;
#6500 = EDGE_CURVE ( 'NONE', #5322, #7757, #3991, .T. ) ;
#6501 = ORIENTED_EDGE ( 'NONE', *, *, #6335, .T. ) ;
#6502 = CIRCLE ( 'NONE', #5747, 2.999999999999994671 ) ;
#6503 = ORIENTED_EDGE ( 'NONE', *, *, #4081, .F. ) ;
#6504 = VERTEX_POINT ( 'NONE', #6443 ) ;
#6505 = CARTESIAN_POINT ( 'NONE',  ( 13.84368180226292289, -31.96617057335596357, -1.000000000000000000 ) ) ;
#6506 = FACE_OUTER_BOUND ( 'NONE', #4202, .T. ) ;
#6507 = VECTOR ( 'NONE', #5648, 1000.000000000000000 ) ;
#6508 = CARTESIAN_POINT ( 'NONE',  ( 20.50322519400813093, -37.25846902707064601, 1.000000000000000000 ) ) ;
#6509 = CARTESIAN_POINT ( 'NONE',  ( 45.68722585882243692, 19.14266193162950103, -1.000000000000000888 ) ) ;
#6510 = LINE ( 'NONE', #616, #3601 ) ;
#6511 = VERTEX_POINT ( 'NONE', #1061 ) ;
#6512 = CARTESIAN_POINT ( 'NONE',  ( -1.609655412721121781, -41.11841504291472660, -13.43649167310370629 ) ) ;
#6513 = CARTESIAN_POINT ( 'NONE',  ( 48.00806037650425395, -8.626537619883473340, -11.50000000000000000 ) ) ;
#6514 = EDGE_CURVE ( 'NONE', #5909, #1851, #3406, .T. ) ;
#6515 = CARTESIAN_POINT ( 'NONE',  ( 9.088979914291845930, -36.43331680694419816, 0.5000000000000000000 ) ) ;
#6516 = ORIENTED_EDGE ( 'NONE', *, *, #2710, .T. ) ;
#6517 = VECTOR ( 'NONE', #1428, 1000.000000000000000 ) ;
#6518 = PLANE ( 'NONE',  #3818 ) ;
#6519 = EDGE_CURVE ( 'NONE', #4548, #401, #2823, .T. ) ;
#6520 = CARTESIAN_POINT ( 'NONE',  ( 24.01864339560688677, 15.31055444116484487, -9.592411343199959362 ) ) ;
#6521 = ORIENTED_EDGE ( 'NONE', *, *, #3479, .T. ) ;
#6522 = CARTESIAN_POINT ( 'NONE',  ( 2.126301985302148534, -45.61841504291471949, -13.42115345235057688 ) ) ;
#6523 = ORIENTED_EDGE ( 'NONE', *, *, #7378, .T. ) ;
#6524 = DIRECTION ( 'NONE',  ( 0.000000000000000000, 1.000000000000000000, 0.000000000000000000 ) ) ;
#6525 = DIRECTION ( 'NONE',  ( 0.000000000000000000, 0.000000000000000000, -1.000000000000000000 ) ) ;
#6526 = ORIENTED_EDGE ( 'NONE', *, *, #5716, .T. ) ;
#6527 = CARTESIAN_POINT ( 'NONE',  ( 13.53840682492593395, -29.94794777543135211, 1.000000000000000000 ) ) ;
#6528 = CIRCLE ( 'NONE', #5135, 1.000000000000000000 ) ;
#6529 = EDGE_CURVE ( 'NONE', #4089, #7115, #5853, .T. ) ;
#6530 = FACE_OUTER_BOUND ( 'NONE', #3232, .T. ) ;
#6531 = PLANE ( 'NONE',  #4005 ) ;
#6532 = EDGE_LOOP ( 'NONE', ( #3233, #4596, #351, #4540 ) ) ;
#6533 = AXIS2_PLACEMENT_3D ( 'NONE', #5735, #948, #2629 ) ;
#6534 = CARTESIAN_POINT ( 'NONE',  ( 24.46425207874406027, -31.51354239401262802, 0.5000000000000000000 ) ) ;
#6535 = LINE ( 'NONE', #3356, #1160 ) ;
#6536 = DIRECTION ( 'NONE',  ( 0.000000000000000000, 1.000000000000000000, 0.000000000000000000 ) ) ;
#6537 = DIRECTION ( 'NONE',  ( 0.000000000000000000, 0.000000000000000000, -1.000000000000000000 ) ) ;
#6538 = VERTEX_POINT ( 'NONE', #5330 ) ;
#6539 = VERTEX_POINT ( 'NONE', #5973 ) ;
#6540 = ORIENTED_EDGE ( 'NONE', *, *, #7763, .F. ) ;
#6541 = CARTESIAN_POINT ( 'NONE',  ( 40.97104298065090688, -25.67721764505392912, -1.000000000000000000 ) ) ;
#6542 = DIRECTION ( 'NONE',  ( -8.042586066086101344E-17, -3.070295484789979924E-17, -1.000000000000000000 ) ) ;
#6543 = EDGE_CURVE ( 'NONE', #181, #5057, #1210, .T. ) ;
#6544 = AXIS2_PLACEMENT_3D ( 'NONE', #6863, #1569, #6237 ) ;
#6545 = CARTESIAN_POINT ( 'NONE',  ( 2.390344587278904420, 22.74374527427766068, -1.000000000000000000 ) ) ;
#6546 = DIRECTION ( 'NONE',  ( -3.199285099137554407E-16, 1.000000000000000000, 0.000000000000000000 ) ) ;
#6547 = AXIS2_PLACEMENT_3D ( 'NONE', #6350, #7097, #3975 ) ;
#6548 =( BOUNDED_CURVE ( )  B_SPLINE_CURVE ( 3, ( #347, #3948, #2743, #5131 ),
 .UNSPECIFIED., .F., .T. ) 
 B_SPLINE_CURVE_WITH_KNOTS ( ( 4, 4 ),
 ( 1.570796326794896558, 4.712388980384689674 ),
 .UNSPECIFIED. ) 
 CURVE ( )  GEOMETRIC_REPRESENTATION_ITEM ( )  RATIONAL_B_SPLINE_CURVE ( ( 1.000000000000000000, 0.3333333333333333703, 0.3333333333333333703, 1.000000000000000000 ) ) 
 REPRESENTATION_ITEM ( '' )  );
#6549 = CARTESIAN_POINT ( 'NONE',  ( 2.390344587278905308, -45.61841504291471239, -13.42912948050400956 ) ) ;
#6550 = CARTESIAN_POINT ( 'NONE',  ( 40.02555838147497980, 11.63520089990043260, 1.000000000000000000 ) ) ;
#6551 = DIRECTION ( 'NONE',  ( -1.000000000000000000, 7.083454193571972031E-15, 0.000000000000000000 ) ) ;
#6552 = ORIENTED_EDGE ( 'NONE', *, *, #1703, .F. ) ;
#6553 = VECTOR ( 'NONE', #35, 1000.000000000000000 ) ;
#6554 = LINE ( 'NONE', #7113, #3696 ) ;
#6555 = LINE ( 'NONE', #1176, #7765 ) ;
#6556 = EDGE_CURVE ( 'NONE', #7293, #5571, #7266, .T. ) ;
#6557 = CARTESIAN_POINT ( 'NONE',  ( -0.2525260885774072706, -44.63226365659064498, -13.37083411179680859 ) ) ;
#6558 = ORIENTED_EDGE ( 'NONE', *, *, #7192, .T. ) ;
#6559 = DIRECTION ( 'NONE',  ( 0.000000000000000000, -1.000000000000000000, -0.000000000000000000 ) ) ;
#6560 = ADVANCED_FACE ( 'NONE', ( #2940 ), #6744, .T. ) ;
#6561 = AXIS2_PLACEMENT_3D ( 'NONE', #6666, #7222, #5441 ) ;
#6562 = CARTESIAN_POINT ( 'NONE',  ( 10.63354086601906978, -43.29767075805705900, -6.201502112509220233 ) ) ;
#6563 = ORIENTED_EDGE ( 'NONE', *, *, #2724, .F. ) ;
#6564 = CARTESIAN_POINT ( 'NONE',  ( 13.94952427424030361, -33.49918859561252305, 1.000000000000000000 ) ) ;
#6565 = DIRECTION ( 'NONE',  ( -1.000000000000000000, 1.668303327435289349E-16, 8.042586066086100112E-17 ) ) ;
#6566 = AXIS2_PLACEMENT_3D ( 'NONE', #6513, #2897, #2347 ) ;
#6567 = DIRECTION ( 'NONE',  ( 1.000000000000000000, 0.000000000000000000, 0.000000000000000000 ) ) ;
#6568 = ORIENTED_EDGE ( 'NONE', *, *, #3959, .T. ) ;
#6569 = CARTESIAN_POINT ( 'NONE',  ( 24.33244122148813915, -29.94777652264664880, 1.000000000000000000 ) ) ;
#6570 = EDGE_CURVE ( 'NONE', #4142, #181, #587, .T. ) ;
#6571 = FACE_OUTER_BOUND ( 'NONE', #568, .T. ) ;
#6572 = CARTESIAN_POINT ( 'NONE',  ( 12.60063886923940224, -36.76720643229104724, 0.4999999999999997780 ) ) ;
#6573 = LINE ( 'NONE', #6460, #1972 ) ;
#6574 = ORIENTED_EDGE ( 'NONE', *, *, #7307, .T. ) ;
#6575 = ORIENTED_EDGE ( 'NONE', *, *, #3484, .T. ) ;
#6576 = VERTEX_POINT ( 'NONE', #706 ) ;
#6577 = CARTESIAN_POINT ( 'NONE',  ( 44.48286430354961141, -41.11841504291471949, -2.000000000000000000 ) ) ;
#6578 = CARTESIAN_POINT ( 'NONE',  ( 44.48286430354961141, -41.11841504291471949, 1.000000000000000000 ) ) ;
#6579 = EDGE_CURVE ( 'NONE', #1245, #86, #7226, .T. ) ;
#6580 = CARTESIAN_POINT ( 'NONE',  ( 7.275476531038713723, -35.92793051457322662, 1.000000000000000000 ) ) ;
#6581 = EDGE_CURVE ( 'NONE', #5965, #2563, #627, .T. ) ;
#6582 = EDGE_CURVE ( 'NONE', #39, #7318, #5366, .T. ) ;
#6583 = CARTESIAN_POINT ( 'NONE',  ( 6.384900152022529696, -30.35885743927674696, -1.000000000000000000 ) ) ;
#6584 = CARTESIAN_POINT ( 'NONE',  ( 10.28016043508238830, -28.44346479849404830, -1.000000000000000444 ) ) ;
#6585 = FACE_OUTER_BOUND ( 'NONE', #534, .T. ) ;
#6586 = DIRECTION ( 'NONE',  ( -0.000000000000000000, -0.000000000000000000, 1.000000000000000000 ) ) ;
#6587 = LINE ( 'NONE', #6010, #6311 ) ;
#6588 = ORIENTED_EDGE ( 'NONE', *, *, #7726, .T. ) ;
#6589 = CYLINDRICAL_SURFACE ( 'NONE', #834, 0.8000000000000055955 ) ;
#6590 = AXIS2_PLACEMENT_3D ( 'NONE', #6885, #3877, #1422 ) ;
#6591 = CARTESIAN_POINT ( 'NONE',  ( 42.75536511354717817, -25.67721764505392912, -12.49449136354196099 ) ) ;
#6592 = CARTESIAN_POINT ( 'NONE',  ( 9.625558381474968783, 11.63520089990043260, 0.000000000000000000 ) ) ;
#6593 = ORIENTED_EDGE ( 'NONE', *, *, #4191, .F. ) ;
#6594 = FACE_BOUND ( 'NONE', #6034, .T. ) ;
#6595 = CARTESIAN_POINT ( 'NONE',  ( 9.833540866019065518, -43.29767075805705900, -6.201502112509220233 ) ) ;
#6596 = AXIS2_PLACEMENT_3D ( 'NONE', #5210, #5292, #1656 ) ;
#6597 = DIRECTION ( 'NONE',  ( 1.000000000000000000, 0.000000000000000000, 0.000000000000000000 ) ) ;
#6598 = ORIENTED_EDGE ( 'NONE', *, *, #2304, .F. ) ;
#6599 = CARTESIAN_POINT ( 'NONE',  ( 11.10724855176818338, -28.50575292751262069, 1.000000000000003997 ) ) ;
#6600 = DIRECTION ( 'NONE',  ( 0.000000000000000000, -1.000000000000000000, 0.000000000000000000 ) ) ;
#6601 = VECTOR ( 'NONE', #336, 1000.000000000000000 ) ;
#6602 = DIRECTION ( 'NONE',  ( -1.000000000000000000, -6.938893903907221278E-15, -0.000000000000000000 ) ) ;
#6603 = ORIENTED_EDGE ( 'NONE', *, *, #654, .F. ) ;
#6604 = CARTESIAN_POINT ( 'NONE',  ( 25.19637897079587674, -32.57561429015240861, 1.000000000000000000 ) ) ;
#6605 = DIRECTION ( 'NONE',  ( 0.000000000000000000, 0.000000000000000000, -1.000000000000000000 ) ) ;
#6606 = EDGE_CURVE ( 'NONE', #1610, #1035, #6630, .T. ) ;
#6607 = VECTOR ( 'NONE', #6442, 1000.000000000000000 ) ;
#6608 = CARTESIAN_POINT ( 'NONE',  ( 40.97104298065090688, -25.67721764505392912, -4.163148035801221170 ) ) ;
#6609 = LINE ( 'NONE', #6031, #2978 ) ;
#6610 = EDGE_LOOP ( 'NONE', ( #6768, #6628, #3900, #3502, #6782 ) ) ;
#6611 = ADVANCED_FACE ( 'NONE', ( #4854 ), #5445, .T. ) ;
#6612 = AXIS2_PLACEMENT_3D ( 'NONE', #7328, #5667, #3187 ) ;
#6613 = ORIENTED_EDGE ( 'NONE', *, *, #3367, .T. ) ;
#6614 = VECTOR ( 'NONE', #4716, 1000.000000000000000 ) ;
#6615 = LINE ( 'NONE', #1233, #3724 ) ;
#6616 = DIRECTION ( 'NONE',  ( -1.000000000000000000, 0.000000000000000000, 0.000000000000000000 ) ) ;
#6617 = CARTESIAN_POINT ( 'NONE',  ( 12.82033012497712221, -27.06847516654442032, -1.000000000000000000 ) ) ;
#6618 = EDGE_CURVE ( 'NONE', #1444, #2757, #3357, .T. ) ;
#6619 = CARTESIAN_POINT ( 'NONE',  ( -3.109655412721123557, -23.25500368935529139, -8.211502062182216122 ) ) ;
#6620 = CARTESIAN_POINT ( 'NONE',  ( 39.86812483162726295, 1.876083684937086327, -9.451567670042738456 ) ) ;
#6621 = ORIENTED_EDGE ( 'NONE', *, *, #6702, .T. ) ;
#6622 = CARTESIAN_POINT ( 'NONE',  ( 12.87570095522305458, -29.79416444145359222, 0.5000000000000000000 ) ) ;
#6623 = ORIENTED_EDGE ( 'NONE', *, *, #3328, .T. ) ;
#6624 = DIRECTION ( 'NONE',  ( 0.000000000000000000, 0.000000000000000000, 1.000000000000000000 ) ) ;
#6625 = AXIS2_PLACEMENT_3D ( 'NONE', #7340, #896, #1403 ) ;
#6626 = DIRECTION ( 'NONE',  ( -1.453169479452032859E-16, -0.000000000000000000, -1.000000000000000000 ) ) ;
#6627 = CARTESIAN_POINT ( 'NONE',  ( 9.625558381474968783, 11.63520089990043260, 0.000000000000000000 ) ) ;
#6628 = ORIENTED_EDGE ( 'NONE', *, *, #7392, .F. ) ;
#6629 = CARTESIAN_POINT ( 'NONE',  ( 8.202730447109999545, 15.31055444116485198, -9.592411343199959362 ) ) ;
#6630 = LINE ( 'NONE', #2977, #4731 ) ;
#6631 = FACE_OUTER_BOUND ( 'NONE', #2865, .T. ) ;
#6632 = VERTEX_POINT ( 'NONE', #3592 ) ;
#6633 = CARTESIAN_POINT ( 'NONE',  ( 48.00806037650425395, -14.80302503274316628, -11.50000000000000000 ) ) ;
#6634 = DIRECTION ( 'NONE',  ( -8.042586066086100112E-17, -3.070295484789979924E-17, -1.000000000000000000 ) ) ;
#6635 = EDGE_CURVE ( 'NONE', #4039, #1790, #6555, .T. ) ;
#6636 = DIRECTION ( 'NONE',  ( -8.042586066086100112E-17, -3.070295484789979924E-17, -1.000000000000000000 ) ) ;
#6637 = ORIENTED_EDGE ( 'NONE', *, *, #2811, .T. ) ;
#6638 = ORIENTED_EDGE ( 'NONE', *, *, #6957, .F. ) ;
#6639 =( BOUNDED_CURVE ( )  B_SPLINE_CURVE ( 3, ( #7691, #1002, #2294, #4715 ),
 .UNSPECIFIED., .F., .T. ) 
 B_SPLINE_CURVE_WITH_KNOTS ( ( 4, 4 ),
 ( 4.712388980384689674, 7.853981633974482790 ),
 .UNSPECIFIED. ) 
 CURVE ( )  GEOMETRIC_REPRESENTATION_ITEM ( )  RATIONAL_B_SPLINE_CURVE ( ( 1.000000000000000000, 0.3333333333333333703, 0.3333333333333333703, 1.000000000000000000 ) ) 
 REPRESENTATION_ITEM ( '' )  );
#6640 = CARTESIAN_POINT ( 'NONE',  ( 13.91510112018428735, -34.07229753369407632, 1.000000000000000000 ) ) ;
#6641 = FACE_OUTER_BOUND ( 'NONE', #3185, .T. ) ;
#6642 = CARTESIAN_POINT ( 'NONE',  ( 49.18491708522419259, -14.80302503274316628, -1.000000000000000000 ) ) ;
#6643 = ORIENTED_EDGE ( 'NONE', *, *, #4528, .T. ) ;
#6644 = CARTESIAN_POINT ( 'NONE',  ( 24.54228702579807120, -31.79122195785281946, 0.5000000000000000000 ) ) ;
#6645 = CYLINDRICAL_SURFACE ( 'NONE', #3023, 0.7999999999999994893 ) ;
#6646 = CIRCLE ( 'NONE', #5001, 2.000000000000001776 ) ;
#6647 = CARTESIAN_POINT ( 'NONE',  ( 5.757097221579333457, -31.25988824897900997, 0.5000000000000002220 ) ) ;
#6648 = DIRECTION ( 'NONE',  ( -1.000000000000000000, 0.000000000000000000, 0.000000000000000000 ) ) ;
#6649 = VERTEX_POINT ( 'NONE', #1878 ) ;
#6650 = VECTOR ( 'NONE', #43, 1000.000000000000000 ) ;
#6651 = ORIENTED_EDGE ( 'NONE', *, *, #2815, .T. ) ;
#6652 = ORIENTED_EDGE ( 'NONE', *, *, #1156, .T. ) ;
#6653 = FACE_OUTER_BOUND ( 'NONE', #6743, .T. ) ;
#6654 = ORIENTED_EDGE ( 'NONE', *, *, #2198, .T. ) ;
#6655 = DIRECTION ( 'NONE',  ( 0.000000000000000000, -1.000000000000000000, -0.000000000000000000 ) ) ;
#6656 = EDGE_CURVE ( 'NONE', #2047, #5498, #3846, .T. ) ;
#6657 = CARTESIAN_POINT ( 'NONE',  ( 5.104856322897819432, -31.63246107182641964, 1.000000000000000000 ) ) ;
#6658 = PLANE ( 'NONE',  #6491 ) ;
#6659 = CARTESIAN_POINT ( 'NONE',  ( 8.884817161846983780, -28.84632543663909132, 0.5000000000000000000 ) ) ;
#6660 = ORIENTED_EDGE ( 'NONE', *, *, #4204, .T. ) ;
#6661 = AXIS2_PLACEMENT_3D ( 'NONE', #1666, #4742, #6525 ) ;
#6662 = VECTOR ( 'NONE', #3131, 1000.000000000000000 ) ;
#6663 = PLANE ( 'NONE',  #2401 ) ;
#6664 = DIRECTION ( 'NONE',  ( 0.000000000000000000, 1.000000000000000000, 0.000000000000000000 ) ) ;
#6665 = ADVANCED_FACE ( 'NONE', ( #6087 ), #2507, .F. ) ;
#6666 = CARTESIAN_POINT ( 'NONE',  ( 39.86812483162726295, 1.876083684937086327, -2.000000000000012879 ) ) ;
#6667 = ORIENTED_EDGE ( 'NONE', *, *, #892, .F. ) ;
#6668 = CARTESIAN_POINT ( 'NONE',  ( 23.78502260796133783, -37.10930952139289474, 1.000000000000000000 ) ) ;
#6669 = VECTOR ( 'NONE', #3996, 1000.000000000000000 ) ;
#6670 = LINE ( 'NONE', #1291, #860 ) ;
#6671 = DIRECTION ( 'NONE',  ( 0.000000000000000000, -1.000000000000000000, 0.000000000000000000 ) ) ;
#6672 = ORIENTED_EDGE ( 'NONE', *, *, #6606, .F. ) ;
#6673 = EDGE_CURVE ( 'NONE', #1006, #4413, #1807, .T. ) ;
#6674 = CARTESIAN_POINT ( 'NONE',  ( 22.69196348267266572, -37.01369080826662383, 1.000000000000000888 ) ) ;
#6675 = AXIS2_PLACEMENT_3D ( 'NONE', #7539, #4198, #5158 ) ;
#6676 = EDGE_CURVE ( 'NONE', #1755, #1614, #4299, .T. ) ;
#6677 = CARTESIAN_POINT ( 'NONE',  ( 44.27741491030282361, 21.24374527427767134, 1.000000000000000000 ) ) ;
#6678 = ORIENTED_EDGE ( 'NONE', *, *, #6469, .T. ) ;
#6679 = CARTESIAN_POINT ( 'NONE',  ( 13.91510112004970345, -34.07229753368599745, 0.5000000000000000000 ) ) ;
#6680 = FACE_OUTER_BOUND ( 'NONE', #4946, .T. ) ;
#6681 = EDGE_CURVE ( 'NONE', #6339, #5844, #6670, .T. ) ;
#6682 = CARTESIAN_POINT ( 'NONE',  ( 22.30766069958587750, -28.09872070368404451, 1.000000000000000222 ) ) ;
#6683 = ORIENTED_EDGE ( 'NONE', *, *, #4263, .T. ) ;
#6684 = CARTESIAN_POINT ( 'NONE',  ( 18.44850692972575246, -28.86623677653495790, 1.000000000000000000 ) ) ;
#6685 = LINE ( 'NONE', #46, #3391 ) ;
#6686 = CARTESIAN_POINT ( 'NONE',  ( 5.688719598570600056, -33.29019649443070961, 0.5000000000000000000 ) ) ;
#6687 = VECTOR ( 'NONE', #3423, 1000.000000000000000 ) ;
#6688 = PLANE ( 'NONE',  #7002 ) ;
#6689 = ORIENTED_EDGE ( 'NONE', *, *, #1115, .T. ) ;
#6690 = EDGE_LOOP ( 'NONE', ( #6032, #448, #5295, #6145 ) ) ;
#6691 = ORIENTED_EDGE ( 'NONE', *, *, #1638, .T. ) ;
#6692 = CARTESIAN_POINT ( 'NONE',  ( 39.86812483162726295, 1.876083684937086327, -9.451567670042738456 ) ) ;
#6693 = LINE ( 'NONE', #6730, #82 ) ;
#6694 = EDGE_CURVE ( 'NONE', #6409, #1889, #2842, .T. ) ;
#6695 = CARTESIAN_POINT ( 'NONE',  ( 44.48286430354956877, -47.11841504291472660, -2.000000000000000000 ) ) ;
#6696 = ORIENTED_EDGE ( 'NONE', *, *, #3122, .F. ) ;
#6697 = CARTESIAN_POINT ( 'NONE',  ( 13.53764704067831737, -35.64737472619520986, 0.5000000000000000000 ) ) ;
#6698 = ORIENTED_EDGE ( 'NONE', *, *, #1769, .F. ) ;
#6699 = LINE ( 'NONE', #5439, #2525 ) ;
#6700 = CARTESIAN_POINT ( 'NONE',  ( 12.82033012497712221, -21.98944555883515051, -1.000000000000000000 ) ) ;
#6701 = DIRECTION ( 'NONE',  ( 0.000000000000000000, -0.000000000000000000, 1.000000000000000000 ) ) ;
#6702 = EDGE_CURVE ( 'NONE', #5343, #6022, #2240, .T. ) ;
#6703 = LINE ( 'NONE', #1362, #1456 ) ;
#6704 = DIRECTION ( 'NONE',  ( 2.132856732758369851E-16, -1.000000000000000000, 0.000000000000000000 ) ) ;
#6705 = EDGE_CURVE ( 'NONE', #13, #3057, #5863, .T. ) ;
#6706 = CARTESIAN_POINT ( 'NONE',  ( 42.50367785261521192, 4.686048302902208640, -9.451567670042738456 ) ) ;
#6707 = ORIENTED_EDGE ( 'NONE', *, *, #832, .F. ) ;
#6708 = CARTESIAN_POINT ( 'NONE',  ( 18.60115733897360357, -35.68593041407879696, 1.000000000000000000 ) ) ;
#6709 = DIRECTION ( 'NONE',  ( 1.012926086421548048E-15, -1.000000000000000000, -0.000000000000000000 ) ) ;
#6710 = ADVANCED_FACE ( 'NONE', ( #7501 ), #2541, .F. ) ;
#6711 = DIRECTION ( 'NONE',  ( -0.000000000000000000, -0.000000000000000000, 1.000000000000000000 ) ) ;
#6712 = ORIENTED_EDGE ( 'NONE', *, *, #5907, .T. ) ;
#6713 = PLANE ( 'NONE',  #5461 ) ;
#6714 = DIRECTION ( 'NONE',  ( -1.000000000000000000, 0.000000000000000000, 0.000000000000000000 ) ) ;
#6715 = DIRECTION ( 'NONE',  ( -8.042586066086100112E-17, -3.070295484789979924E-17, -1.000000000000000000 ) ) ;
#6716 = DIRECTION ( 'NONE',  ( -0.000000000000000000, -0.000000000000000000, 1.000000000000000000 ) ) ;
#6717 = ORIENTED_EDGE ( 'NONE', *, *, #1752, .T. ) ;
#6718 = CARTESIAN_POINT ( 'NONE',  ( 21.51866617342236410, -28.45437213853974256, 0.9999999999999696909 ) ) ;
#6719 = PLANE ( 'NONE',  #3653 ) ;
#6720 = EDGE_CURVE ( 'NONE', #899, #3731, #257, .T. ) ;
#6721 = CARTESIAN_POINT ( 'NONE',  ( 7.185345716481347011, -35.23148914111374097, 0.4999999999999998890 ) ) ;
#6722 = TOROIDAL_SURFACE ( 'NONE', #1328, 4.000000000000006217, 2.000000000000000000 ) ;
#6723 = CARTESIAN_POINT ( 'NONE',  ( 48.87309483438121305, -29.00591734882469908, -1.000000000000000000 ) ) ;
#6724 = VERTEX_POINT ( 'NONE', #6235 ) ;
#6725 = ORIENTED_EDGE ( 'NONE', *, *, #97, .F. ) ;
#6726 = EDGE_LOOP ( 'NONE', ( #2492, #3445, #4212, #4189, #1257, #4454, #1908, #5045 ) ) ;
#6727 = CARTESIAN_POINT ( 'NONE',  ( 45.39755601137789398, -31.38865712849714384, -6.201502112509221121 ) ) ;
#6728 = CIRCLE ( 'NONE', #6860, 1.549999999999999378 ) ;
#6729 = EDGE_CURVE ( 'NONE', #4857, #5169, #2863, .T. ) ;
#6730 = CARTESIAN_POINT ( 'NONE',  ( 36.03106969813007510, 22.74374527427766779, -2.000000000000010658 ) ) ;
#6731 = LINE ( 'NONE', #1239, #4960 ) ;
#6732 = VECTOR ( 'NONE', #3504, 1000.000000000000000 ) ;
#6733 = EDGE_LOOP ( 'NONE', ( #7504, #5328, #7005, #6392 ) ) ;
#6734 = VECTOR ( 'NONE', #3990, 1000.000000000000000 ) ;
#6735 = CARTESIAN_POINT ( 'NONE',  ( 13.06525598463520765, -36.41496353827751165, -1.000000000000000444 ) ) ;
#6736 = PLANE ( 'NONE',  #1147 ) ;
#6737 = CARTESIAN_POINT ( 'NONE',  ( 11.21350271219347405, -28.01647873288309398, 0.9999999999999997780 ) ) ;
#6738 = VECTOR ( 'NONE', #6216, 1000.000000000000000 ) ;
#6739 = FACE_OUTER_BOUND ( 'NONE', #5284, .T. ) ;
#6740 = B_SPLINE_CURVE_WITH_KNOTS ( 'NONE', 3,
 ( #681, #6136, #755, #6172, #193, #76, #3103, #4822, #3067, #7238, #7276, #1856, #4234, #6682, #1300, #3680, #6096, #2163, #6331, #988, #3954, #353, #4547, #831, #3216, #1454, #3332, #5137, #4426, #5695, #7599, #2201, #309, #6794, #3295, #5652, #3871, #6210, #271, #391, #1416, #2705 ),
 .UNSPECIFIED., .F., .F.,
 ( 4, 2, 2, 2, 2, 2, 2, 2, 2, 2, 2, 2, 2, 2, 2, 2, 2, 2, 2, 2, 4 ),
 ( 0.01529877902923954848, 0.01623589460912022719, 0.01717301018900090417, 0.01811012576888158115, 0.01857868355882192138, 0.01904724134876226160, 0.01951579913870259836, 0.01998435692864293858, 0.02045291471858327881, 0.02092147250852361903, 0.02185858808840429601, 0.02279570366828497646, 0.02373281924816565691, 0.02466993482804634430, 0.02560705040792703516, 0.02654416598780772255, 0.02748128156768841340, 0.02841839714756910079, 0.02935551272744979165, 0.02982407051739013534, 0.03029262830733047904 ),
 .UNSPECIFIED. ) ;
#6741 = LINE ( 'NONE', #6122, #1954 ) ;
#6742 = CARTESIAN_POINT ( 'NONE',  ( 7.620067560892297642, -29.46764490646226520, -1.000000000000000000 ) ) ;
#6743 = EDGE_LOOP ( 'NONE', ( #7385, #6643, #3833, #5029 ) ) ;
#6744 = TOROIDAL_SURFACE ( 'NONE', #4224, 4.749999999999997335, 0.2500000000000000000 ) ;
#6745 = CARTESIAN_POINT ( 'NONE',  ( 49.18491708522419259, -14.80302503274316628, -11.50000000000000000 ) ) ;
#6746 = EDGE_CURVE ( 'NONE', #5, #6812, #6862, .T. ) ;
#6747 = EDGE_LOOP ( 'NONE', ( #2188, #1096, #4665, #2072 ) ) ;
#6748 = CARTESIAN_POINT ( 'NONE',  ( 19.35956002117819708, -36.15019664682626654, 0.5000000000000000000 ) ) ;
#6749 = CARTESIAN_POINT ( 'NONE',  ( -1.609655412721122669, -7.832828546790671531, -2.000000000000014655 ) ) ;
#6750 = CARTESIAN_POINT ( 'NONE',  ( 12.34334880155074643, -40.97692647319939141, -13.76255307708051312 ) ) ;
#6751 = EDGE_LOOP ( 'NONE', ( #2110, #4068, #3689, #1411 ) ) ;
#6752 = EDGE_CURVE ( 'NONE', #1900, #5942, #3165, .T. ) ;
#6753 = CARTESIAN_POINT ( 'NONE',  ( 8.496809581478014906, -28.46568998718646526, 1.000000000000000000 ) ) ;
#6754 = CARTESIAN_POINT ( 'NONE',  ( -3.609655412721123557, -23.25500368935529139, -9.761502062182218609 ) ) ;
#6755 = LINE ( 'NONE', #6832, #3107 ) ;
#6756 = CARTESIAN_POINT ( 'NONE',  ( 28.28877323985573611, -45.11841504291469107, -6.284504751596059258 ) ) ;
#6757 = ORIENTED_EDGE ( 'NONE', *, *, #6318, .T. ) ;
#6758 = DIRECTION ( 'NONE',  ( 1.000000000000000000, 0.000000000000000000, 0.000000000000000000 ) ) ;
#6759 = DIRECTION ( 'NONE',  ( 0.000000000000000000, 0.000000000000000000, -1.000000000000000000 ) ) ;
#6760 = LINE ( 'NONE', #6215, #4707 ) ;
#6761 = PLANE ( 'NONE',  #7505 ) ;
#6762 = ORIENTED_EDGE ( 'NONE', *, *, #716, .F. ) ;
#6763 = ORIENTED_EDGE ( 'NONE', *, *, #1383, .T. ) ;
#6764 = LINE ( 'NONE', #281, #6891 ) ;
#6765 = DIRECTION ( 'NONE',  ( 0.000000000000000000, 1.000000000000000000, 0.000000000000000000 ) ) ;
#6766 = PLANE ( 'NONE',  #2803 ) ;
#6767 = CARTESIAN_POINT ( 'NONE',  ( 50.27737897612738749, 18.26451084227986144, -11.50000000000000000 ) ) ;
#6768 = ORIENTED_EDGE ( 'NONE', *, *, #6277, .T. ) ;
#6769 = EDGE_CURVE ( 'NONE', #6511, #289, #295, .T. ) ;
#6770 = ORIENTED_EDGE ( 'NONE', *, *, #7726, .F. ) ;
#6771 = DIRECTION ( 'NONE',  ( -1.000000000000000000, 0.000000000000000000, 0.000000000000000000 ) ) ;
#6772 = CARTESIAN_POINT ( 'NONE',  ( 9.663497133835770470, -28.06394354774475275, 0.9999999999999997780 ) ) ;
#6773 = DIRECTION ( 'NONE',  ( 0.000000000000000000, 1.000000000000000000, 0.000000000000000000 ) ) ;
#6774 = CARTESIAN_POINT ( 'NONE',  ( 47.98256164536418567, 15.57751706311805151, -5.000000000000000000 ) ) ;
#6775 = VECTOR ( 'NONE', #837, 1000.000000000000000 ) ;
#6776 = CARTESIAN_POINT ( 'NONE',  ( 44.38408591663488778, 10.28286628251796131, -5.000000000000000000 ) ) ;
#6777 = ORIENTED_EDGE ( 'NONE', *, *, #1593, .T. ) ;
#6778 = VECTOR ( 'NONE', #2357, 1000.000000000000000 ) ;
#6779 = EDGE_LOOP ( 'NONE', ( #1868, #5333, #7163, #4996 ) ) ;
#6780 = PLANE ( 'NONE',  #3638 ) ;
#6781 = ORIENTED_EDGE ( 'NONE', *, *, #6406, .F. ) ;
#6782 = ORIENTED_EDGE ( 'NONE', *, *, #1088, .F. ) ;
#6783 = CARTESIAN_POINT ( 'NONE',  ( 45.39755601137789398, -31.38865712849714384, -1.000000000000000000 ) ) ;
#6784 = CARTESIAN_POINT ( 'NONE',  ( 5.903500331056677375, -34.68483518972100654, 1.000000000000000000 ) ) ;
#6785 = DIRECTION ( 'NONE',  ( 1.000000000000000000, 0.000000000000000000, 0.000000000000000000 ) ) ;
#6786 = VERTEX_POINT ( 'NONE', #4926 ) ;
#6787 = AXIS2_PLACEMENT_3D ( 'NONE', #3585, #25, #5477 ) ;
#6788 = CARTESIAN_POINT ( 'NONE',  ( 7.894806723442673757, -29.30516663045530734, 1.000000000000067724 ) ) ;
#6789 = ADVANCED_FACE ( 'NONE', ( #6159 ), #2616, .F. ) ;
#6790 = PLANE ( 'NONE',  #1728 ) ;
#6791 = CARTESIAN_POINT ( 'NONE',  ( 25.16436629349527720, 22.74374527427766779, -1.000000000000000000 ) ) ;
#6792 = ORIENTED_EDGE ( 'NONE', *, *, #4176, .T. ) ;
#6793 = VECTOR ( 'NONE', #371, 1000.000000000000000 ) ;
#6794 = CARTESIAN_POINT ( 'NONE',  ( 25.04901364171572098, -35.03178667319577499, 1.000000000000000000 ) ) ;
#6795 = ORIENTED_EDGE ( 'NONE', *, *, #7307, .F. ) ;
#6796 = DIRECTION ( 'NONE',  ( 0.000000000000000000, 0.000000000000000000, 1.000000000000000000 ) ) ;
#6797 = CARTESIAN_POINT ( 'NONE',  ( 20.58005491861889524, -28.54995698279529037, 1.000000000000003553 ) ) ;
#6798 = PLANE ( 'NONE',  #895 ) ;
#6799 = FACE_OUTER_BOUND ( 'NONE', #1348, .T. ) ;
#6800 = VECTOR ( 'NONE', #6626, 1000.000000000000000 ) ;
#6801 = CARTESIAN_POINT ( 'NONE',  ( 19.83461279331000071, -36.40763847422191901, 0.5000000000000000000 ) ) ;
#6802 = ORIENTED_EDGE ( 'NONE', *, *, #2733, .T. ) ;
#6803 = ORIENTED_EDGE ( 'NONE', *, *, #1047, .T. ) ;
#6804 = EDGE_CURVE ( 'NONE', #5127, #1755, #7459, .T. ) ;
#6805 = EDGE_CURVE ( 'NONE', #7757, #3662, #5521, .T. ) ;
#6806 = LINE ( 'NONE', #7446, #618 ) ;
#6807 = LINE ( 'NONE', #1351, #3221 ) ;
#6808 = AXIS2_PLACEMENT_3D ( 'NONE', #4229, #1369, #4338 ) ;
#6809 = CARTESIAN_POINT ( 'NONE',  ( 21.07419483164279228, -28.44329354570521318, 0.5000000000000000000 ) ) ;
#6810 = DIRECTION ( 'NONE',  ( 1.000000000000000000, 0.000000000000000000, 0.000000000000000000 ) ) ;
#6811 = ORIENTED_EDGE ( 'NONE', *, *, #5405, .F. ) ;
#6812 = VERTEX_POINT ( 'NONE', #1949 ) ;
#6813 = ADVANCED_FACE ( 'NONE', ( #5560 ), #3859, .T. ) ;
#6814 = CIRCLE ( 'NONE', #5552, 0.7999999999999999334 ) ;
#6815 = DIRECTION ( 'NONE',  ( 1.000000000000000000, 0.000000000000000000, 0.000000000000000000 ) ) ;
#6816 = PLANE ( 'NONE',  #4659 ) ;
#6817 = FACE_OUTER_BOUND ( 'NONE', #4131, .T. ) ;
#6818 = ADVANCED_FACE ( 'NONE', ( #3280 ), #3702, .F. ) ;
#6819 = EDGE_CURVE ( 'NONE', #3595, #1078, #102, .T. ) ;
#6820 = DIRECTION ( 'NONE',  ( 0.000000000000000000, 0.000000000000000000, 1.000000000000000000 ) ) ;
#6821 = DIRECTION ( 'NONE',  ( 0.000000000000000000, -0.000000000000000000, -1.000000000000000000 ) ) ;
#6822 = VERTEX_POINT ( 'NONE', #6742 ) ;
#6823 = DIRECTION ( 'NONE',  ( 4.891920202254595020E-16, 1.000000000000000000, 1.380205382051887209E-16 ) ) ;
#6824 = ORIENTED_EDGE ( 'NONE', *, *, #7151, .F. ) ;
#6825 = ORIENTED_EDGE ( 'NONE', *, *, #7344, .T. ) ;
#6826 = CARTESIAN_POINT ( 'NONE',  ( -1.609655412721123557, 18.74374527427763581, -13.42912948050400956 ) ) ;
#6827 = CARTESIAN_POINT ( 'NONE',  ( 5.577933174018951057, -32.90751966136249962, 0.5000000000000000000 ) ) ;
#6828 = CYLINDRICAL_SURFACE ( 'NONE', #5218, 4.500000000000003553 ) ;
#6829 = ORIENTED_EDGE ( 'NONE', *, *, #708, .F. ) ;
#6830 = DIRECTION ( 'NONE',  ( 0.000000000000000000, -1.000000000000000000, 0.000000000000000000 ) ) ;
#6831 = LINE ( 'NONE', #2701, #1486 ) ;
#6832 = CARTESIAN_POINT ( 'NONE',  ( 49.18491708522419259, -14.80302503274316628, -11.50000000000000000 ) ) ;
#6833 = VERTEX_POINT ( 'NONE', #2069 ) ;
#6834 = CARTESIAN_POINT ( 'NONE',  ( 12.75069938389613178, -36.66923055580882362, 0.5000000000000000000 ) ) ;
#6835 = ORIENTED_EDGE ( 'NONE', *, *, #3625, .F. ) ;
#6836 = CARTESIAN_POINT ( 'NONE',  ( 37.72555838147486185, 10.57728446746353868, -2.000000000000011990 ) ) ;
#6837 = CARTESIAN_POINT ( 'NONE',  ( 21.07588839342974651, -27.96614780837826686, 1.000000000000000000 ) ) ;
#6838 = CARTESIAN_POINT ( 'NONE',  ( 12.34334880155074643, -40.56364722183403160, -13.26766223891080720 ) ) ;
#6839 = CARTESIAN_POINT ( 'NONE',  ( 12.34334880155074643, -40.56364722183403160, -4.663148035801216729 ) ) ;
#6840 = CARTESIAN_POINT ( 'NONE',  ( 34.02555838147497980, -15.76479910009956775, -1.000000000000000000 ) ) ;
#6841 =( BOUNDED_SURFACE ( )  B_SPLINE_SURFACE ( 3, 2, ( 
 ( #4188, #3022, #7311 ),
 ( #6021, #5412, #4860 ),
 ( #2548, #6129, #7272 ),
 ( #38, #1884, #1296 ),
 ( #7232, #749, #4268 ),
 ( #3134, #1850, #3676 ),
 ( #5490, #5525, #4500 ),
 ( #2154, #7425, #5086 ),
 ( #4458, #5725, #6365 ),
 ( #3826, #261, #7551 ),
 ( #384, #4967, #5687 ),
 ( #5129, #3864, #6284 ),
 ( #4539, #1492, #5049 ),
 ( #7509, #2038, #4375 ),
 ( #7387, #1409, #4419 ),
 ( #6869, #6953, #3789 ),
 ( #902, #344, #1574 ),
 ( #301, #3945, #6827 ),
 ( #980, #6244, #823 ),
 ( #2662, #3365, #7464 ),
 ( #6203, #2113, #6910 ),
 ( #6784, #3206, #1447 ),
 ( #864, #3245, #5604 ),
 ( #5772, #2074, #225 ),
 ( #5643, #1531, #3286 ),
 ( #2622, #5009, #2697 ),
 ( #3904, #1994, #6322 ),
 ( #941, #3323, #2741 ),
 ( #4067, #4107, #3401 ),
 ( #1057, #5813, #6515 ),
 ( #6438, #5891, #3552 ),
 ( #546, #4576, #5250 ),
 ( #1132, #2898, #3987 ),
 ( #2936, #2273, #5931 ),
 ( #7626, #504, #5968 ),
 ( #2350, #1729, #424 ),
 ( #5327, #6995, #1616 ),
 ( #7110, #3515, #2819 ),
 ( #2782, #5172, #1695 ),
 ( #7593, #2194, #7738 ),
 ( #6476, #5848, #4734 ),
 ( #5207, #464, #4657 ) ),
 .UNSPECIFIED., .F., .F., .F. ) 
 B_SPLINE_SURFACE_WITH_KNOTS ( ( 4, 2, 2, 2, 2, 2, 2, 2, 2, 2, 2, 2, 2, 2, 2, 2, 2, 2, 2, 2, 4 ),
 ( 3, 3 ),
 ( 0.01486008412518719825, 0.01578883938301139586, 0.01625321701192349727, 0.01671759464083559521, 0.01764634989865979456, 0.01811072752757189597, 0.01857510515648399391, 0.01903948278539609185, 0.01950386041430819326, 0.02043261567213239260, 0.02136137092995659195, 0.02229012618778079130, 0.02321888144560499065, 0.02414763670342919000, 0.02507639196125338935, 0.02600514721907758869, 0.02693390247690178804, 0.02786265773472598739, 0.02832703536363808533, 0.02879141299255018327, 0.02972016825037438262 ),
 ( 0.000000000000000000, 1.000000000000000000 ),
 .UNSPECIFIED. ) 
 GEOMETRIC_REPRESENTATION_ITEM ( )  RATIONAL_B_SPLINE_SURFACE ( (
 ( 1.000000000000000000, 0.7071067811865475727, 1.000000000000000000),
 ( 1.000000000000000000, 0.7071067811865475727, 1.000000000000000000),
 ( 1.000000000000000000, 0.7071067811865494601, 1.000000000000000000),
 ( 1.000000000000000000, 0.7071067811865494601, 1.000000000000000000),
 ( 1.000000000000000000, 0.7071067811865471286, 1.000000000000000000),
 ( 1.000000000000000000, 0.7071067811865471286, 1.000000000000000000),
 ( 1.000000000000000000, 0.7071067811865475727, 1.000000000000000000),
 ( 1.000000000000000000, 0.7071067811865475727, 1.000000000000000000),
 ( 1.000000000000000000, 0.7071067811865481278, 1.000000000000000000),
 ( 1.000000000000000000, 0.7071067811865481278, 1.000000000000000000),
 ( 1.000000000000000000, 0.7071067811865475727, 1.000000000000000000),
 ( 1.000000000000000000, 0.7071067811865475727, 1.000000000000000000),
 ( 1.000000000000000000, 0.7071067811865475727, 1.000000000000000000),
 ( 1.000000000000000000, 0.7071067811865475727, 1.000000000000000000),
 ( 1.000000000000000000, 0.7071067811865475727, 1.000000000000000000),
 ( 1.000000000000000000, 0.7071067811865475727, 1.000000000000000000),
 ( 1.000000000000000000, 0.7071067811865475727, 1.000000000000000000),
 ( 1.000000000000000000, 0.7071067811865475727, 1.000000000000000000),
 ( 1.000000000000000000, 0.7071067811865475727, 1.000000000000000000),
 ( 1.000000000000000000, 0.7071067811865475727, 1.000000000000000000),
 ( 1.000000000000000000, 0.7071067811865475727, 1.000000000000000000),
 ( 1.000000000000000000, 0.7071067811865475727, 1.000000000000000000),
 ( 1.000000000000000000, 0.7071067811865471286, 1.000000000000000000),
 ( 1.000000000000000000, 0.7071067811865471286, 1.000000000000000000),
 ( 1.000000000000000000, 0.7071067811865475727, 1.000000000000000000),
 ( 1.000000000000000000, 0.7071067811865475727, 1.000000000000000000),
 ( 1.000000000000000000, 0.7071067811865475727, 1.000000000000000000),
 ( 1.000000000000000000, 0.7071067811865475727, 1.000000000000000000),
 ( 1.000000000000000000, 0.7071067811865475727, 1.000000000000000000),
 ( 1.000000000000000000, 0.7071067811865475727, 1.000000000000000000),
 ( 1.000000000000000000, 0.7071067811865475727, 1.000000000000000000),
 ( 1.000000000000000000, 0.7071067811865475727, 1.000000000000000000),
 ( 1.000000000000000000, 0.7071067811865475727, 1.000000000000000000),
 ( 1.000000000000000000, 0.7071067811865475727, 1.000000000000000000),
 ( 1.000000000000000000, 0.7071067811865475727, 1.000000000000000000),
 ( 1.000000000000000000, 0.7071067811865475727, 1.000000000000000000),
 ( 1.000000000000000000, 0.7071067811865475727, 1.000000000000000000),
 ( 1.000000000000000000, 0.7071067811865475727, 1.000000000000000000),
 ( 1.000000000000000000, 0.7071067811865477948, 1.000000000000000000),
 ( 1.000000000000000000, 0.7071067811865477948, 1.000000000000000000),
 ( 1.000000000000000000, 0.7071067811865467956, 1.000000000000000000),
 ( 1.000000000000000000, 0.7071067811865467956, 1.000000000000000000) ) ) 
 REPRESENTATION_ITEM ( '' )  SURFACE ( )  );
#6842 = CARTESIAN_POINT ( 'NONE',  ( 25.68877323985573824, -45.61841504291471949, -6.284504751596059258 ) ) ;
#6843 = ORIENTED_EDGE ( 'NONE', *, *, #1937, .T. ) ;
#6844 = CARTESIAN_POINT ( 'NONE',  ( 35.06211638159034294, 22.74374527427766779, -9.592411343199959362 ) ) ;
#6845 = LINE ( 'NONE', #2529, #5101 ) ;
#6846 = EDGE_CURVE ( 'NONE', #5705, #3540, #1363, .T. ) ;
#6847 = CIRCLE ( 'NONE', #4831, 2.999999999999999556 ) ;
#6848 = CARTESIAN_POINT ( 'NONE',  ( 20.36344751364976347, -28.59972921250432520, 0.5000000000000000000 ) ) ;
#6849 = EDGE_CURVE ( 'NONE', #4718, #6895, #4369, .T. ) ;
#6850 = EDGE_CURVE ( 'NONE', #419, #771, #6197, .T. ) ;
#6851 = CARTESIAN_POINT ( 'NONE',  ( 20.43198822116679736, -28.58968621900274698, 0.5000000000000000000 ) ) ;
#6852 = VERTEX_POINT ( 'NONE', #2307 ) ;
#6853 = ORIENTED_EDGE ( 'NONE', *, *, #147, .F. ) ;
#6854 = VECTOR ( 'NONE', #5547, 1000.000000000000000 ) ;
#6855 = ADVANCED_FACE ( 'NONE', ( #5809 ), #3433, .F. ) ;
#6856 = CARTESIAN_POINT ( 'NONE',  ( 23.70130389400117821, -36.54940298368433105, 0.5000000000000000000 ) ) ;
#6857 = CARTESIAN_POINT ( 'NONE',  ( 7.654771589098261053, -28.86623121774053757, 1.000000000000000000 ) ) ;
#6858 = CARTESIAN_POINT ( 'NONE',  ( 18.18365003328832685, -29.60368265400194332, 0.5000000000000000000 ) ) ;
#6859 = VECTOR ( 'NONE', #4962, 1000.000000000000000 ) ;
#6860 = AXIS2_PLACEMENT_3D ( 'NONE', #6619, #1237, #7290 ) ;
#6861 = LINE ( 'NONE', #6774, #75 ) ;
#6862 = LINE ( 'NONE', #3738, #3230 ) ;
#6863 = CARTESIAN_POINT ( 'NONE',  ( 25.68877323985574179, -47.11841504291469107, -6.284504751596059258 ) ) ;
#6864 = VECTOR ( 'NONE', #3976, 1000.000000000000000 ) ;
#6865 = ORIENTED_EDGE ( 'NONE', *, *, #4844, .T. ) ;
#6866 = AXIS2_PLACEMENT_3D ( 'NONE', #3564, #4273, #2399 ) ;
#6867 = ORIENTED_EDGE ( 'NONE', *, *, #7500, .T. ) ;
#6868 = PLANE ( 'NONE',  #7202 ) ;
#6869 = CARTESIAN_POINT ( 'NONE',  ( 5.020802847699750160, -32.40471781449196698, 1.000000000000000000 ) ) ;
#6870 = CARTESIAN_POINT ( 'NONE',  ( 46.08259321813340392, -10.37268082840335559, -5.000000000000000000 ) ) ;
#6871 = ORIENTED_EDGE ( 'NONE', *, *, #7249, .F. ) ;
#6872 = CARTESIAN_POINT ( 'NONE',  ( 5.443766477962406647, -38.75495671797978758, -1.000000000000000000 ) ) ;
#6873 = CARTESIAN_POINT ( 'NONE',  ( 36.03106969813007510, 15.31055444116484310, -2.000000000000011102 ) ) ;
#6874 = CIRCLE ( 'NONE', #2104, 0.8000000000000020428 ) ;
#6875 = DIRECTION ( 'NONE',  ( 1.000000000000000000, 0.000000000000000000, 0.000000000000000000 ) ) ;
#6876 = ORIENTED_EDGE ( 'NONE', *, *, #2381, .F. ) ;
#6877 = LINE ( 'NONE', #1502, #5271 ) ;
#6878 = EDGE_CURVE ( 'NONE', #5429, #2346, #5843, .T. ) ;
#6879 = ORIENTED_EDGE ( 'NONE', *, *, #6325, .F. ) ;
#6880 = DIRECTION ( 'NONE',  ( 0.000000000000000000, 1.000000000000000000, 0.000000000000000000 ) ) ;
#6881 = APPLICATION_PROTOCOL_DEFINITION ( 'draft international standard', 'automotive_design', 1998, #1272 ) ;
#6882 = VECTOR ( 'NONE', #152, 1000.000000000000000 ) ;
#6883 = PLANE ( 'NONE',  #11 ) ;
#6884 = B_SPLINE_CURVE_WITH_KNOTS ( 'NONE', 3,
 ( #2302, #1684, #372, #4056, #5881, #4525, #6939, #5157, #1081, #3467, #2767, #1644, #5921, #493, #1562, #3935, #2888, #3355, #5275, #6351, #7697, #4014, #451, #2222, #6429, #6981, #7099, #2727, #1717, #966, #5758, #2846 ),
 .UNSPECIFIED., .F., .F.,
 ( 4, 2, 2, 2, 2, 2, 2, 2, 2, 2, 2, 2, 2, 2, 2, 4 ),
 ( 1.734723475976807094E-18, 0.0008254903416065931775, 0.001650980683213184620, 0.003301961366426367506, 0.004127451708032959382, 0.004952942049639550391, 0.005778432391246141400, 0.006603922732852733277, 0.007429413074459333827, 0.008254903416065934377, 0.009080393757672534927, 0.009493138928475837804, 0.009905884099279138946, 0.01073137444088574644, 0.01155686478249235219, 0.01320784546570556196 ),
 .UNSPECIFIED. ) ;
#6885 = CARTESIAN_POINT ( 'NONE',  ( 25.68877323985573824, -45.61841504291471949, -6.284504751596059258 ) ) ;
#6886 = CARTESIAN_POINT ( 'NONE',  ( 17.97938011304181671, -35.23131788832495204, 0.4999999999999998890 ) ) ;
#6887 = DIRECTION ( 'NONE',  ( -2.168404344971006896E-16, -1.000000000000000000, 0.000000000000000000 ) ) ;
#6888 = ORIENTED_EDGE ( 'NONE', *, *, #6579, .T. ) ;
#6889 = CARTESIAN_POINT ( 'NONE',  ( 4.579512680287500359, 17.10562838809392971, -1.000000000000000000 ) ) ;
#6890 = FACE_OUTER_BOUND ( 'NONE', #5833, .T. ) ;
#6891 = VECTOR ( 'NONE', #1387, 1000.000000000000000 ) ;
#6892 = CARTESIAN_POINT ( 'NONE',  ( 23.85929038119562762, -36.41479228548868008, 0.5000000000000000000 ) ) ;
#6893 = CARTESIAN_POINT ( 'NONE',  ( 9.625558381474982994, -14.76479910009957131, -1.000000000000000000 ) ) ;
#6894 = EDGE_CURVE ( 'NONE', #299, #2569, #6946, .T. ) ;
#6895 = VERTEX_POINT ( 'NONE', #7662 ) ;
#6896 = VERTEX_POINT ( 'NONE', #4569 ) ;
#6897 = DIRECTION ( 'NONE',  ( -1.000000000000000000, 0.000000000000000000, 0.000000000000000000 ) ) ;
#6898 = EDGE_CURVE ( 'NONE', #7721, #4615, #1013, .T. ) ;
#6899 = CARTESIAN_POINT ( 'NONE',  ( 11.94082902196776352, -28.28059914029761757, 1.000000000000000222 ) ) ;
#6900 = CARTESIAN_POINT ( 'NONE',  ( 16.88629284369200079, -30.69960036820816995, 0.5000000000000000000 ) ) ;
#6901 = VECTOR ( 'NONE', #5228, 1000.000000000000000 ) ;
#6902 = CARTESIAN_POINT ( 'NONE',  ( 8.005821606557535830, -35.82765353643838324, 0.5000000000000000000 ) ) ;
#6903 = DIRECTION ( 'NONE',  ( 1.000000000000000000, 0.000000000000000000, 0.000000000000000000 ) ) ;
#6904 = AXIS2_PLACEMENT_3D ( 'NONE', #521, #4046, #4161 ) ;
#6905 = DIRECTION ( 'NONE',  ( 0.8608031657100171374, 0.5089380216722000361, -0.000000000000000000 ) ) ;
#6906 = EDGE_LOOP ( 'NONE', ( #6373, #6411, #7139, #1675 ) ) ;
#6907 = EDGE_CURVE ( 'NONE', #2791, #7313, #6434, .T. ) ;
#6908 = ORIENTED_EDGE ( 'NONE', *, *, #5268, .T. ) ;
#6909 = DIRECTION ( 'NONE',  ( 2.469311568473896000E-33, -1.000000000000000000, 3.070295484789979924E-17 ) ) ;
#6910 = CARTESIAN_POINT ( 'NONE',  ( 5.979333452207487021, -33.91602656681695294, 0.5000000000000000000 ) ) ;
#6911 = CARTESIAN_POINT ( 'NONE',  ( 23.23867829228942838, -37.39946569242101759, 1.000000000000000000 ) ) ;
#6912 = ORIENTED_EDGE ( 'NONE', *, *, #3122, .T. ) ;
#6913 = CARTESIAN_POINT ( 'NONE',  ( 34.25612515595094720, -43.29767075805705900, -6.201502112509223785 ) ) ;
#6914 = VECTOR ( 'NONE', #7785, 1000.000000000000000 ) ;
#6915 = LINE ( 'NONE', #1536, #6233 ) ;
#6916 = DIRECTION ( 'NONE',  ( -8.042586066086101344E-17, -3.070295484789979924E-17, -1.000000000000000000 ) ) ;
#6917 = VERTEX_POINT ( 'NONE', #6470 ) ;
#6918 = CARTESIAN_POINT ( 'NONE',  ( -1.609655412721123557, -16.81500368935628842, -6.001502062183216246 ) ) ;
#6919 = ORIENTED_EDGE ( 'NONE', *, *, #1500, .F. ) ;
#6920 = EDGE_CURVE ( 'NONE', #5899, #2431, #2228, .T. ) ;
#6921 = CARTESIAN_POINT ( 'NONE',  ( 44.22735356466323964, -45.61841504291471949, -1.000000000000000000 ) ) ;
#6922 = AXIS2_PLACEMENT_3D ( 'NONE', #5639, #2693, #1487 ) ;
#6923 = CARTESIAN_POINT ( 'NONE',  ( -3.109655412721123557, -23.25500368935529139, -9.761502062182218609 ) ) ;
#6924 = DIRECTION ( 'NONE',  ( -0.000000000000000000, -1.000000000000000000, 2.848076993289095270E-16 ) ) ;
#6925 = ADVANCED_FACE ( 'NONE', ( #3360, #4612 ), #3940, .T. ) ;
#6926 = CARTESIAN_POINT ( 'NONE',  ( 17.76546714554533324, -35.05523248574844786, 0.5000000000000000000 ) ) ;
#6927 = VECTOR ( 'NONE', #3374, 1000.000000000000000 ) ;
#6928 = LINE ( 'NONE', #1034, #2131 ) ;
#6929 = ORIENTED_EDGE ( 'NONE', *, *, #3878, .T. ) ;
#6930 = CARTESIAN_POINT ( 'NONE',  ( 37.72555838147486185, 10.57728446746354045, -9.592411343199959362 ) ) ;
#6931 = CARTESIAN_POINT ( 'NONE',  ( 23.91681337661221463, -37.02326213177855152, 1.000000000000000000 ) ) ;
#6932 = ORIENTED_EDGE ( 'NONE', *, *, #2430, .T. ) ;
#6933 = AXIS2_PLACEMENT_3D ( 'NONE', #1786, #1750, #4124 ) ;
#6934 = CARTESIAN_POINT ( 'NONE',  ( 23.10587892323242443, -29.10954807826032820, -1.000000000000000000 ) ) ;
#6935 = CARTESIAN_POINT ( 'NONE',  ( 22.80287594056071399, -28.89986298863790637, 0.5000000000000001110 ) ) ;
#6936 = EDGE_LOOP ( 'NONE', ( #61, #5651, #4025, #3527 ) ) ;
#6937 = ORIENTED_EDGE ( 'NONE', *, *, #283, .F. ) ;
#6938 = LINE ( 'NONE', #4093, #23 ) ;
#6939 = CARTESIAN_POINT ( 'NONE',  ( 13.93184391806476263, -34.07537416273700615, 0.4999999999999998890 ) ) ;
#6940 = AXIS2_PLACEMENT_3D ( 'NONE', #148, #6636, #1329 ) ;
#6941 = LINE ( 'NONE', #7724, #4403 ) ;
#6942 = EDGE_CURVE ( 'NONE', #7688, #5429, #2852, .T. ) ;
#6943 = FACE_OUTER_BOUND ( 'NONE', #2867, .T. ) ;
#6944 = CARTESIAN_POINT ( 'NONE',  ( 47.98256164536418567, 12.65288649460165438, -1.000000000000000000 ) ) ;
#6945 = AXIS2_PLACEMENT_3D ( 'NONE', #5847, #460, #4616 ) ;
#6946 = LINE ( 'NONE', #4021, #4483 ) ;
#6947 = VERTEX_POINT ( 'NONE', #3473 ) ;
#6948 = CARTESIAN_POINT ( 'NONE',  ( 48.00806037650425395, -14.80302503274316628, -11.50000000000000000 ) ) ;
#6949 = VERTEX_POINT ( 'NONE', #5245 ) ;
#6950 = ORIENTED_EDGE ( 'NONE', *, *, #3755, .F. ) ;
#6951 = LINE ( 'NONE', #7624, #3663 ) ;
#6952 = EDGE_CURVE ( 'NONE', #5822, #2974, #5202, .T. ) ;
#6953 = CARTESIAN_POINT ( 'NONE',  ( 5.521365152981426938, -32.39131659634397664, 1.000000000000000000 ) ) ;
#6954 = VERTEX_POINT ( 'NONE', #5282 ) ;
#6955 = CARTESIAN_POINT ( 'NONE',  ( -1.609655412721122669, -8.763023730668724198, -2.000000000000014655 ) ) ;
#6956 = CARTESIAN_POINT ( 'NONE',  ( 44.48286430354961141, -41.11841504291471949, -11.50000000000000000 ) ) ;
#6957 = EDGE_CURVE ( 'NONE', #3575, #5993, #2268, .T. ) ;
#6958 = DIRECTION ( 'NONE',  ( 0.000000000000000000, 0.000000000000000000, 1.000000000000000000 ) ) ;
#6959 = ORIENTED_EDGE ( 'NONE', *, *, #6846, .T. ) ;
#6960 = EDGE_LOOP ( 'NONE', ( #6501, #7655, #6871, #4573 ) ) ;
#6961 = AXIS2_PLACEMENT_3D ( 'NONE', #582, #1205, #6120 ) ;
#6962 = CARTESIAN_POINT ( 'NONE',  ( -1.609655412721123557, -16.81500368935729028, -8.211502062182216122 ) ) ;
#6963 = EDGE_LOOP ( 'NONE', ( #3972, #2319, #3201, #2550, #6990 ) ) ;
#6964 = EDGE_CURVE ( 'NONE', #4704, #3183, #7260, .T. ) ;
#6965 = CARTESIAN_POINT ( 'NONE',  ( 44.38408591663488778, 15.57751706311805151, -1.000000000000000000 ) ) ;
#6966 = DIRECTION ( 'NONE',  ( 1.000000000000000000, 0.000000000000000000, 0.000000000000000000 ) ) ;
#6967 = DIRECTION ( 'NONE',  ( 0.000000000000000000, 0.000000000000000000, 1.000000000000000000 ) ) ;
#6968 = CARTESIAN_POINT ( 'NONE',  ( 42.43323950058334759, -45.61841504291471949, -11.63931738759456991 ) ) ;
#6969 = DIRECTION ( 'NONE',  ( 0.000000000000000000, 0.000000000000000000, 1.000000000000000000 ) ) ;
#6970 = LINE ( 'NONE', #3963, #3252 ) ;
#6971 = ORIENTED_EDGE ( 'NONE', *, *, #4081, .T. ) ;
#6972 = DIRECTION ( 'NONE',  ( 1.000000000000000000, 1.992348122922286670E-33, -8.042586066086100112E-17 ) ) ;
#6973 = CARTESIAN_POINT ( 'NONE',  ( 24.55729985563946727, -34.91486069746902388, 1.000000000000000000 ) ) ;
#6974 = ADVANCED_FACE ( 'NONE', ( #5163, #7586 ), #497, .T. ) ;
#6975 = DIRECTION ( 'NONE',  ( 0.003460928000378203813, -0.9999940109707540215, 0.000000000000000000 ) ) ;
#6976 = CIRCLE ( 'NONE', #6590, 2.599999999999998312 ) ;
#6977 = CARTESIAN_POINT ( 'NONE',  ( 3.226601152850406606, 22.74374527427766068, -6.663148035801219393 ) ) ;
#6978 = VERTEX_POINT ( 'NONE', #2187 ) ;
#6979 = VERTEX_POINT ( 'NONE', #3897 ) ;
#6980 = DIRECTION ( 'NONE',  ( 0.000000000000000000, 1.000000000000000000, 0.000000000000000000 ) ) ;
#6981 = CARTESIAN_POINT ( 'NONE',  ( 10.44949713881909936, -28.44456415630576274, 0.5000000000000000000 ) ) ;
#6982 = EDGE_CURVE ( 'NONE', #419, #409, #6357, .T. ) ;
#6983 = AXIS2_PLACEMENT_3D ( 'NONE', #944, #2275, #3482 ) ;
#6984 = LINE ( 'NONE', #7130, #5933 ) ;
#6985 = CARTESIAN_POINT ( 'NONE',  ( 16.41938941720245282, -31.62220777018982787, 0.5000000000000000000 ) ) ;
#6986 = FACE_OUTER_BOUND ( 'NONE', #5488, .T. ) ;
#6987 = VECTOR ( 'NONE', #6399, 1000.000000000000000 ) ;
#6988 = CYLINDRICAL_SURFACE ( 'NONE', #724, 0.7999999999999292122 ) ;
#6989 = ORIENTED_EDGE ( 'NONE', *, *, #6500, .T. ) ;
#6990 = ORIENTED_EDGE ( 'NONE', *, *, #4812, .F. ) ;
#6991 = CARTESIAN_POINT ( 'NONE',  ( 21.07419483164279228, -28.44329354570521318, -1.000000000000000000 ) ) ;
#6992 = ORIENTED_EDGE ( 'NONE', *, *, #1183, .F. ) ;
#6993 = CARTESIAN_POINT ( 'NONE',  ( 34.02555838147497980, 14.63520089990042727, 0.000000000000000000 ) ) ;
#6994 = AXIS2_PLACEMENT_3D ( 'NONE', #4640, #3461, #567 ) ;
#6995 = CARTESIAN_POINT ( 'NONE',  ( 11.50349769425053914, -37.05826581639349371, 1.000000000000000000 ) ) ;
#6996 = EDGE_LOOP ( 'NONE', ( #5613, #3539, #6660, #5593 ) ) ;
#6997 = DIRECTION ( 'NONE',  ( -1.453169479452033105E-16, 0.000000000000000000, -1.000000000000000000 ) ) ;
#6998 = CARTESIAN_POINT ( 'NONE',  ( 31.27174601004611887, -45.61841504291471949, -1.000000000000000000 ) ) ;
#6999 = DIRECTION ( 'NONE',  ( -2.469311568473896684E-33, 1.000000000000000000, -3.070295484789979924E-17 ) ) ;
#7000 = AXIS2_PLACEMENT_3D ( 'NONE', #5031, #166, #5508 ) ;
#7001 = ADVANCED_FACE ( 'NONE', ( #2734 ), #6988, .F. ) ;
#7002 = AXIS2_PLACEMENT_3D ( 'NONE', #3687, #4908, #726 ) ;
#7003 = VERTEX_POINT ( 'NONE', #1567 ) ;
#7004 = CARTESIAN_POINT ( 'NONE',  ( 1.866661017970461689, -45.59252774771263717, -13.41346979660998251 ) ) ;
#7005 = ORIENTED_EDGE ( 'NONE', *, *, #4983, .T. ) ;
#7006 = DIRECTION ( 'NONE',  ( -1.000000000000000000, 0.000000000000000000, -0.000000000000000000 ) ) ;
#7007 = DIRECTION ( 'NONE',  ( 0.000000000000000000, 1.000000000000000000, 1.380205382052140384E-16 ) ) ;
#7008 = ADVANCED_FACE ( 'NONE', ( #1608 ), #607, .T. ) ;
#7009 = DIRECTION ( 'NONE',  ( -1.000000000000000000, 0.000000000000000000, 0.000000000000000000 ) ) ;
#7010 = VECTOR ( 'NONE', #3444, 1000.000000000000000 ) ;
#7011 = CARTESIAN_POINT ( 'NONE',  ( 13.38494206169249701, -35.95745952015423086, 0.5000000000000000000 ) ) ;
#7012 = FACE_OUTER_BOUND ( 'NONE', #2003, .T. ) ;
#7013 = DIRECTION ( 'NONE',  ( -1.000000000000000000, 0.000000000000000000, 8.042586066086100112E-17 ) ) ;
#7014 = VERTEX_POINT ( 'NONE', #21 ) ;
#7015 = VECTOR ( 'NONE', #5718, 1000.000000000000000 ) ;
#7016 = CARTESIAN_POINT ( 'NONE',  ( 7.195018997908690928, 15.31055444116485198, -9.592411343199959362 ) ) ;
#7017 = LINE ( 'NONE', #7052, #597 ) ;
#7018 = EDGE_CURVE ( 'NONE', #6393, #2760, #987, .T. ) ;
#7019 = VERTEX_POINT ( 'NONE', #1166 ) ;
#7020 = DIRECTION ( 'NONE',  ( 0.000000000000000000, -0.000000000000000000, 1.000000000000000000 ) ) ;
#7021 = DIRECTION ( 'NONE',  ( 0.000000000000000000, 0.000000000000000000, 1.000000000000000000 ) ) ;
#7022 = ORIENTED_EDGE ( 'NONE', *, *, #716, .T. ) ;
#7023 = ORIENTED_EDGE ( 'NONE', *, *, #7763, .T. ) ;
#7024 = DIRECTION ( 'NONE',  ( -1.000000000000000000, 0.000000000000000000, 0.000000000000000000 ) ) ;
#7025 = DIRECTION ( 'NONE',  ( 0.000000000000000000, -1.000000000000000000, 0.000000000000000000 ) ) ;
#7026 = CARTESIAN_POINT ( 'NONE',  ( 16.69753472761474455, -34.68466393692904859, 1.000000000000000000 ) ) ;
#7027 = LINE ( 'NONE', #4019, #6987 ) ;
#7028 = EDGE_CURVE ( 'NONE', #2610, #6539, #2966, .T. ) ;
#7029 = DIRECTION ( 'NONE',  ( 0.000000000000000000, 0.000000000000000000, 1.000000000000000000 ) ) ;
#7030 = EDGE_LOOP ( 'NONE', ( #7076, #887, #3690, #6937 ) ) ;
#7031 = LINE ( 'NONE', #420, #4647 ) ;
#7032 = DIRECTION ( 'NONE',  ( 0.000000000000000000, 0.000000000000000000, 1.000000000000000000 ) ) ;
#7033 = AXIS2_PLACEMENT_3D ( 'NONE', #3082, #738, #4882 ) ;
#7034 = DIRECTION ( 'NONE',  ( 1.000000000000000000, 0.000000000000000000, -8.042586066086100112E-17 ) ) ;
#7035 = ORIENTED_EDGE ( 'NONE', *, *, #925, .T. ) ;
#7036 = CARTESIAN_POINT ( 'NONE',  ( 37.24050430185577198, -39.42070666598473139, -13.26766223891080720 ) ) ;
#7037 = DIRECTION ( 'NONE',  ( 1.000000000000000000, 0.000000000000000000, 0.000000000000000000 ) ) ;
#7038 = CARTESIAN_POINT ( 'NONE',  ( 46.87592906773898704, 21.51105042906246112, -13.49280368791950657 ) ) ;
#7039 = ORIENTED_EDGE ( 'NONE', *, *, #5377, .F. ) ;
#7040 = CARTESIAN_POINT ( 'NONE',  ( -0.7871859694848951650, -44.06226578135754579, -13.37226469538633289 ) ) ;
#7041 = ORIENTED_EDGE ( 'NONE', *, *, #5654, .T. ) ;
#7042 = CARTESIAN_POINT ( 'NONE',  ( 44.48286430354956877, -47.11841504291472660, -11.50000000000000000 ) ) ;
#7043 = FACE_OUTER_BOUND ( 'NONE', #4622, .T. ) ;
#7044 = VECTOR ( 'NONE', #3994, 1000.000000000000000 ) ;
#7045 = CARTESIAN_POINT ( 'NONE',  ( 13.76326545942437107, -34.91503195035458873, 0.5000000000000000000 ) ) ;
#7046 = DIRECTION ( 'NONE',  ( -0.000000000000000000, -0.000000000000000000, 1.000000000000000000 ) ) ;
#7047 = AXIS2_PLACEMENT_3D ( 'NONE', #4470, #6296, #916 ) ;
#7048 = CIRCLE ( 'NONE', #6544, 2.600000000000001421 ) ;
#7049 = CARTESIAN_POINT ( 'NONE',  ( 34.02555838147497980, 11.63520089990043260, -1.000000000000000000 ) ) ;
#7050 = ORIENTED_EDGE ( 'NONE', *, *, #5676, .F. ) ;
#7051 = CARTESIAN_POINT ( 'NONE',  ( 37.24050430185577198, -40.97692647319939141, -6.201502112509220233 ) ) ;
#7052 = CARTESIAN_POINT ( 'NONE',  ( 42.50367785261521192, -7.832828546790673307, -9.592411343199959362 ) ) ;
#7053 = VERTEX_POINT ( 'NONE', #4175 ) ;
#7054 = EDGE_CURVE ( 'NONE', #3361, #5965, #7734, .T. ) ;
#7055 = DIRECTION ( 'NONE',  ( 0.000000000000000000, 1.380205382052140384E-16, -1.000000000000000000 ) ) ;
#7056 = VECTOR ( 'NONE', #3541, 1000.000000000000000 ) ;
#7057 = ORIENTED_EDGE ( 'NONE', *, *, #1745, .F. ) ;
#7058 = EDGE_CURVE ( 'NONE', #7536, #889, #6510, .T. ) ;
#7059 = ORIENTED_EDGE ( 'NONE', *, *, #2262, .T. ) ;
#7060 = AXIS2_PLACEMENT_3D ( 'NONE', #3060, #5448, #7270 ) ;
#7061 = DIRECTION ( 'NONE',  ( 4.891920202254595020E-16, 1.000000000000000000, 1.380205382051887209E-16 ) ) ;
#7062 = ORIENTED_EDGE ( 'NONE', *, *, #6108, .T. ) ;
#7063 = LINE ( 'NONE', #3429, #3966 ) ;
#7064 = EDGE_CURVE ( 'NONE', #4897, #3619, #1231, .T. ) ;
#7065 = CARTESIAN_POINT ( 'NONE',  ( 16.44501088084933471, -33.17475845445711968, 1.000000000000000000 ) ) ;
#7066 = FACE_OUTER_BOUND ( 'NONE', #155, .T. ) ;
#7067 = DIRECTION ( 'NONE',  ( -0.000000000000000000, -0.000000000000000000, -1.000000000000000000 ) ) ;
#7068 = AXIS2_PLACEMENT_3D ( 'NONE', #7280, #3758, #6759 ) ;
#7069 = EDGE_CURVE ( 'NONE', #430, #6822, #4988, .T. ) ;
#7070 = DIRECTION ( 'NONE',  ( 1.000000000000000000, 0.000000000000000000, 0.000000000000000000 ) ) ;
#7071 = ORIENTED_EDGE ( 'NONE', *, *, #1352, .T. ) ;
#7072 = CARTESIAN_POINT ( 'NONE',  ( 9.625558381474982994, -12.76479910009956775, 1.000000000000000000 ) ) ;
#7073 = PLANE ( 'NONE',  #7709 ) ;
#7074 = EDGE_CURVE ( 'NONE', #7396, #2699, #2043, .T. ) ;
#7075 = DIRECTION ( 'NONE',  ( 0.000000000000000000, 0.000000000000000000, -1.000000000000000000 ) ) ;
#7076 = ORIENTED_EDGE ( 'NONE', *, *, #6124, .T. ) ;
#7077 = AXIS2_PLACEMENT_3D ( 'NONE', #4692, #7705, #1091 ) ;
#7078 = CARTESIAN_POINT ( 'NONE',  ( 5.925558381474854031, 4.686048302902208640, -1.000000000000000000 ) ) ;
#7079 = CYLINDRICAL_SURFACE ( 'NONE', #3346, 1.000000000000000888 ) ;
#7080 = DIRECTION ( 'NONE',  ( -1.000000000000000000, 0.000000000000000000, 8.042586066086100112E-17 ) ) ;
#7081 = VERTEX_POINT ( 'NONE', #6207 ) ;
#7082 = CARTESIAN_POINT ( 'NONE',  ( 40.02555838147498690, -12.76479910009956420, 1.000000000000000000 ) ) ;
#7083 = VERTEX_POINT ( 'NONE', #828 ) ;
#7084 = CARTESIAN_POINT ( 'NONE',  ( 44.22735356466323964, -45.61841504291471949, -1.000000000000000000 ) ) ;
#7085 = EDGE_CURVE ( 'NONE', #5322, #2806, #6831, .T. ) ;
#7086 = FACE_OUTER_BOUND ( 'NONE', #2271, .T. ) ;
#7087 = CARTESIAN_POINT ( 'NONE',  ( 13.55182652081065697, -35.59490859211094715, 0.5000000000000000000 ) ) ;
#7088 = DIRECTION ( 'NONE',  ( 0.000000000000000000, 1.000000000000000000, 0.000000000000000000 ) ) ;
#7089 = CARTESIAN_POINT ( 'NONE',  ( 5.925558381474851366, -8.763023730668722422, -1.000000000000000000 ) ) ;
#7090 = ORIENTED_EDGE ( 'NONE', *, *, #6046, .T. ) ;
#7091 = CARTESIAN_POINT ( 'NONE',  ( 24.53922113469048227, -36.33252906499387791, 1.000000000000000000 ) ) ;
#7092 = DIRECTION ( 'NONE',  ( 0.000000000000000000, 0.000000000000000000, 1.000000000000000000 ) ) ;
#7093 = FACE_OUTER_BOUND ( 'NONE', #7096, .T. ) ;
#7094 = ORIENTED_EDGE ( 'NONE', *, *, #4027, .T. ) ;
#7095 = EDGE_CURVE ( 'NONE', #7115, #5580, #3174, .T. ) ;
#7096 = EDGE_LOOP ( 'NONE', ( #3985, #2562 ) ) ;
#7097 = DIRECTION ( 'NONE',  ( -0.000000000000000000, -1.000000000000000000, -0.000000000000000000 ) ) ;
#7098 = VERTEX_POINT ( 'NONE', #3868 ) ;
#7099 = CARTESIAN_POINT ( 'NONE',  ( 10.17196819211356562, -28.47570931166521646, 0.5000000000000000000 ) ) ;
#7100 = EDGE_CURVE ( 'NONE', #3612, #2569, #3713, .T. ) ;
#7101 = EDGE_CURVE ( 'NONE', #354, #3521, #1451, .T. ) ;
#7102 = CARTESIAN_POINT ( 'NONE',  ( 16.19488299087218053, -33.89829814323518065, 1.000000000000000000 ) ) ;
#7103 = DIRECTION ( 'NONE',  ( 1.000000000000000000, -0.000000000000000000, -0.000000000000000000 ) ) ;
#7104 = ORIENTED_EDGE ( 'NONE', *, *, #5319, .F. ) ;
#7105 = CARTESIAN_POINT ( 'NONE',  ( 5.597208083954997804, -33.10637652598546055, -1.000000000000000000 ) ) ;
#7106 = ORIENTED_EDGE ( 'NONE', *, *, #5356, .F. ) ;
#7107 = ORIENTED_EDGE ( 'NONE', *, *, #1498, .F. ) ;
#7108 = DIRECTION ( 'NONE',  ( 0.004510476481664495857, -0.9999898277492168530, 0.000000000000000000 ) ) ;
#7109 = DIRECTION ( 'NONE',  ( 1.000000000000000000, 0.000000000000000000, 0.000000000000000000 ) ) ;
#7110 = CARTESIAN_POINT ( 'NONE',  ( 11.83321567904802052, -37.53021966519656871, 1.000000000000000000 ) ) ;
#7111 = ORIENTED_EDGE ( 'NONE', *, *, #6051, .F. ) ;
#7112 = VECTOR ( 'NONE', #1134, 1000.000000000000000 ) ;
#7113 = CARTESIAN_POINT ( 'NONE',  ( 47.98256164536418567, 15.57751706311805151, -5.000000000000000000 ) ) ;
#7114 = DIRECTION ( 'NONE',  ( 0.000000000000000000, -1.000000000000000000, 0.000000000000000000 ) ) ;
#7115 = VERTEX_POINT ( 'NONE', #5610 ) ;
#7116 = DIRECTION ( 'NONE',  ( -1.000000000000000000, 1.658554010794165323E-16, 0.000000000000000000 ) ) ;
#7117 = ORIENTED_EDGE ( 'NONE', *, *, #2365, .F. ) ;
#7118 = VECTOR ( 'NONE', #4950, 1000.000000000000000 ) ;
#7119 = FACE_OUTER_BOUND ( 'NONE', #2609, .T. ) ;
#7120 = CARTESIAN_POINT ( 'NONE',  ( 12.34334880155074643, -40.97692647319939141, -4.663148035801216729 ) ) ;
#7121 = ORIENTED_EDGE ( 'NONE', *, *, #3835, .F. ) ;
#7122 = AXIS2_PLACEMENT_3D ( 'NONE', #6692, #53, #535 ) ;
#7123 = AXIS2_PLACEMENT_3D ( 'NONE', #2822, #5211, #6481 ) ;
#7124 = CARTESIAN_POINT ( 'NONE',  ( 48.00806037650425395, -8.626537619883473340, -1.000000000000000000 ) ) ;
#7125 = EDGE_CURVE ( 'NONE', #2905, #4805, #2626, .T. ) ;
#7126 = CARTESIAN_POINT ( 'NONE',  ( 23.70130389400117821, -36.54940298368433105, -1.000000000000000000 ) ) ;
#7127 = ORIENTED_EDGE ( 'NONE', *, *, #1251, .T. ) ;
#7128 = CARTESIAN_POINT ( 'NONE',  ( 24.74135658738155286, -33.20712657892761399, 0.5000000000000000000 ) ) ;
#7129 = VECTOR ( 'NONE', #7443, 1000.000000000000000 ) ;
#7130 = CARTESIAN_POINT ( 'NONE',  ( 50.48286430354961851, -41.11841504291471949, -11.50000000000000000 ) ) ;
#7131 = CARTESIAN_POINT ( 'NONE',  ( 48.22735356466326806, -41.61841504291469107, -6.663148035801221170 ) ) ;
#7132 = CARTESIAN_POINT ( 'NONE',  ( 48.87309483438121305, -29.00591734882469908, -1.000000000000000000 ) ) ;
#7133 = VECTOR ( 'NONE', #7007, 1000.000000000000000 ) ;
#7134 = ORIENTED_EDGE ( 'NONE', *, *, #3760, .F. ) ;
#7135 = VECTOR ( 'NONE', #2427, 1000.000000000000000 ) ;
#7136 = EDGE_LOOP ( 'NONE', ( #2372, #1654, #731, #176, #6888, #105, #1223, #3047 ) ) ;
#7137 = ORIENTED_EDGE ( 'NONE', *, *, #2879, .F. ) ;
#7138 = LINE ( 'NONE', #4132, #3153 ) ;
#7139 = ORIENTED_EDGE ( 'NONE', *, *, #2677, .T. ) ;
#7140 = DIRECTION ( 'NONE',  ( -8.042586066086100112E-17, -3.070295484789979924E-17, -1.000000000000000000 ) ) ;
#7141 = CARTESIAN_POINT ( 'NONE',  ( 32.48338076306245625, -31.97260846456628869, 1.000000000000000000 ) ) ;
#7142 = CARTESIAN_POINT ( 'NONE',  ( 7.630780895353984405, -29.46127536097574762, 0.5000000000000000000 ) ) ;
#7143 = EDGE_CURVE ( 'NONE', #5765, #1058, #5493, .T. ) ;
#7144 = ORIENTED_EDGE ( 'NONE', *, *, #665, .F. ) ;
#7145 = CARTESIAN_POINT ( 'NONE',  ( 2.556953323673130551, -45.61841504291471239, -13.43416228946037805 ) ) ;
#7146 = ORIENTED_EDGE ( 'NONE', *, *, #7609, .F. ) ;
#7147 = CARTESIAN_POINT ( 'NONE',  ( 48.22735356466326806, -41.61841504291469107, -11.50000000000000178 ) ) ;
#7148 = FACE_OUTER_BOUND ( 'NONE', #5768, .T. ) ;
#7149 = VERTEX_POINT ( 'NONE', #2552 ) ;
#7150 = TOROIDAL_SURFACE ( 'NONE', #5371, 3.000000000000006217, 3.000000000000000000 ) ;
#7151 = EDGE_CURVE ( 'NONE', #7445, #1326, #907, .T. ) ;
#7152 = DIRECTION ( 'NONE',  ( 1.000000000000000000, 0.000000000000000000, 0.000000000000000000 ) ) ;
#7153 = DIRECTION ( 'NONE',  ( 1.000000000000000000, 0.000000000000000000, -0.000000000000000000 ) ) ;
#7154 = DIRECTION ( 'NONE',  ( -0.000000000000000000, -0.000000000000000000, 1.000000000000000000 ) ) ;
#7155 = ORIENTED_EDGE ( 'NONE', *, *, #6579, .F. ) ;
#7156 = FACE_OUTER_BOUND ( 'NONE', #1389, .T. ) ;
#7157 = DIRECTION ( 'NONE',  ( 0.000000000000000000, -1.000000000000000000, 0.000000000000000000 ) ) ;
#7158 = VERTEX_POINT ( 'NONE', #7350 ) ;
#7159 = CARTESIAN_POINT ( 'NONE',  ( 11.35712804341410909, -28.57448384574423272, 1.000000000000003997 ) ) ;
#7160 = CARTESIAN_POINT ( 'NONE',  ( 33.45612515595094294, -43.29767075805705900, -1.201502112509223119 ) ) ;
#7161 = ADVANCED_FACE ( 'NONE', ( #1960 ), #4211, .T. ) ;
#7162 = CARTESIAN_POINT ( 'NONE',  ( 18.47471805501016107, -45.11841504291469107, -8.884504751596059791 ) ) ;
#7163 = ORIENTED_EDGE ( 'NONE', *, *, #1158, .T. ) ;
#7164 = CIRCLE ( 'NONE', #3508, 0.8000000000000058176 ) ;
#7165 = CARTESIAN_POINT ( 'NONE',  ( 22.00874346641544221, -28.01657019050504260, 1.000000000000000000 ) ) ;
#7166 = CARTESIAN_POINT ( 'NONE',  ( 39.02555838147499401, -41.61841504291470528, 1.000000000000000000 ) ) ;
#7167 = ADVANCED_FACE ( 'NONE', ( #3830, #3250 ), #5053, .T. ) ;
#7168 = CARTESIAN_POINT ( 'NONE',  ( 6.570473558991359653, -34.67958921956724083, 0.5000000000000000000 ) ) ;
#7169 = FACE_OUTER_BOUND ( 'NONE', #1952, .T. ) ;
#7170 = ORIENTED_EDGE ( 'NONE', *, *, #3743, .T. ) ;
#7171 = ORIENTED_EDGE ( 'NONE', *, *, #494, .F. ) ;
#7172 = ORIENTED_EDGE ( 'NONE', *, *, #6176, .F. ) ;
#7173 = CARTESIAN_POINT ( 'NONE',  ( 47.98256164536418567, 18.74374527427764292, -6.663148035801223834 ) ) ;
#7174 = LINE ( 'NONE', #7732, #4471 ) ;
#7175 = VECTOR ( 'NONE', #3125, 1000.000000000000000 ) ;
#7176 = CARTESIAN_POINT ( 'NONE',  ( 16.49851423744933498, -30.38185039656440267, 1.000000000000000000 ) ) ;
#7177 = ORIENTED_EDGE ( 'NONE', *, *, #2067, .T. ) ;
#7178 = CARTESIAN_POINT ( 'NONE',  ( 8.005821606557535830, -35.82765353643838324, -1.000000000000000000 ) ) ;
#7179 = AXIS2_PLACEMENT_3D ( 'NONE', #1504, #2124, #394 ) ;
#7180 = CARTESIAN_POINT ( 'NONE',  ( 13.80532208543057671, -34.76769198022615370, -1.000000000000000444 ) ) ;
#7181 = ORIENTED_EDGE ( 'NONE', *, *, #1883, .T. ) ;
#7182 = CARTESIAN_POINT ( 'NONE',  ( 5.443766477962406647, -38.75495671797978758, -12.05827548305216013 ) ) ;
#7183 = EDGE_CURVE ( 'NONE', #4667, #5705, #2718, .T. ) ;
#7184 = LINE ( 'NONE', #6082, #6800 ) ;
#7185 = CARTESIAN_POINT ( 'NONE',  ( 48.87309483438121305, -26.38459728854136799, -7.285192739890203661 ) ) ;
#7186 = ORIENTED_EDGE ( 'NONE', *, *, #1402, .F. ) ;
#7187 = CIRCLE ( 'NONE', #5032, 5.000000000000003553 ) ;
#7188 = FACE_OUTER_BOUND ( 'NONE', #2234, .T. ) ;
#7189 = CARTESIAN_POINT ( 'NONE',  ( 40.97104298065090688, -31.38865712849714384, -4.163148035801221170 ) ) ;
#7190 = EDGE_LOOP ( 'NONE', ( #260, #3176 ) ) ;
#7191 = CARTESIAN_POINT ( 'NONE',  ( -1.583768117519021912, 19.26742884358607455, -13.41346979660998251 ) ) ;
#7192 = EDGE_CURVE ( 'NONE', #1790, #5, #306, .T. ) ;
#7193 = ORIENTED_EDGE ( 'NONE', *, *, #1375, .T. ) ;
#7194 = FACE_OUTER_BOUND ( 'NONE', #2133, .T. ) ;
#7195 = CARTESIAN_POINT ( 'NONE',  ( 23.52417247832240221, -37.27962091973576264, 1.000000000000000000 ) ) ;
#7196 = VECTOR ( 'NONE', #2461, 1000.000000000000000 ) ;
#7197 = FACE_OUTER_BOUND ( 'NONE', #2894, .T. ) ;
#7198 = VERTEX_POINT ( 'NONE', #2079 ) ;
#7199 = EDGE_CURVE ( 'NONE', #2882, #5322, #2117, .T. ) ;
#7200 = CARTESIAN_POINT ( 'NONE',  ( 11.51487444416346761, -28.09930380842762432, 1.000000000000000000 ) ) ;
#7201 = DIRECTION ( 'NONE',  ( 1.224646799147353207E-16, 1.000000000000000000, -0.000000000000000000 ) ) ;
#7202 = AXIS2_PLACEMENT_3D ( 'NONE', #1367, #5564, #3787 ) ;
#7203 = EDGE_CURVE ( 'NONE', #5442, #4718, #5691, .T. ) ;
#7204 = DIRECTION ( 'NONE',  ( -8.042586066086100112E-17, -3.070295484789979924E-17, -1.000000000000000000 ) ) ;
#7205 = ORIENTED_EDGE ( 'NONE', *, *, #2436, .T. ) ;
#7206 = CARTESIAN_POINT ( 'NONE',  ( 24.74355867080126714, -33.49901734282352095, 1.000000000000537348 ) ) ;
#7207 = DIRECTION ( 'NONE',  ( 2.843808977011159802E-16, -1.000000000000000000, 0.000000000000000000 ) ) ;
#7208 = DIRECTION ( 'NONE',  ( 0.000000000000000000, 1.000000000000000000, -3.070295484789979924E-17 ) ) ;
#7209 = LINE ( 'NONE', #5503, #5358 ) ;
#7210 = EDGE_LOOP ( 'NONE', ( #5896, #3304, #3487, #3148 ) ) ;
#7211 = ORIENTED_EDGE ( 'NONE', *, *, #7279, .T. ) ;
#7212 = ORIENTED_EDGE ( 'NONE', *, *, #4176, .F. ) ;
#7213 = PLANE ( 'NONE',  #905 ) ;
#7214 = LINE ( 'NONE', #7770, #4848 ) ;
#7215 = CARTESIAN_POINT ( 'NONE',  ( 5.047133650134855820, -31.93666837022099969, 1.000000000000000000 ) ) ;
#7216 = CARTESIAN_POINT ( 'NONE',  ( 46.24218702697902472, -45.09330216307193240, -13.47279496234754781 ) ) ;
#7217 = CARTESIAN_POINT ( 'NONE',  ( 32.48338076306245625, -31.97260846456628869, 1.250000000000000000 ) ) ;
#7218 = ADVANCED_FACE ( 'NONE', ( #5091 ), #6790, .F. ) ;
#7219 = FACE_BOUND ( 'NONE', #4063, .T. ) ;
#7220 = LINE ( 'NONE', #739, #7175 ) ;
#7221 = CARTESIAN_POINT ( 'NONE',  ( 9.625558381474968783, 17.63520089990042905, 1.000000000000000000 ) ) ;
#7222 = DIRECTION ( 'NONE',  ( 0.000000000000000000, 1.380205382052140384E-16, -1.000000000000000000 ) ) ;
#7223 = ORIENTED_EDGE ( 'NONE', *, *, #6398, .T. ) ;
#7224 = CARTESIAN_POINT ( 'NONE',  ( 47.27739694321512331, 18.25412805827876639, -2.000000000000000000 ) ) ;
#7225 = AXIS2_PLACEMENT_3D ( 'NONE', #3920, #2009, #239 ) ;
#7226 = LINE ( 'NONE', #5935, #3593 ) ;
#7227 = DIRECTION ( 'NONE',  ( -1.000000000000000000, 0.000000000000000000, 0.000000000000000000 ) ) ;
#7228 = ORIENTED_EDGE ( 'NONE', *, *, #2365, .T. ) ;
#7229 = CARTESIAN_POINT ( 'NONE',  ( 5.925558381474854031, 4.686048302902208640, -9.451567670042738456 ) ) ;
#7230 = DIRECTION ( 'NONE',  ( -1.000000000000000000, 0.000000000000000000, 0.000000000000000000 ) ) ;
#7231 = CIRCLE ( 'NONE', #4319, 0.8000000000000020428 ) ;
#7232 = CARTESIAN_POINT ( 'NONE',  ( 6.372047591694959934, -29.73130898420613377, 1.000000000000000000 ) ) ;
#7233 = ORIENTED_EDGE ( 'NONE', *, *, #2314, .F. ) ;
#7234 = CARTESIAN_POINT ( 'NONE',  ( 12.46251679331591333, -28.62985785125675164, 1.000000000000000000 ) ) ;
#7235 = EDGE_CURVE ( 'NONE', #6105, #3418, #7391, .T. ) ;
#7236 = CARTESIAN_POINT ( 'NONE',  ( 7.387036712235207858, -29.02452577797364697, 1.000000000000000000 ) ) ;
#7237 = VECTOR ( 'NONE', #3827, 1000.000000000000000 ) ;
#7238 = CARTESIAN_POINT ( 'NONE',  ( 21.38613452697493855, -27.95124528786585216, 1.000000000000000000 ) ) ;
#7239 = ORIENTED_EDGE ( 'NONE', *, *, #6570, .T. ) ;
#7240 = EDGE_CURVE ( 'NONE', #296, #803, #1413, .T. ) ;
#7241 = CARTESIAN_POINT ( 'NONE',  ( 25.24401829145486076, -33.50636760243906309, 1.000000000000000000 ) ) ;
#7242 = DIRECTION ( 'NONE',  ( 1.000000000000000000, -0.000000000000000000, 0.000000000000000000 ) ) ;
#7243 = AXIS2_PLACEMENT_3D ( 'NONE', #7217, #4729, #4137 ) ;
#7244 = CIRCLE ( 'NONE', #3832, 1.549999999999922995 ) ;
#7245 = DIRECTION ( 'NONE',  ( 4.891920202254595020E-16, 1.000000000000000000, 1.380205382051887209E-16 ) ) ;
#7246 = ORIENTED_EDGE ( 'NONE', *, *, #3587, .F. ) ;
#7247 = AXIS2_PLACEMENT_3D ( 'NONE', #753, #6168, #791 ) ;
#7248 = ORIENTED_EDGE ( 'NONE', *, *, #3721, .T. ) ;
#7249 = EDGE_CURVE ( 'NONE', #7721, #5964, #7063, .T. ) ;
#7250 = AXIS2_PLACEMENT_3D ( 'NONE', #4233, #3640, #1221 ) ;
#7251 = CARTESIAN_POINT ( 'NONE',  ( 24.01864339560688677, 15.31055444116484487, -1.000000000000000000 ) ) ;
#7252 = DIRECTION ( 'NONE',  ( 0.000000000000000000, -0.000000000000000000, 1.000000000000000000 ) ) ;
#7253 = CARTESIAN_POINT ( 'NONE',  ( 5.925558381474854031, -0.9338809330280344323, -9.451567670042738456 ) ) ;
#7254 = CARTESIAN_POINT ( 'NONE',  ( 5.088165508850781116, -33.01923658587885058, 1.000000000000000000 ) ) ;
#7255 = AXIS2_PLACEMENT_3D ( 'NONE', #5376, #153, #6095 ) ;
#7256 = FACE_BOUND ( 'NONE', #6035, .T. ) ;
#7257 = LINE ( 'NONE', #6338, #7406 ) ;
#7258 = EDGE_CURVE ( 'NONE', #6632, #6384, #2182, .T. ) ;
#7259 = FACE_OUTER_BOUND ( 'NONE', #517, .T. ) ;
#7260 = CIRCLE ( 'NONE', #5882, 3.000000000000002665 ) ;
#7261 = DIRECTION ( 'NONE',  ( 0.000000000000000000, 0.000000000000000000, -1.000000000000000000 ) ) ;
#7262 = DIRECTION ( 'NONE',  ( 0.000000000000000000, 0.000000000000000000, 1.000000000000000000 ) ) ;
#7263 = EDGE_CURVE ( 'NONE', #5251, #4241, #2849, .T. ) ;
#7264 = PLANE ( 'NONE',  #5978 ) ;
#7265 = B_SPLINE_CURVE_WITH_KNOTS ( 'NONE', 3,
 ( #3950, #3370, #2318, #4071, #4697, #3519, #2787, #2864, #7038, #7630, #6370, #5776 ),
 .UNSPECIFIED., .F., .F.,
 ( 4, 2, 2, 2, 2, 4 ),
 ( 0.0002925422009861661514, 0.001324042064045986063, 0.002355541927105806246, 0.002871291858635724795, 0.003387041790165643343, 0.004418541653225466562 ),
 .UNSPECIFIED. ) ;
#7266 = LINE ( 'NONE', #6053, #3476 ) ;
#7267 = EDGE_LOOP ( 'NONE', ( #381, #6226, #3583, #3982 ) ) ;
#7268 = CARTESIAN_POINT ( 'NONE',  ( 44.48286430354961141, -41.11841504291471949, -11.50000000000000000 ) ) ;
#7269 = ORIENTED_EDGE ( 'NONE', *, *, #64, .T. ) ;
#7270 = DIRECTION ( 'NONE',  ( 0.000000000000000000, 0.000000000000000000, -1.000000000000000000 ) ) ;
#7271 = CARTESIAN_POINT ( 'NONE',  ( 0.5350161592050495241, 19.39267481122346837, -6.663148035801219393 ) ) ;
#7272 = CARTESIAN_POINT ( 'NONE',  ( 7.146449324483822529, -29.76606901523076232, 0.5000000000000000000 ) ) ;
#7273 = ORIENTED_EDGE ( 'NONE', *, *, #6492, .T. ) ;
#7274 = CARTESIAN_POINT ( 'NONE',  ( 13.93987608237505604, -30.78025309684932509, 1.000000000000000000 ) ) ;
#7275 = DIRECTION ( 'NONE',  ( -1.000000000000000000, 0.000000000000000000, 0.000000000000000000 ) ) ;
#7276 = CARTESIAN_POINT ( 'NONE',  ( 21.54151492507063281, -27.95411254686584357, 0.9999999999999997780 ) ) ;
#7277 = VERTEX_POINT ( 'NONE', #4565 ) ;
#7278 = CARTESIAN_POINT ( 'NONE',  ( 36.03106969813007510, 15.31055444116484487, -1.000000000000000000 ) ) ;
#7279 = EDGE_CURVE ( 'NONE', #7277, #6393, #6884, .T. ) ;
#7280 = CARTESIAN_POINT ( 'NONE',  ( 49.18491708522419259, -18.65776962898985758, -11.50000000000000000 ) ) ;
#7281 = VECTOR ( 'NONE', #2755, 1000.000000000000000 ) ;
#7282 = CARTESIAN_POINT ( 'NONE',  ( 9.040578396749490153, -36.40780972701072216, 0.5000000000000000000 ) ) ;
#7283 = CARTESIAN_POINT ( 'NONE',  ( 3.625558381474975000, -12.76479910009956775, 1.000000000000000000 ) ) ;
#7284 = ORIENTED_EDGE ( 'NONE', *, *, #1678, .F. ) ;
#7285 = AXIS2_PLACEMENT_3D ( 'NONE', #6962, #234, #2669 ) ;
#7286 = ORIENTED_EDGE ( 'NONE', *, *, #5927, .T. ) ;
#7287 = VERTEX_POINT ( 'NONE', #4684 ) ;
#7288 = CARTESIAN_POINT ( 'NONE',  ( 1.032475904716213977, -0.9338809330280344323, -1.000000000000000000 ) ) ;
#7289 = EDGE_CURVE ( 'NONE', #5169, #4857, #6238, .T. ) ;
#7290 = DIRECTION ( 'NONE',  ( 0.000000000000000000, -1.000000000000000000, 0.000000000000000000 ) ) ;
#7291 = VECTOR ( 'NONE', #7116, 1000.000000000000000 ) ;
#7292 = CARTESIAN_POINT ( 'NONE',  ( 24.50177505780935050, -31.64340759783219781, 0.5000000000000000000 ) ) ;
#7293 = VERTEX_POINT ( 'NONE', #2261 ) ;
#7294 = LINE ( 'NONE', #7333, #7542 ) ;
#7295 = ORIENTED_EDGE ( 'NONE', *, *, #1005, .F. ) ;
#7296 = ADVANCED_FACE ( 'NONE', ( #6506 ), #7579, .T. ) ;
#7297 = VECTOR ( 'NONE', #3799, 1000.000000000000000 ) ;
#7298 = VECTOR ( 'NONE', #2109, 1000.000000000000000 ) ;
#7299 = FACE_OUTER_BOUND ( 'NONE', #6330, .T. ) ;
#7300 = DIRECTION ( 'NONE',  ( 0.000000000000000000, 0.000000000000000000, 1.000000000000000000 ) ) ;
#7301 = DIRECTION ( 'NONE',  ( 1.000000000000000000, -0.000000000000000000, -0.000000000000000000 ) ) ;
#7302 = DIRECTION ( 'NONE',  ( -0.000000000000000000, -0.000000000000000000, 1.000000000000000000 ) ) ;
#7303 = AXIS2_PLACEMENT_3D ( 'NONE', #4997, #7413, #6815 ) ;
#7304 = DIRECTION ( 'NONE',  ( 0.000000000000000000, 0.000000000000000000, -1.000000000000000000 ) ) ;
#7305 = FACE_OUTER_BOUND ( 'NONE', #4145, .T. ) ;
#7306 = EDGE_LOOP ( 'NONE', ( #7549, #4618, #5902, #1053 ) ) ;
#7307 = EDGE_CURVE ( 'NONE', #3943, #5892, #2141, .T. ) ;
#7308 = ORIENTED_EDGE ( 'NONE', *, *, #2521, .T. ) ;
#7309 = CARTESIAN_POINT ( 'NONE',  ( 22.32161360254593419, -37.55797721334799633, 1.000000000000000000 ) ) ;
#7310 = AXIS2_PLACEMENT_3D ( 'NONE', #7042, #3490, #7787 ) ;
#7311 = CARTESIAN_POINT ( 'NONE',  ( 7.641505723071309042, -29.45492736082865548, 0.5000000000000000000 ) ) ;
#7312 = PLANE ( 'NONE',  #1337 ) ;
#7313 = VERTEX_POINT ( 'NONE', #6395 ) ;
#7314 = CARTESIAN_POINT ( 'NONE',  ( 14.23302805337447730, -31.66691173234915979, 1.000000000000000000 ) ) ;
#7315 = DIRECTION ( 'NONE',  ( -0.000000000000000000, -0.000000000000000000, -1.000000000000000000 ) ) ;
#7316 = CARTESIAN_POINT ( 'NONE',  ( 49.18491708522419259, -18.65776962898985758, -1.000000000000000000 ) ) ;
#7317 = ADVANCED_FACE ( 'NONE', ( #1008 ), #3390, .F. ) ;
#7318 = VERTEX_POINT ( 'NONE', #5199 ) ;
#7319 = VECTOR ( 'NONE', #6773, 1000.000000000000000 ) ;
#7320 = CARTESIAN_POINT ( 'NONE',  ( 2.890344587278875554, -47.11841504291472660, -11.50000000000000000 ) ) ;
#7321 = DIRECTION ( 'NONE',  ( 0.000000000000000000, 0.000000000000000000, 1.000000000000000000 ) ) ;
#7322 = CARTESIAN_POINT ( 'NONE',  ( 5.537000576893476023, -32.61299983887327869, 0.5000000000000001110 ) ) ;
#7323 = CIRCLE ( 'NONE', #926, 3.000000000000002665 ) ;
#7324 = CARTESIAN_POINT ( 'NONE',  ( 37.72555838147485474, -8.763023730668722422, -2.000000000000014655 ) ) ;
#7325 = VERTEX_POINT ( 'NONE', #4608 ) ;
#7326 = ORIENTED_EDGE ( 'NONE', *, *, #5514, .F. ) ;
#7327 = PLANE ( 'NONE',  #1354 ) ;
#7328 = CARTESIAN_POINT ( 'NONE',  ( 44.48286430354959720, 21.24374527427767845, -2.000000000000000000 ) ) ;
#7329 = CARTESIAN_POINT ( 'NONE',  ( 12.44464389572888940, -37.39963694520989179, 0.9999999999999997780 ) ) ;
#7330 = CARTESIAN_POINT ( 'NONE',  ( 24.72587831462520214, -34.07520290994810352, 0.5000000000000000000 ) ) ;
#7331 = EDGE_CURVE ( 'NONE', #5822, #1922, #1219, .T. ) ;
#7332 = ORIENTED_EDGE ( 'NONE', *, *, #1863, .F. ) ;
#7333 = CARTESIAN_POINT ( 'NONE',  ( 37.72555838147485474, 4.686048302902208640, -9.451567670042738456 ) ) ;
#7334 = CARTESIAN_POINT ( 'NONE',  ( 44.27741491030283072, 22.73286316576132293, -13.43926885403509708 ) ) ;
#7335 = EDGE_CURVE ( 'NONE', #2274, #811, #2415, .T. ) ;
#7336 = EDGE_CURVE ( 'NONE', #3407, #2750, #7214, .T. ) ;
#7337 = CARTESIAN_POINT ( 'NONE',  ( 14.35904445247392047, -32.26775421832280699, 1.000000000000000222 ) ) ;
#7338 = CARTESIAN_POINT ( 'NONE',  ( 34.02555838147497980, 14.63520089990042550, -1.000000000000000000 ) ) ;
#7339 = CARTESIAN_POINT ( 'NONE',  ( 23.70130389400117821, -36.54940298368433105, 1.000000000000000000 ) ) ;
#7340 = CARTESIAN_POINT ( 'NONE',  ( 1.335016159205053343, 19.39267481122346837, -1.000000000000000888 ) ) ;
#7341 = ORIENTED_EDGE ( 'NONE', *, *, #2691, .F. ) ;
#7342 = LINE ( 'NONE', #707, #520 ) ;
#7343 = ORIENTED_EDGE ( 'NONE', *, *, #1146, .F. ) ;
#7344 = EDGE_CURVE ( 'NONE', #3861, #4805, #1967, .T. ) ;
#7345 = CARTESIAN_POINT ( 'NONE',  ( 20.50297273451332458, -37.25837423762408207, 1.000000000000000000 ) ) ;
#7346 = CARTESIAN_POINT ( 'NONE',  ( 48.48284034743263504, -41.10457133091320259, -13.50000000000000178 ) ) ;
#7347 = FACE_OUTER_BOUND ( 'NONE', #6301, .T. ) ;
#7348 = ORIENTED_EDGE ( 'NONE', *, *, #122, .T. ) ;
#7349 = CARTESIAN_POINT ( 'NONE',  ( -0.1096554127211217672, 18.24374527427762160, -2.000000000000000000 ) ) ;
#7350 = CARTESIAN_POINT ( 'NONE',  ( 49.00749553206704690, -8.626537619883473340, -1.000000000000000000 ) ) ;
#7351 = CARTESIAN_POINT ( 'NONE',  ( 50.43882914757952562, -28.38459728854136799, -7.285192739890204550 ) ) ;
#7352 = DIRECTION ( 'NONE',  ( -8.042586066086101344E-17, -3.070295484789979924E-17, -1.000000000000000000 ) ) ;
#7353 = ORIENTED_EDGE ( 'NONE', *, *, #5536, .F. ) ;
#7354 = CIRCLE ( 'NONE', #2832, 3.000000000000002665 ) ;
#7355 = CARTESIAN_POINT ( 'NONE',  ( 49.18491708522419259, -18.65776962898985758, -1.000000000000000000 ) ) ;
#7356 = CARTESIAN_POINT ( 'NONE',  ( 12.06133605906837403, -24.76759449452900341, -3.000000000000000000 ) ) ;
#7357 = DIRECTION ( 'NONE',  ( 1.000000000000000000, -0.000000000000000000, 0.000000000000000000 ) ) ;
#7358 = EDGE_CURVE ( 'NONE', #1162, #6105, #7174, .T. ) ;
#7359 = AXIS2_PLACEMENT_3D ( 'NONE', #5491, #6785, #4459 ) ;
#7360 = CARTESIAN_POINT ( 'NONE',  ( 48.22735356466326806, -41.61841504291469107, -13.50000000000000178 ) ) ;
#7361 = VERTEX_POINT ( 'NONE', #6037 ) ;
#7362 = ORIENTED_EDGE ( 'NONE', *, *, #2491, .T. ) ;
#7363 = DIRECTION ( 'NONE',  ( -0.000000000000000000, -0.000000000000000000, 1.000000000000000000 ) ) ;
#7364 = LINE ( 'NONE', #6727, #1473 ) ;
#7365 = COLOUR_RGB ( '',0.7921568627450980005, 0.8196078431372548767, 0.9333333333333333481 ) ;
#7366 = CARTESIAN_POINT ( 'NONE',  ( 48.22735356466326806, -41.61841504291469107, -11.50000000000000000 ) ) ;
#7367 = CARTESIAN_POINT ( 'NONE',  ( 46.08259321813340392, 10.28286628251796131, -5.000000000000000000 ) ) ;
#7368 = AXIS2_PLACEMENT_3D ( 'NONE', #5707, #4636, #3345 ) ;
#7369 = ORIENTED_EDGE ( 'NONE', *, *, #2476, .F. ) ;
#7370 = CIRCLE ( 'NONE', #4098, 6.000000000000005329 ) ;
#7371 = ORIENTED_EDGE ( 'NONE', *, *, #4725, .F. ) ;
#7372 = CARTESIAN_POINT ( 'NONE',  ( 42.75536511354717817, -25.67721764505392912, -4.163148035801221170 ) ) ;
#7373 = CARTESIAN_POINT ( 'NONE',  ( 11.51362630302569912, -28.09889195647295423, 1.000000000000000222 ) ) ;
#7374 = AXIS2_PLACEMENT_3D ( 'NONE', #3751, #6916, #1414 ) ;
#7375 = CARTESIAN_POINT ( 'NONE',  ( 17.17112418600456536, -30.39965646809920941, 1.000000000000186295 ) ) ;
#7376 = EDGE_LOOP ( 'NONE', ( #1528, #7062, #2001, #5746 ) ) ;
#7377 = CARTESIAN_POINT ( 'NONE',  ( -3.609655412721123557, -16.81500368935729028, -9.761502062182218609 ) ) ;
#7378 = EDGE_CURVE ( 'NONE', #2397, #1432, #651, .T. ) ;
#7379 = DIRECTION ( 'NONE',  ( 0.000000000000000000, 1.000000000000000000, -3.070295484789979924E-17 ) ) ;
#7380 = ORIENTED_EDGE ( 'NONE', *, *, #6385, .T. ) ;
#7381 = AXIS2_PLACEMENT_3D ( 'NONE', #2998, #4284, #4317 ) ;
#7382 = CIRCLE ( 'NONE', #1355, 5.999999999999994671 ) ;
#7383 = DIRECTION ( 'NONE',  ( -1.000000000000000000, 0.000000000000000000, 0.000000000000000000 ) ) ;
#7384 = ORIENTED_EDGE ( 'NONE', *, *, #1001, .F. ) ;
#7385 = ORIENTED_EDGE ( 'NONE', *, *, #6752, .T. ) ;
#7386 = LINE ( 'NONE', #4499, #417 ) ;
#7387 = CARTESIAN_POINT ( 'NONE',  ( 5.029430781333720013, -32.09295304957249328, 1.000000000000000000 ) ) ;
#7388 = LINE ( 'NONE', #1921, #7492 ) ;
#7389 = VERTEX_POINT ( 'NONE', #1163 ) ;
#7390 = CARTESIAN_POINT ( 'NONE',  ( 9.511758178611801284, -28.62817648211415289, 0.5000000000000000000 ) ) ;
#7391 = LINE ( 'NONE', #1999, #4333 ) ;
#7392 = EDGE_CURVE ( 'NONE', #5408, #804, #5998, .T. ) ;
#7393 = DIRECTION ( 'NONE',  ( 0.000000000000000000, 0.000000000000000000, 1.000000000000000000 ) ) ;
#7394 = ORIENTED_EDGE ( 'NONE', *, *, #2691, .T. ) ;
#7395 = CARTESIAN_POINT ( 'NONE',  ( 28.28877323985574321, -47.11841504291469107, -6.284504751596059258 ) ) ;
#7396 = VERTEX_POINT ( 'NONE', #2452 ) ;
#7397 = FACE_OUTER_BOUND ( 'NONE', #6075, .T. ) ;
#7398 = CARTESIAN_POINT ( 'NONE',  ( 20.30579257634530066, -28.62800523272382591, 1.000000000000000000 ) ) ;
#7399 = FACE_OUTER_BOUND ( 'NONE', #2911, .T. ) ;
#7400 = FACE_BOUND ( 'NONE', #6726, .T. ) ;
#7401 = ADVANCED_FACE ( 'NONE', ( #1901 ), #4838, .F. ) ;
#7402 = CARTESIAN_POINT ( 'NONE',  ( 5.925558381474851366, -8.763023730668722422, -2.000000000000014655 ) ) ;
#7403 = ORIENTED_EDGE ( 'NONE', *, *, #1678, .T. ) ;
#7404 = EDGE_LOOP ( 'NONE', ( #2373, #6324, #3513, #3162 ) ) ;
#7405 = LINE ( 'NONE', #922, #5502 ) ;
#7406 = VECTOR ( 'NONE', #4476, 1000.000000000000000 ) ;
#7407 = CARTESIAN_POINT ( 'NONE',  ( 20.79935739506844072, -27.40059932053939917, -6.201502112509219344 ) ) ;
#7408 = ADVANCED_FACE ( 'NONE', ( #2929 ), #3078, .F. ) ;
#7409 = CARTESIAN_POINT ( 'NONE',  ( 24.46512585913088600, -35.25552670649772580, -1.000000000000000000 ) ) ;
#7410 = CARTESIAN_POINT ( 'NONE',  ( 50.30136346396074032, 11.33447814960963917, -7.285192739890222313 ) ) ;
#7411 = EDGE_LOOP ( 'NONE', ( #370, #2164, #1441, #7594 ) ) ;
#7412 = ORIENTED_EDGE ( 'NONE', *, *, #1634, .F. ) ;
#7413 = DIRECTION ( 'NONE',  ( 0.000000000000000000, 0.000000000000000000, 1.000000000000000000 ) ) ;
#7414 = CARTESIAN_POINT ( 'NONE',  ( 14.45002806687362984, -33.50323681608706750, 0.9999999999999997780 ) ) ;
#7415 = AXIS2_PLACEMENT_3D ( 'NONE', #4184, #4856, #1845 ) ;
#7416 = CARTESIAN_POINT ( 'NONE',  ( 16.41938941646823480, -31.62220776993950722, 1.000000000000000000 ) ) ;
#7417 = LINE ( 'NONE', #106, #4840 ) ;
#7418 = CIRCLE ( 'NONE', #4765, 1.999999999999997558 ) ;
#7419 = CARTESIAN_POINT ( 'NONE',  ( -1.609655412721123335, 11.54623778400322109, -9.592411343199959362 ) ) ;
#7420 = ORIENTED_EDGE ( 'NONE', *, *, #924, .F. ) ;
#7421 = CIRCLE ( 'NONE', #6166, 0.8000000000000020428 ) ;
#7422 = FACE_OUTER_BOUND ( 'NONE', #7411, .T. ) ;
#7423 = ORIENTED_EDGE ( 'NONE', *, *, #1402, .T. ) ;
#7424 = CARTESIAN_POINT ( 'NONE',  ( 5.644693691445203498, 10.57728446746354045, -9.592411343199959362 ) ) ;
#7425 = CARTESIAN_POINT ( 'NONE',  ( 6.092258453556910425, -30.69977162709889384, 1.000000000000000000 ) ) ;
#7426 = DIRECTION ( 'NONE',  ( 0.000000000000000000, -3.070295484789979924E-17, -1.000000000000000000 ) ) ;
#7427 = ORIENTED_EDGE ( 'NONE', *, *, #3106, .F. ) ;
#7428 = CARTESIAN_POINT ( 'NONE',  ( 8.965874481331251644, -28.81660267179378110, 1.000000000000000000 ) ) ;
#7429 = CARTESIAN_POINT ( 'NONE',  ( 9.625558381474982994, -12.76479910009956775, -1.000000000000000000 ) ) ;
#7430 = DIRECTION ( 'NONE',  ( -0.000000000000000000, -0.000000000000000000, 1.000000000000000000 ) ) ;
#7431 = ADVANCED_FACE ( 'NONE', ( #2962 ), #4245, .F. ) ;
#7432 = ORIENTED_EDGE ( 'NONE', *, *, #1863, .T. ) ;
#7433 = CIRCLE ( 'NONE', #5027, 1.000000000000000000 ) ;
#7434 = CARTESIAN_POINT ( 'NONE',  ( -3.109655412721124002, -41.11841504291472660, -11.49999999999999822 ) ) ;
#7435 = ORIENTED_EDGE ( 'NONE', *, *, #1808, .F. ) ;
#7436 = LINE ( 'NONE', #3256, #141 ) ;
#7437 = CARTESIAN_POINT ( 'NONE',  ( 47.98256164536418567, 14.42020381552566732, -1.000000000000000000 ) ) ;
#7438 = EDGE_CURVE ( 'NONE', #5640, #6504, #1758, .T. ) ;
#7439 = DIRECTION ( 'NONE',  ( -2.469311568473896000E-33, 1.000000000000000000, -3.070295484789979924E-17 ) ) ;
#7440 = LINE ( 'NONE', #4943, #5972 ) ;
#7441 = TOROIDAL_SURFACE ( 'NONE', #5670, 2.999999999999994671, 1.000000000000000000 ) ;
#7442 = ADVANCED_FACE ( 'NONE', ( #91, #3655 ), #1828, .T. ) ;
#7443 = DIRECTION ( 'NONE',  ( 1.000000000000000000, -0.000000000000000000, -0.000000000000000000 ) ) ;
#7444 = CARTESIAN_POINT ( 'NONE',  ( 44.48286430354961141, -41.11841504291471949, -11.50000000000000178 ) ) ;
#7445 = VERTEX_POINT ( 'NONE', #7288 ) ;
#7446 = CARTESIAN_POINT ( 'NONE',  ( 37.24050430185577198, -40.97692647319939141, -13.76255307708051490 ) ) ;
#7447 = DIRECTION ( 'NONE',  ( -8.042586066086101344E-17, -3.070295484789979924E-17, -1.000000000000000000 ) ) ;
#7448 = VECTOR ( 'NONE', #3708, 1000.000000000000000 ) ;
#7449 = CARTESIAN_POINT ( 'NONE',  ( 1.032475904716213977, -0.9338809330280344323, -9.451567670042738456 ) ) ;
#7450 = CYLINDRICAL_SURFACE ( 'NONE', #6994, 1.000000000000000000 ) ;
#7451 = ORIENTED_EDGE ( 'NONE', *, *, #5699, .F. ) ;
#7452 = ORIENTED_EDGE ( 'NONE', *, *, #5903, .F. ) ;
#7453 = VECTOR ( 'NONE', #4051, 1000.000000000000000 ) ;
#7454 = CARTESIAN_POINT ( 'NONE',  ( 16.57761508520665217, -31.05690171790831755, 0.5000000000000000000 ) ) ;
#7455 = DIRECTION ( 'NONE',  ( -1.000000000000000000, 0.000000000000000000, 1.453169479452032859E-16 ) ) ;
#7456 = CARTESIAN_POINT ( 'NONE',  ( 17.16608198825547049, -29.73113773141713168, 1.000000000000000000 ) ) ;
#7457 = FACE_OUTER_BOUND ( 'NONE', #7613, .T. ) ;
#7458 = EDGE_CURVE ( 'NONE', #3373, #4413, #1311, .T. ) ;
#7459 = LINE ( 'NONE', #859, #220 ) ;
#7460 = CARTESIAN_POINT ( 'NONE',  ( -0.2547243478037877762, 21.75566479579845947, -13.37082330520272855 ) ) ;
#7461 = ORIENTED_EDGE ( 'NONE', *, *, #2242, .T. ) ;
#7462 = EDGE_LOOP ( 'NONE', ( #14, #28 ) ) ;
#7463 = CARTESIAN_POINT ( 'NONE',  ( -1.609655412721123557, 18.41043000725841594, -13.43649167310370807 ) ) ;
#7464 = CARTESIAN_POINT ( 'NONE',  ( 5.851083539108536513, -33.67762110647176854, 0.5000000000000000000 ) ) ;
#7465 = DIRECTION ( 'NONE',  ( 0.000000000000000000, -1.000000000000000000, -0.000000000000000000 ) ) ;
#7466 = EDGE_LOOP ( 'NONE', ( #2544, #287, #4416, #2501 ) ) ;
#7467 = FACE_OUTER_BOUND ( 'NONE', #5507, .T. ) ;
#7468 = DIRECTION ( 'NONE',  ( 1.000000000000000000, -0.000000000000000000, -0.000000000000000000 ) ) ;
#7469 = CARTESIAN_POINT ( 'NONE',  ( 46.08259321813341103, -40.97692647319937720, -5.000000000000000000 ) ) ;
#7470 = VERTEX_POINT ( 'NONE', #5318 ) ;
#7471 = CARTESIAN_POINT ( 'NONE',  ( 12.78306889744279040, -36.64671638948355792, 0.5000000000000000000 ) ) ;
#7472 = ORIENTED_EDGE ( 'NONE', *, *, #3641, .T. ) ;
#7473 = CARTESIAN_POINT ( 'NONE',  ( 9.625558381474982994, -17.76479910009957308, 0.000000000000000000 ) ) ;
#7474 = LINE ( 'NONE', #1586, #3886 ) ;
#7475 = ADVANCED_FACE ( 'NONE', ( #5960, #5355, #4758, #1795, #4172 ), #17, .T. ) ;
#7476 = CARTESIAN_POINT ( 'NONE',  ( 37.24050430185577198, -40.97692647319939141, -4.663148035801220281 ) ) ;
#7477 = FACE_OUTER_BOUND ( 'NONE', #6190, .T. ) ;
#7478 = EDGE_CURVE ( 'NONE', #1897, #4755, #3001, .T. ) ;
#7479 = CIRCLE ( 'NONE', #2828, 0.8000000000000038192 ) ;
#7480 = LINE ( 'NONE', #5704, #7784 ) ;
#7481 = ORIENTED_EDGE ( 'NONE', *, *, #5855, .F. ) ;
#7482 = CARTESIAN_POINT ( 'NONE',  ( 50.43190725012332365, -26.38459728854136799, -5.285192739890203661 ) ) ;
#7483 = CARTESIAN_POINT ( 'NONE',  ( -3.109655412721123557, -16.81500368935628842, -6.001502062183216246 ) ) ;
#7484 = ORIENTED_EDGE ( 'NONE', *, *, #4120, .T. ) ;
#7485 = AXIS2_PLACEMENT_3D ( 'NONE', #3223, #5620, #6379 ) ;
#7486 = DIRECTION ( 'NONE',  ( 2.843808977011159309E-16, -1.000000000000000000, 0.000000000000000000 ) ) ;
#7487 = CARTESIAN_POINT ( 'NONE',  ( 21.79170636405266492, -28.48364284247990597, 0.5000000000000000000 ) ) ;
#7488 = ORIENTED_EDGE ( 'NONE', *, *, #5545, .T. ) ;
#7489 = EDGE_CURVE ( 'NONE', #3014, #7780, #7364, .T. ) ;
#7490 = EDGE_CURVE ( 'NONE', #6954, #6978, #6807, .T. ) ;
#7491 = ORIENTED_EDGE ( 'NONE', *, *, #2096, .T. ) ;
#7492 = VECTOR ( 'NONE', #3171, 1000.000000000000000 ) ;
#7493 = CYLINDRICAL_SURFACE ( 'NONE', #657, 4.500000000000003553 ) ;
#7494 = CARTESIAN_POINT ( 'NONE',  ( -3.109655412721124002, -41.11841504291472660, -2.000000000000000000 ) ) ;
#7495 = CARTESIAN_POINT ( 'NONE',  ( -1.109655412721122225, -41.11841504291471949, -11.49999999999999822 ) ) ;
#7496 = VECTOR ( 'NONE', #1648, 1000.000000000000000 ) ;
#7497 = AXIS2_PLACEMENT_3D ( 'NONE', #3851, #1472, #6810 ) ;
#7498 = CARTESIAN_POINT ( 'NONE',  ( 7.323732930487380166, -40.97692647319939141, -13.76255307708051312 ) ) ;
#7499 = ADVANCED_FACE ( 'NONE', ( #1429 ), #2565, .T. ) ;
#7500 = EDGE_CURVE ( 'NONE', #7003, #3361, #244, .T. ) ;
#7501 = FACE_OUTER_BOUND ( 'NONE', #5722, .T. ) ;
#7502 = DIRECTION ( 'NONE',  ( -1.238178564962006334E-44, 1.380205382051887209E-16, -1.000000000000000000 ) ) ;
#7503 = VECTOR ( 'NONE', #3578, 1000.000000000000000 ) ;
#7504 = ORIENTED_EDGE ( 'NONE', *, *, #2481, .F. ) ;
#7505 = AXIS2_PLACEMENT_3D ( 'NONE', #762, #3035, #3572 ) ;
#7506 = ORIENTED_EDGE ( 'NONE', *, *, #695, .F. ) ;
#7507 = DIRECTION ( 'NONE',  ( -0.000000000000000000, -0.000000000000000000, 1.000000000000000000 ) ) ;
#7508 = EDGE_CURVE ( 'NONE', #4406, #1610, #2596, .T. ) ;
#7509 = CARTESIAN_POINT ( 'NONE',  ( 5.047146343923792244, -31.93657867483404189, 1.000000000000000000 ) ) ;
#7510 = CARTESIAN_POINT ( 'NONE',  ( 42.50367785261521192, -7.832828546790673307, -1.000000000000000000 ) ) ;
#7511 = ORIENTED_EDGE ( 'NONE', *, *, #5168, .T. ) ;
#7512 = CARTESIAN_POINT ( 'NONE',  ( 10.32765358240498976, -28.46469864719067289, 1.000000000000000000 ) ) ;
#7513 = PRODUCT_DEFINITION_FORMATION_WITH_SPECIFIED_SOURCE ( 'ä»', '', #4017, .NOT_KNOWN. ) ;
#7514 = DIRECTION ( 'NONE',  ( -1.000000000000000000, -1.873501354054951908E-16, 8.042586066086101344E-17 ) ) ;
#7515 = VECTOR ( 'NONE', #4663, 1000.000000000000000 ) ;
#7516 = PLANE ( 'NONE',  #7374 ) ;
#7517 = ORIENTED_EDGE ( 'NONE', *, *, #515, .F. ) ;
#7518 = CARTESIAN_POINT ( 'NONE',  ( 12.84632312829897494, -36.59969457567468964, 0.5000000000000000000 ) ) ;
#7519 = ORIENTED_EDGE ( 'NONE', *, *, #5189, .F. ) ;
#7520 = LINE ( 'NONE', #355, #6927 ) ;
#7521 =( LENGTH_UNIT ( ) NAMED_UNIT ( * ) SI_UNIT ( .MILLI., .METRE. ) );
#7522 = AXIS2_PLACEMENT_3D ( 'NONE', #7429, #188, #6288 ) ;
#7523 = CARTESIAN_POINT ( 'NONE',  ( 42.50367785261521192, -7.832828546790673307, -9.592411343199959362 ) ) ;
#7524 = DIRECTION ( 'NONE',  ( -0.000000000000000000, -0.000000000000000000, 1.000000000000000000 ) ) ;
#7525 = CARTESIAN_POINT ( 'NONE',  ( 19.35212614258595565, -36.14544111925425085, 0.4999999999999998890 ) ) ;
#7526 = DIRECTION ( 'NONE',  ( 0.8608031657100170264, 0.5089380216722002581, -0.000000000000000000 ) ) ;
#7527 = ADVANCED_FACE ( 'NONE', ( #2092 ), #768, .T. ) ;
#7528 = VERTEX_POINT ( 'NONE', #4990 ) ;
#7529 = CARTESIAN_POINT ( 'NONE',  ( 18.43196421816513819, -29.45687031055510374, 0.4999999999999998890 ) ) ;
#7530 = CARTESIAN_POINT ( 'NONE',  ( 24.11452033393612382, -36.06720800660755089, 0.5000000000000000000 ) ) ;
#7531 = CIRCLE ( 'NONE', #365, 3.999999999999996447 ) ;
#7532 = ADVANCED_FACE ( 'NONE', ( #6890 ), #6266, .F. ) ;
#7533 = CARTESIAN_POINT ( 'NONE',  ( 20.36344751364976347, -28.59972921250432520, -1.000000000000000000 ) ) ;
#7534 = DIRECTION ( 'NONE',  ( -1.000000000000000000, 0.000000000000000000, 2.710505431213748266E-16 ) ) ;
#7535 = ORIENTED_EDGE ( 'NONE', *, *, #5668, .T. ) ;
#7536 = VERTEX_POINT ( 'NONE', #7483 ) ;
#7537 = CARTESIAN_POINT ( 'NONE',  ( 19.58855524272670579, -36.27972886006094200, -1.000000000000000000 ) ) ;
#7538 = DIRECTION ( 'NONE',  ( 0.000000000000000000, 1.000000000000000000, 0.000000000000000000 ) ) ;
#7539 = CARTESIAN_POINT ( 'NONE',  ( 5.925558381474851366, -8.763023730668722422, -9.592411343199959362 ) ) ;
#7540 = ADVANCED_FACE ( 'NONE', ( #3116 ), #4481, .T. ) ;
#7541 = CARTESIAN_POINT ( 'NONE',  ( 12.34334880155074643, -40.56364722183403160, -1.000000000000000000 ) ) ;
#7542 = VECTOR ( 'NONE', #4918, 1000.000000000000000 ) ;
#7543 = CARTESIAN_POINT ( 'NONE',  ( 28.28877323985573611, -45.61841504291471949, -6.284504751596059258 ) ) ;
#7544 = EDGE_CURVE ( 'NONE', #5797, #2056, #5598, .T. ) ;
#7545 = DIRECTION ( 'NONE',  ( 0.000000000000000000, 0.000000000000000000, 1.000000000000000000 ) ) ;
#7546 = ORIENTED_EDGE ( 'NONE', *, *, #3072, .F. ) ;
#7547 = ORIENTED_EDGE ( 'NONE', *, *, #798, .T. ) ;
#7548 = DIRECTION ( 'NONE',  ( 0.000000000000000000, 1.000000000000000000, 1.380205382052140384E-16 ) ) ;
#7549 = ORIENTED_EDGE ( 'NONE', *, *, #6398, .F. ) ;
#7550 = LINE ( 'NONE', #182, #4173 ) ;
#7551 = CARTESIAN_POINT ( 'NONE',  ( 5.762300786632658323, -31.24954478172015726, 0.5000000000000000000 ) ) ;
#7552 = ORIENTED_EDGE ( 'NONE', *, *, #4853, .T. ) ;
#7553 = CARTESIAN_POINT ( 'NONE',  ( 42.43323950058334759, -40.97692647319937720, -1.000000000000000000 ) ) ;
#7554 = FACE_OUTER_BOUND ( 'NONE', #6182, .T. ) ;
#7555 = LINE ( 'NONE', #7676, #5611 ) ;
#7556 = EDGE_CURVE ( 'NONE', #7536, #1581, #6371, .T. ) ;
#7557 = EDGE_LOOP ( 'NONE', ( #2824, #4782, #1217, #6444 ) ) ;
#7558 = EDGE_CURVE ( 'NONE', #2926, #165, #3152, .T. ) ;
#7559 = DIRECTION ( 'NONE',  ( -1.000000000000000000, 0.000000000000000000, 0.000000000000000000 ) ) ;
#7560 = ORIENTED_EDGE ( 'NONE', *, *, #6805, .F. ) ;
#7561 = CARTESIAN_POINT ( 'NONE',  ( 36.03106969813007510, 15.31055444116484487, -9.592411343199959362 ) ) ;
#7562 = AXIS2_PLACEMENT_3D ( 'NONE', #1838, #6624, #1242 ) ;
#7563 = DIRECTION ( 'NONE',  ( -0.000000000000000000, -0.000000000000000000, 1.000000000000000000 ) ) ;
#7564 = CARTESIAN_POINT ( 'NONE',  ( 13.56502739940759206, -36.58844874396898916, 1.000000000000000000 ) ) ;
#7565 = CARTESIAN_POINT ( 'NONE',  ( 16.84612788912695081, -34.03398580034389198, 0.5000000000000000000 ) ) ;
#7566 = CIRCLE ( 'NONE', #6547, 1.000000000000000000 ) ;
#7567 = EDGE_CURVE ( 'NONE', #986, #6292, #3099, .T. ) ;
#7568 = LINE ( 'NONE', #400, #4000 ) ;
#7569 = ORIENTED_EDGE ( 'NONE', *, *, #7544, .F. ) ;
#7570 = DIRECTION ( 'NONE',  ( 0.000000000000000000, 0.000000000000000000, -1.000000000000000000 ) ) ;
#7571 = CARTESIAN_POINT ( 'NONE',  ( 24.48226687068773089, -35.19095109397428445, 0.5000000000000000000 ) ) ;
#7572 = ORIENTED_EDGE ( 'NONE', *, *, #5455, .T. ) ;
#7573 = AXIS2_PLACEMENT_3D ( 'NONE', #5967, #1802, #7261 ) ;
#7574 = CARTESIAN_POINT ( 'NONE',  ( 47.98256164536418567, 18.74374527427764292, -13.50000000000000355 ) ) ;
#7575 = CARTESIAN_POINT ( 'NONE',  ( 23.21649563525398818, -29.25983145103819183, 0.5000000000000000000 ) ) ;
#7576 = ORIENTED_EDGE ( 'NONE', *, *, #4390, .T. ) ;
#7577 = ORIENTED_EDGE ( 'NONE', *, *, #6040, .T. ) ;
#7578 = DIRECTION ( 'NONE',  ( 0.000000000000000000, -1.000000000000000000, 0.000000000000000000 ) ) ;
#7579 = CYLINDRICAL_SURFACE ( 'NONE', #5732, 2.000000000000001776 ) ;
#7580 = AXIS2_PLACEMENT_3D ( 'NONE', #5714, #1438, #934 ) ;
#7581 = CARTESIAN_POINT ( 'NONE',  ( 13.46712249850430787, -36.70595100445765979, 1.000000000000000222 ) ) ;
#7582 = CARTESIAN_POINT ( 'NONE',  ( 16.32232612711769093, -32.51960965085978472, 1.000000000000000000 ) ) ;
#7583 = ADVANCED_FACE ( 'NONE', ( #2058 ), #4438, .F. ) ;
#7584 = CARTESIAN_POINT ( 'NONE',  ( 31.27174601004611887, -39.42070666598473139, -4.663148035801220281 ) ) ;
#7585 = AXIS2_PLACEMENT_3D ( 'NONE', #5642, #224, #6242 ) ;
#7586 = FACE_OUTER_BOUND ( 'NONE', #2081, .T. ) ;
#7587 = ADVANCED_FACE ( 'NONE', ( #129 ), #2605, .F. ) ;
#7588 = ORIENTED_EDGE ( 'NONE', *, *, #819, .T. ) ;
#7589 = CARTESIAN_POINT ( 'NONE',  ( 18.18107110879546795, -29.02435452518491488, 1.000000000000000000 ) ) ;
#7590 = ORIENTED_EDGE ( 'NONE', *, *, #5422, .T. ) ;
#7591 = ORIENTED_EDGE ( 'NONE', *, *, #6849, .F. ) ;
#7592 = CARTESIAN_POINT ( 'NONE',  ( 44.36295186973670468, -10.37268082840335559, -5.000000000000000000 ) ) ;
#7593 = CARTESIAN_POINT ( 'NONE',  ( 12.44075435274571539, -37.40087460540802766, 1.000000000000000000 ) ) ;
#7594 = ORIENTED_EDGE ( 'NONE', *, *, #7777, .T. ) ;
#7595 = DIRECTION ( 'NONE',  ( 0.000000000000000000, -1.000000000000000000, 0.000000000000000000 ) ) ;
#7596 = CARTESIAN_POINT ( 'NONE',  ( 46.08259321813340392, 14.42020381552566732, -1.000000000000000000 ) ) ;
#7597 = DIRECTION ( 'NONE',  ( 1.000000000000000000, 0.000000000000000000, 0.000000000000000000 ) ) ;
#7598 = ORIENTED_EDGE ( 'NONE', *, *, #6529, .T. ) ;
#7599 = CARTESIAN_POINT ( 'NONE',  ( 25.24406246343405158, -33.50306556329798724, 0.9999999999999997780 ) ) ;
#7600 = ORIENTED_EDGE ( 'NONE', *, *, #914, .F. ) ;
#7601 = DIRECTION ( 'NONE',  ( -8.042586066086100112E-17, -3.070295484789979924E-17, -1.000000000000000000 ) ) ;
#7602 = CARTESIAN_POINT ( 'NONE',  ( 21.68663857092130343, -37.06127908773790125, -1.000000000000000000 ) ) ;
#7603 = CARTESIAN_POINT ( 'NONE',  ( 14.01780753293337867, -35.77687268868520221, 1.000000000000000000 ) ) ;
#7604 = CARTESIAN_POINT ( 'NONE',  ( 6.625558381474967007, 11.63520089990043083, -1.000000000000000000 ) ) ;
#7605 = DIRECTION ( 'NONE',  ( 0.000000000000000000, 0.000000000000000000, -1.000000000000000000 ) ) ;
#7606 = ORIENTED_EDGE ( 'NONE', *, *, #192, .F. ) ;
#7607 = CARTESIAN_POINT ( 'NONE',  ( 7.620067560892290537, -29.46764490646226875, -1.000000000000000444 ) ) ;
#7608 = CARTESIAN_POINT ( 'NONE',  ( 2.390344587278904420, 22.74374527427766068, -1.000000000000000000 ) ) ;
#7609 = EDGE_CURVE ( 'NONE', #7293, #5139, #6845, .T. ) ;
#7610 = CARTESIAN_POINT ( 'NONE',  ( 2.556953323673144318, 22.74374527427766068, -13.43416228946036561 ) ) ;
#7611 = CIRCLE ( 'NONE', #826, 0.8000000000000024869 ) ;
#7612 = EDGE_LOOP ( 'NONE', ( #1119, #7730, #5955, #127 ) ) ;
#7613 = EDGE_LOOP ( 'NONE', ( #3974, #44, #6358, #4643 ) ) ;
#7614 = CARTESIAN_POINT ( 'NONE',  ( 45.39755601137789398, -31.38865712849714384, -1.000000000000000000 ) ) ;
#7615 = DIRECTION ( 'NONE',  ( -0.003460928000371844317, 0.9999940109707537994, -3.042442285389008513E-17 ) ) ;
#7616 = VECTOR ( 'NONE', #4069, 1000.000000000000000 ) ;
#7617 = CARTESIAN_POINT ( 'NONE',  ( 17.26904020500255399, -34.57892269823193487, 1.000000000000000000 ) ) ;
#7618 = LINE ( 'NONE', #6944, #6601 ) ;
#7619 = AXIS2_PLACEMENT_3D ( 'NONE', #1493, #7465, #2075 ) ;
#7620 = CARTESIAN_POINT ( 'NONE',  ( 20.79935739506844072, -27.40059932053939917, -6.201502112509219344 ) ) ;
#7621 = ORIENTED_EDGE ( 'NONE', *, *, #952, .T. ) ;
#7622 = DIRECTION ( 'NONE',  ( 1.000000000000000000, 0.000000000000000000, 0.000000000000000000 ) ) ;
#7623 = EDGE_CURVE ( 'NONE', #5551, #1691, #3344, .T. ) ;
#7624 = CARTESIAN_POINT ( 'NONE',  ( 49.18491708522419259, -18.65776962898985758, -11.50000000000000000 ) ) ;
#7625 = STYLED_ITEM ( 'NONE', ( #3309 ), #5607 ) ;
#7626 = CARTESIAN_POINT ( 'NONE',  ( 10.91292089905925877, -37.54738490910873594, 1.000000000000000000 ) ) ;
#7627 = EDGE_LOOP ( 'NONE', ( #3481, #852, #7432, #3296, #547 ) ) ;
#7628 = DIRECTION ( 'NONE',  ( -1.453169479452033105E-16, -0.000000000000000000, -1.000000000000000000 ) ) ;
#7629 = CARTESIAN_POINT ( 'NONE',  ( 7.119214487693781734, -29.18287198131913485, 0.9999999999999997780 ) ) ;
#7630 = CARTESIAN_POINT ( 'NONE',  ( 47.21606264674533548, 21.12338447304289346, -13.49804869392553108 ) ) ;
#7631 = ORIENTED_EDGE ( 'NONE', *, *, #3311, .F. ) ;
#7632 = VECTOR ( 'NONE', #5544, 1000.000000000000000 ) ;
#7633 = ORIENTED_EDGE ( 'NONE', *, *, #6957, .T. ) ;
#7634 = LINE ( 'NONE', #3522, #6778 ) ;
#7635 = ORIENTED_EDGE ( 'NONE', *, *, #6431, .F. ) ;
#7636 = LINE ( 'NONE', #1705, #2156 ) ;
#7637 = SHAPE_DEFINITION_REPRESENTATION ( #4446, #3118 ) ;
#7638 = FACE_OUTER_BOUND ( 'NONE', #2664, .T. ) ;
#7639 = VECTOR ( 'NONE', #3718, 1000.000000000000000 ) ;
#7640 = ADVANCED_FACE ( 'NONE', ( #5582 ), #999, .F. ) ;
#7641 = VECTOR ( 'NONE', #7153, 1000.000000000000000 ) ;
#7642 = CARTESIAN_POINT ( 'NONE',  ( 13.68823247412797528, -35.19112234676072148, 0.5000000000000000000 ) ) ;
#7643 = DIRECTION ( 'NONE',  ( 1.000000000000000000, 0.000000000000000000, 0.000000000000000000 ) ) ;
#7644 = CARTESIAN_POINT ( 'NONE',  ( 2.890344587278876443, 18.24374527427766424, -11.50000000000000000 ) ) ;
#7645 = ORIENTED_EDGE ( 'NONE', *, *, #2137, .F. ) ;
#7646 = AXIS2_PLACEMENT_3D ( 'NONE', #5080, #2107, #2576 ) ;
#7647 = DIRECTION ( 'NONE',  ( -1.000000000000000000, 0.000000000000000000, 0.000000000000000000 ) ) ;
#7648 = FACE_OUTER_BOUND ( 'NONE', #6349, .T. ) ;
#7649 = ORIENTED_EDGE ( 'NONE', *, *, #1655, .F. ) ;
#7650 = EDGE_CURVE ( 'NONE', #5313, #5145, #7017, .T. ) ;
#7651 = CARTESIAN_POINT ( 'NONE',  ( -1.609655412721124446, 17.10562838809392971, -15.03537376769511091 ) ) ;
#7652 = DIRECTION ( 'NONE',  ( 0.000000000000000000, -0.000000000000000000, 1.000000000000000000 ) ) ;
#7653 = ORIENTED_EDGE ( 'NONE', *, *, #6694, .F. ) ;
#7654 = ADVANCED_FACE ( 'NONE', ( #1673 ), #4049, .F. ) ;
#7655 = ORIENTED_EDGE ( 'NONE', *, *, #5455, .F. ) ;
#7656 = ADVANCED_FACE ( 'NONE', ( #1075 ), #486, .T. ) ;
#7657 = CARTESIAN_POINT ( 'NONE',  ( 42.75536511354717817, -25.67721764505392912, -6.201502112509221121 ) ) ;
#7658 = DIRECTION ( 'NONE',  ( 0.000000000000000000, 0.000000000000000000, -1.000000000000000000 ) ) ;
#7659 = CARTESIAN_POINT ( 'NONE',  ( 15.88217482775072043, -33.01895208278497051, 1.000000000000000000 ) ) ;
#7660 = CARTESIAN_POINT ( 'NONE',  ( 15.96624847766618238, -33.32399662498067983, 1.000000000000000222 ) ) ;
#7661 = CARTESIAN_POINT ( 'NONE',  ( 12.90726949744076180, -36.54957423647316261, -1.000000000000000000 ) ) ;
#7662 = CARTESIAN_POINT ( 'NONE',  ( 44.38408591663488778, 15.57751706311805151, -5.000000000000000000 ) ) ;
#7663 = ORIENTED_EDGE ( 'NONE', *, *, #5545, .F. ) ;
#7664 = B_SPLINE_CURVE_WITH_KNOTS ( 'NONE', 3,
 ( #5166, #4614, #7145, #6549 ),
 .UNSPECIFIED., .F., .F.,
 ( 4, 4 ),
 ( 0.000000000000000000, 0.0005000541989423195341 ),
 .UNSPECIFIED. ) ;
#7665 = ORIENTED_EDGE ( 'NONE', *, *, #574, .F. ) ;
#7666 =( BOUNDED_CURVE ( )  B_SPLINE_CURVE ( 3, ( #876, #238, #3375, #4551 ),
 .UNSPECIFIED., .F., .F. ) 
 B_SPLINE_CURVE_WITH_KNOTS ( ( 4, 4 ),
 ( 1.570796326794896558, 4.712388980384689674 ),
 .UNSPECIFIED. ) 
 CURVE ( )  GEOMETRIC_REPRESENTATION_ITEM ( )  RATIONAL_B_SPLINE_CURVE ( ( 1.000000000000000000, 0.3333333333333333703, 0.3333333333333333703, 1.000000000000000000 ) ) 
 REPRESENTATION_ITEM ( '' )  );
#7667 = CARTESIAN_POINT ( 'NONE',  ( -1.609655412721121781, -41.45180630652046005, -13.43416228946036206 ) ) ;
#7668 = ORIENTED_EDGE ( 'NONE', *, *, #3917, .F. ) ;
#7669 = DIRECTION ( 'NONE',  ( 0.000000000000000000, 1.000000000000000000, 0.000000000000000000 ) ) ;
#7670 = VECTOR ( 'NONE', #5788, 1000.000000000000114 ) ;
#7671 = DIRECTION ( 'NONE',  ( 1.000000000000000000, -0.000000000000000000, 0.000000000000000000 ) ) ;
#7672 = ORIENTED_EDGE ( 'NONE', *, *, #421, .F. ) ;
#7673 = DIRECTION ( 'NONE',  ( -1.000000000000000000, 0.000000000000000000, 0.000000000000000000 ) ) ;
#7674 = DIRECTION ( 'NONE',  ( 0.000000000000000000, 0.000000000000000000, 1.000000000000000000 ) ) ;
#7675 = ORIENTED_EDGE ( 'NONE', *, *, #3779, .T. ) ;
#7676 = CARTESIAN_POINT ( 'NONE',  ( 48.87309483438121305, -18.65776962898985758, -11.50000000000000000 ) ) ;
#7677 = ORIENTED_EDGE ( 'NONE', *, *, #5406, .F. ) ;
#7678 = CARTESIAN_POINT ( 'NONE',  ( 42.43323950058334759, -40.97692647319937720, -6.663148035801221170 ) ) ;
#7679 = VERTEX_POINT ( 'NONE', #1037 ) ;
#7680 = CYLINDRICAL_SURFACE ( 'NONE', #2284, 2.599999999999998312 ) ;
#7681 = CARTESIAN_POINT ( 'NONE',  ( 8.202730447109999545, 15.31055444116485198, -1.000000000000000000 ) ) ;
#7682 = CARTESIAN_POINT ( 'NONE',  ( 13.12277898004921184, -37.02343338456150690, 1.000000000000000000 ) ) ;
#7683 = EDGE_CURVE ( 'NONE', #900, #7318, #3457, .T. ) ;
#7684 = DIRECTION ( 'NONE',  ( 1.012926086421548048E-15, -1.000000000000000000, -0.000000000000000000 ) ) ;
#7685 = VECTOR ( 'NONE', #1740, 1000.000000000000000 ) ;
#7686 = VECTOR ( 'NONE', #1090, 1000.000000000000000 ) ;
#7687 = CARTESIAN_POINT ( 'NONE',  ( 43.62352618543248894, 15.87330401347080588, -1.000000000000000000 ) ) ;
#7688 = VERTEX_POINT ( 'NONE', #1553 ) ;
#7689 = ADVANCED_FACE ( 'NONE', ( #7648 ), #373, .T. ) ;
#7690 = CARTESIAN_POINT ( 'NONE',  ( 24.11452033555435648, -36.06720800774749591, 1.000000000000000000 ) ) ;
#7691 = CARTESIAN_POINT ( 'NONE',  ( 50.30136346396074032, 11.33447814960963917, -7.285192739890222313 ) ) ;
#7692 = CIRCLE ( 'NONE', #6427, 3.999999999999996447 ) ;
#7693 = VERTEX_POINT ( 'NONE', #5535 ) ;
#7694 = ORIENTED_EDGE ( 'NONE', *, *, #972, .F. ) ;
#7695 = AXIS2_PLACEMENT_3D ( 'NONE', #5369, #6559, #6449 ) ;
#7696 = CARTESIAN_POINT ( 'NONE',  ( 13.32634404446733889, -36.09224672967521030, -1.000000000000000000 ) ) ;
#7697 = CARTESIAN_POINT ( 'NONE',  ( 11.77363247792635015, -28.74551801075959645, 0.5000000000000000000 ) ) ;
#7698 = LINE ( 'NONE', #6545, #2838 ) ;
#7699 = CARTESIAN_POINT ( 'NONE',  ( -3.609655412721123557, -16.81500368935729028, -7.551502062183216957 ) ) ;
#7700 = DIRECTION ( 'NONE',  ( -8.042586066086101344E-17, -3.070295484789979924E-17, -1.000000000000000000 ) ) ;
#7701 = ORIENTED_EDGE ( 'NONE', *, *, #1146, .T. ) ;
#7702 = CIRCLE ( 'NONE', #3907, 0.7999999999999292122 ) ;
#7703 = DIRECTION ( 'NONE',  ( 1.000000000000000000, -0.000000000000000000, -0.000000000000000000 ) ) ;
#7704 = ORIENTED_EDGE ( 'NONE', *, *, #7101, .F. ) ;
#7705 = DIRECTION ( 'NONE',  ( -0.000000000000000000, -0.000000000000000000, 1.000000000000000000 ) ) ;
#7706 = CARTESIAN_POINT ( 'NONE',  ( 43.62352618543248894, 15.87330401347080588, 7.123475921583543702 ) ) ;
#7707 = ORIENTED_EDGE ( 'NONE', *, *, #2400, .F. ) ;
#7708 = EDGE_CURVE ( 'NONE', #4035, #3595, #4388, .T. ) ;
#7709 = AXIS2_PLACEMENT_3D ( 'NONE', #545, #1573, #423 ) ;
#7710 = DIRECTION ( 'NONE',  ( 1.000000000000000000, 0.000000000000000000, 0.000000000000000000 ) ) ;
#7711 = DIRECTION ( 'NONE',  ( 0.000000000000000000, 0.000000000000000000, 1.000000000000000000 ) ) ;
#7712 = ORIENTED_EDGE ( 'NONE', *, *, #1491, .T. ) ;
#7713 = LINE ( 'NONE', #2320, #1392 ) ;
#7714 = ORIENTED_EDGE ( 'NONE', *, *, #5138, .F. ) ;
#7715 = CARTESIAN_POINT ( 'NONE',  ( 45.39755601137789398, -31.38865712849714384, -9.995492672934574330 ) ) ;
#7716 = DIRECTION ( 'NONE',  ( 1.000000000000000000, 0.000000000000000000, 0.000000000000000000 ) ) ;
#7717 = ORIENTED_EDGE ( 'NONE', *, *, #7708, .T. ) ;
#7718 = DIRECTION ( 'NONE',  ( 0.000000000000000000, 0.000000000000000000, -1.000000000000000000 ) ) ;
#7719 = CARTESIAN_POINT ( 'NONE',  ( 47.98256164536418567, 15.57751706311805151, -1.000000000000000000 ) ) ;
#7720 = PLANE ( 'NONE',  #1772 ) ;
#7721 = VERTEX_POINT ( 'NONE', #2594 ) ;
#7722 = CARTESIAN_POINT ( 'NONE',  ( 24.70913551674417619, -34.07212628090508133, 0.9999999999994627631 ) ) ;
#7723 = EDGE_CURVE ( 'NONE', #7053, #889, #2855, .T. ) ;
#7724 = CARTESIAN_POINT ( 'NONE',  ( 40.97104298065090688, -31.38865712849714384, -13.26766223891080720 ) ) ;
#7725 = CARTESIAN_POINT ( 'NONE',  ( 3.396721997073072874, 1.876083684937086327, -2.000000000000012879 ) ) ;
#7726 = EDGE_CURVE ( 'NONE', #6917, #6188, #4980, .T. ) ;
#7727 = DIRECTION ( 'NONE',  ( -1.000000000000000000, 0.000000000000000000, 0.000000000000000000 ) ) ;
#7728 = ORIENTED_EDGE ( 'NONE', *, *, #1289, .T. ) ;
#7729 = VERTEX_POINT ( 'NONE', #157 ) ;
#7730 = ORIENTED_EDGE ( 'NONE', *, *, #6819, .F. ) ;
#7731 = CARTESIAN_POINT ( 'NONE',  ( 13.53764704067831737, -35.64737472619520986, -1.000000000000000000 ) ) ;
#7732 = CARTESIAN_POINT ( 'NONE',  ( 7.323732930487381054, -45.61841504291471239, -1.000000000000000000 ) ) ;
#7733 = CARTESIAN_POINT ( 'NONE',  ( 17.16303379497355408, -29.72726240008319820, 1.000000000000000222 ) ) ;
#7734 = LINE ( 'NONE', #3510, #3850 ) ;
#7735 = AXIS2_PLACEMENT_3D ( 'NONE', #4109, #2389, #7152 ) ;
#7736 = DIRECTION ( 'NONE',  ( -0.000000000000000000, 0.000000000000000000, -1.000000000000000000 ) ) ;
#7737 = FACE_OUTER_BOUND ( 'NONE', #3637, .T. ) ;
#7738 = CARTESIAN_POINT ( 'NONE',  ( 12.27593990480360908, -36.92587177744659499, 0.5000000000000000000 ) ) ;
#7739 = VERTEX_POINT ( 'NONE', #7437 ) ;
#7740 = ADVANCED_FACE ( 'NONE', ( #2557 ), #120, .F. ) ;
#7741 = AXIS2_PLACEMENT_3D ( 'NONE', #2871, #2326, #3492 ) ;
#7742 = FACE_OUTER_BOUND ( 'NONE', #1273, .T. ) ;
#7743 = DIRECTION ( 'NONE',  ( -2.469311568473896000E-33, 1.000000000000000000, -3.070295484789979924E-17 ) ) ;
#7744 = VERTEX_POINT ( 'NONE', #5658 ) ;
#7745 = CARTESIAN_POINT ( 'NONE',  ( 0.3880647897112695088, -45.09104214983596393, -13.37805017345786140 ) ) ;
#7746 = EDGE_CURVE ( 'NONE', #3366, #7757, #2672, .T. ) ;
#7747 = VERTEX_POINT ( 'NONE', #7355 ) ;
#7748 = VECTOR ( 'NONE', #4298, 1000.000000000000000 ) ;
#7749 = DIRECTION ( 'NONE',  ( -0.000000000000000000, -0.000000000000000000, 1.000000000000000000 ) ) ;
#7750 = CARTESIAN_POINT ( 'NONE',  ( 27.48338076306245625, -31.97260846456628869, 1.250000000000000000 ) ) ;
#7751 = ORIENTED_EDGE ( 'NONE', *, *, #6878, .F. ) ;
#7752 = CARTESIAN_POINT ( 'NONE',  ( 14.41284252997587423, -34.12490311464946302, 1.000000000000000000 ) ) ;
#7753 = AXIS2_PLACEMENT_3D ( 'NONE', #3767, #6184, #4398 ) ;
#7754 = VECTOR ( 'NONE', #2197, 1000.000000000000000 ) ;
#7755 = CARTESIAN_POINT ( 'NONE',  ( 44.38408591663488778, 10.28286628251796131, -5.000000000000000000 ) ) ;
#7756 = CARTESIAN_POINT ( 'NONE',  ( 44.88722585882243266, 19.14266193162950103, -6.663148035801222946 ) ) ;
#7757 = VERTEX_POINT ( 'NONE', #7278 ) ;
#7758 = CARTESIAN_POINT ( 'NONE',  ( 22.50243770083618955, -28.72397440446730243, 0.5000000000000000000 ) ) ;
#7759 = VECTOR ( 'NONE', #2831, 1000.000000000000000 ) ;
#7760 = PLANE ( 'NONE',  #6933 ) ;
#7761 = CARTESIAN_POINT ( 'NONE',  ( 9.792021275650402146, -36.75380187438130264, 0.5000000000000000000 ) ) ;
#7762 = DIRECTION ( 'NONE',  ( 0.000000000000000000, 1.000000000000000000, 0.000000000000000000 ) ) ;
#7763 = EDGE_CURVE ( 'NONE', #4615, #5640, #1891, .T. ) ;
#7764 = ORIENTED_EDGE ( 'NONE', *, *, #5212, .F. ) ;
#7765 = VECTOR ( 'NONE', #550, 1000.000000000000000 ) ;
#7766 = ORIENTED_EDGE ( 'NONE', *, *, #581, .F. ) ;
#7767 = ORIENTED_EDGE ( 'NONE', *, *, #7289, .T. ) ;
#7768 = CARTESIAN_POINT ( 'NONE',  ( 4.021293033043050056E-17, 1.535147742394989962E-17, -4.163148035801221170 ) ) ;
#7769 = VERTEX_POINT ( 'NONE', #1302 ) ;
#7770 = CARTESIAN_POINT ( 'NONE',  ( 46.08259321813340392, -10.37268082840335559, -5.000000000000000000 ) ) ;
#7771 = CARTESIAN_POINT ( 'NONE',  ( 23.78502260796133783, -37.10930952139289474, 1.000000000000000000 ) ) ;
#7772 = ADVANCED_FACE ( 'NONE', ( #5499 ), #2520, .F. ) ;
#7773 = CARTESIAN_POINT ( 'NONE',  ( 12.90726949744076180, -36.54957423647316261, -1.000000000000000000 ) ) ;
#7774 = FACE_BOUND ( 'NONE', #4283, .T. ) ;
#7775 = EDGE_LOOP ( 'NONE', ( #2614, #4346, #2382, #4011, #3828, #6106, #2896, #6853, #1477, #1591, #4290 ) ) ;
#7776 = PLANE ( 'NONE',  #5403 ) ;
#7777 = EDGE_CURVE ( 'NONE', #2806, #2706, #356, .T. ) ;
#7778 = PLANE ( 'NONE',  #4786 ) ;
#7779 = CARTESIAN_POINT ( 'NONE',  ( 23.78502260796133783, -37.10930952139289474, 0.5000000000000000000 ) ) ;
#7780 = VERTEX_POINT ( 'NONE', #5059 ) ;
#7781 = DIRECTION ( 'NONE',  ( 0.9999940109707540215, 0.003460928000365478749, 0.000000000000000000 ) ) ;
#7782 = EDGE_CURVE ( 'NONE', #1649, #1980, #5485, .T. ) ;
#7783 = CARTESIAN_POINT ( 'NONE',  ( 24.01864339560688677, 15.31055444116484487, -9.592411343199959362 ) ) ;
#7784 = VECTOR ( 'NONE', #2089, 1000.000000000000000 ) ;
#7785 = DIRECTION ( 'NONE',  ( -1.000000000000000000, 0.000000000000000000, 0.000000000000000000 ) ) ;
#7786 = VERTEX_POINT ( 'NONE', #5220 ) ;
#7787 = DIRECTION ( 'NONE',  ( 1.000000000000000000, -1.668303327435289349E-16, 0.000000000000000000 ) ) ;
#7788 = CARTESIAN_POINT ( 'NONE',  ( 19.65468528100126733, -36.87809583684697401, 1.000000000000000000 ) ) ;
#7789 = PLANE ( 'NONE',  #4015 ) ;
#7790 = EDGE_LOOP ( 'NONE', ( #2981, #7588, #202, #3694 ) ) ;
ENDSEC;
END-ISO-10303-21;
