ISO-10303-21;
HEADER;
FILE_DESCRIPTION (( 'STEP AP214' ),
    '1' );
FILE_NAME ('0808 V2ÄÚ¿Ç.STEP',
    '2026-08-13T06:19:53',
    ( '' ),
    ( '' ),
    'SwSTEP 2.0',
    'SolidWorks 2024',
    '' );
FILE_SCHEMA (( 'AUTOMOTIVE_DESIGN' ));
ENDSEC;

DATA;
#1 = ORIENTED_EDGE ( 'NONE', *, *, #336, .F. ) ;
#2 = CARTESIAN_POINT ( 'NONE',  ( -11.06657973714213661, -22.57416235719585629, -19.43598884465242449 ) ) ;
#3 = ADVANCED_FACE ( 'NONE', ( #929 ), #1448, .F. ) ;
#4 = DIRECTION ( 'NONE',  ( 1.000000000000000000, 0.000000000000000000, 0.000000000000000000 ) ) ;
#5 = VERTEX_POINT ( 'NONE', #960 ) ;
#6 = APPLICATION_CONTEXT ( 'automotive_design' ) ;
#7 = LINE ( 'NONE', #1215, #1280 ) ;
#8 = VERTEX_POINT ( 'NONE', #570 ) ;
#9 = DIRECTION ( 'NONE',  ( 0.000000000000000000, 0.000000000000000000, 1.000000000000000000 ) ) ;
#10 = CARTESIAN_POINT ( 'NONE',  ( -7.095124434835567762, -10.28367234013760623, -15.43598884465242627 ) ) ;
#11 = ORIENTED_EDGE ( 'NONE', *, *, #439, .F. ) ;
#12 = LINE ( 'NONE', #1878, #2104 ) ;
#13 = DIRECTION ( 'NONE',  ( -0.000000000000000000, 0.000000000000000000, 1.000000000000000000 ) ) ;
#14 = EDGE_CURVE ( 'NONE', #1123, #201, #1084, .T. ) ;
#15 = ORIENTED_EDGE ( 'NONE', *, *, #1790, .F. ) ;
#16 = EDGE_CURVE ( 'NONE', #255, #1713, #587, .T. ) ;
#17 = CARTESIAN_POINT ( 'NONE',  ( -14.42982199563076051, -1.145223534585383618, -14.43598884465242449 ) ) ;
#18 = EDGE_LOOP ( 'NONE', ( #383, #198, #1656, #1670 ) ) ;
#19 = CARTESIAN_POINT ( 'NONE',  ( -7.095124434835567762, -14.20494069501343226, -15.43598884465242627 ) ) ;
#20 = ORIENTED_EDGE ( 'NONE', *, *, #366, .T. ) ;
#21 = DIRECTION ( 'NONE',  ( 0.000000000000000000, -0.000000000000000000, -1.000000000000000000 ) ) ;
#22 = LINE ( 'NONE', #1746, #271 ) ;
#23 = ORIENTED_EDGE ( 'NONE', *, *, #93, .F. ) ;
#24 = PLANE ( 'NONE',  #31 ) ;
#25 = CARTESIAN_POINT ( 'NONE',  ( -2.981132367505301417, -32.93981598067977501, -17.67598695563342304 ) ) ;
#26 = EDGE_CURVE ( 'NONE', #1161, #2002, #1114, .T. ) ;
#27 = AXIS2_PLACEMENT_3D ( 'NONE', #2208, #677, #1191 ) ;
#28 = ORIENTED_EDGE ( 'NONE', *, *, #1491, .T. ) ;
#29 = DIRECTION ( 'NONE',  ( -0.000000000000000000, -0.000000000000000000, -1.000000000000000000 ) ) ;
#30 = VECTOR ( 'NONE', #44, 1000.000000000000000 ) ;
#31 = AXIS2_PLACEMENT_3D ( 'NONE', #512, #2189, #2025 ) ;
#32 = SURFACE_STYLE_FILL_AREA ( #907 ) ;
#33 =( GEOMETRIC_REPRESENTATION_CONTEXT ( 3 ) GLOBAL_UNCERTAINTY_ASSIGNED_CONTEXT ( ( #2202 ) ) GLOBAL_UNIT_ASSIGNED_CONTEXT ( ( #1906, #1738, #1405 ) ) REPRESENTATION_CONTEXT ( 'NONE', 'WORKASPACE' ) );
#34 = VERTEX_POINT ( 'NONE', #787 ) ;
#35 = DIRECTION ( 'NONE',  ( 1.000000000000000000, -0.000000000000000000, 0.000000000000000000 ) ) ;
#36 = AXIS2_PLACEMENT_3D ( 'NONE', #2173, #2007, #470 ) ;
#37 = FACE_OUTER_BOUND ( 'NONE', #82, .T. ) ;
#38 = EDGE_LOOP ( 'NONE', ( #642, #1404, #2046, #2137 ) ) ;
#39 = CARTESIAN_POINT ( 'NONE',  ( 16.95518281285451678, 9.759534074731627484, -19.43598884465242449 ) ) ;
#40 = DIRECTION ( 'NONE',  ( -1.000000000000000000, 0.000000000000000000, 0.000000000000000000 ) ) ;
#41 = ORIENTED_EDGE ( 'NONE', *, *, #730, .F. ) ;
#42 = EDGE_CURVE ( 'NONE', #1856, #1225, #1478, .T. ) ;
#43 = DIRECTION ( 'NONE',  ( 0.000000000000000000, 0.000000000000000000, 1.000000000000000000 ) ) ;
#44 = DIRECTION ( 'NONE',  ( 0.000000000000000000, -1.000000000000000000, 0.000000000000000000 ) ) ;
#45 = ORIENTED_EDGE ( 'NONE', *, *, #653, .F. ) ;
#46 = ADVANCED_FACE ( 'NONE', ( #419 ), #579, .T. ) ;
#47 = DIRECTION ( 'NONE',  ( -0.000000000000000000, 0.000000000000000000, 1.000000000000000000 ) ) ;
#48 = CARTESIAN_POINT ( 'NONE',  ( 17.21639334891405326, -32.93981598067977501, -15.43598884465242982 ) ) ;
#49 = ORIENTED_EDGE ( 'NONE', *, *, #532, .T. ) ;
#50 = CARTESIAN_POINT ( 'NONE',  ( -9.768004336331001625, 4.841691769827613179, -14.43598884465242449 ) ) ;
#51 = VERTEX_POINT ( 'NONE', #1105 ) ;
#52 = CARTESIAN_POINT ( 'NONE',  ( 6.917338698558758381, -19.23437580773498112, -18.73598884465242520 ) ) ;
#53 = FACE_OUTER_BOUND ( 'NONE', #1233, .T. ) ;
#54 = EDGE_CURVE ( 'NONE', #5, #1062, #1789, .T. ) ;
#55 = ORIENTED_EDGE ( 'NONE', *, *, #1106, .F. ) ;
#56 = CARTESIAN_POINT ( 'NONE',  ( 13.02779137238220208, 0.5470603067309620648, -19.43598884465242449 ) ) ;
#57 = FACE_OUTER_BOUND ( 'NONE', #1481, .T. ) ;
#58 = EDGE_CURVE ( 'NONE', #393, #1595, #764, .T. ) ;
#59 = CARTESIAN_POINT ( 'NONE',  ( 0.000000000000000000, 0.000000000000000000, -19.43598884465242449 ) ) ;
#60 = ORIENTED_EDGE ( 'NONE', *, *, #756, .T. ) ;
#61 = ORIENTED_EDGE ( 'NONE', *, *, #1299, .F. ) ;
#62 = CARTESIAN_POINT ( 'NONE',  ( 3.723375007618226373, -11.67077503153856455, -19.43598884465242449 ) ) ;
#63 = PRESENTATION_STYLE_ASSIGNMENT (( #1598 ) ) ;
#64 = CIRCLE ( 'NONE', #99, 2.800000000000000266 ) ;
#65 = VERTEX_POINT ( 'NONE', #599 ) ;
#66 = VECTOR ( 'NONE', #77, 1000.000000000000000 ) ;
#67 = CARTESIAN_POINT ( 'NONE',  ( 0.08620640504164445161, 0.02460108610169431387, -16.22598884465342906 ) ) ;
#68 = CARTESIAN_POINT ( 'NONE',  ( 5.290160205385380898, -33.10308351169126695, -19.43598884465242449 ) ) ;
#69 = AXIS2_PLACEMENT_3D ( 'NONE', #1982, #1824, #288 ) ;
#70 = DIRECTION ( 'NONE',  ( -1.000000000000000000, 0.000000000000000000, 0.000000000000000000 ) ) ;
#71 = ORIENTED_EDGE ( 'NONE', *, *, #610, .T. ) ;
#72 = DIRECTION ( 'NONE',  ( 0.000000000000000000, 0.000000000000000000, -1.000000000000000000 ) ) ;
#73 = AXIS2_PLACEMENT_3D ( 'NONE', #605, #1600, #583 ) ;
#74 = ADVANCED_FACE ( 'NONE', ( #427 ), #1632, .T. ) ;
#75 = CIRCLE ( 'NONE', #248, 1.799999999999999600 ) ;
#76 = CARTESIAN_POINT ( 'NONE',  ( 14.82291084582287866, 0.5470603067309620648, -19.43598884465242449 ) ) ;
#77 = DIRECTION ( 'NONE',  ( -0.000000000000000000, -0.000000000000000000, -1.000000000000000000 ) ) ;
#78 = ORIENTED_EDGE ( 'NONE', *, *, #1468, .F. ) ;
#79 = CARTESIAN_POINT ( 'NONE',  ( 11.47785475656087506, 5.629380556555489079, -19.43598884465242449 ) ) ;
#80 = DIRECTION ( 'NONE',  ( 1.000000000000000000, 0.000000000000000000, 0.000000000000000000 ) ) ;
#81 = PLANE ( 'NONE',  #1709 ) ;
#82 = EDGE_LOOP ( 'NONE', ( #2022, #447, #23, #557 ) ) ;
#83 = EDGE_CURVE ( 'NONE', #65, #34, #1016, .T. ) ;
#84 = EDGE_CURVE ( 'NONE', #2149, #487, #137, .T. ) ;
#85 = DIRECTION ( 'NONE',  ( 1.000000000000000000, 0.000000000000000000, 0.000000000000000000 ) ) ;
#86 = FACE_BOUND ( 'NONE', #636, .T. ) ;
#87 = ORIENTED_EDGE ( 'NONE', *, *, #828, .T. ) ;
#88 = CARTESIAN_POINT ( 'NONE',  ( 11.47785475656087506, 9.759534074731627484, -15.43598884465242627 ) ) ;
#89 = DIRECTION ( 'NONE',  ( 0.000000000000000000, -0.000000000000000000, -1.000000000000000000 ) ) ;
#90 = ORIENTED_EDGE ( 'NONE', *, *, #375, .F. ) ;
#91 = CARTESIAN_POINT ( 'NONE',  ( 5.717338698558758203, -15.75839905514475703, -15.43598884465242627 ) ) ;
#92 = CYLINDRICAL_SURFACE ( 'NONE', #707, 2.800000000000000266 ) ;
#93 = EDGE_CURVE ( 'NONE', #1206, #601, #824, .T. ) ;
#94 = DIRECTION ( 'NONE',  ( 0.000000000000000000, 0.000000000000000000, 1.000000000000000000 ) ) ;
#95 = AXIS2_PLACEMENT_3D ( 'NONE', #2177, #647, #436 ) ;
#96 = EDGE_LOOP ( 'NONE', ( #1388, #2049, #1692, #1764 ) ) ;
#97 = LINE ( 'NONE', #260, #814 ) ;
#98 = CARTESIAN_POINT ( 'NONE',  ( 4.316012192033038097, -21.96904332546900562, -17.23598884465242520 ) ) ;
#99 = AXIS2_PLACEMENT_3D ( 'NONE', #785, #618, #1364 ) ;
#100 = DIRECTION ( 'NONE',  ( -0.000000000000000000, -0.000000000000000000, -1.000000000000000000 ) ) ;
#101 = ORIENTED_EDGE ( 'NONE', *, *, #1273, .F. ) ;
#102 = CARTESIAN_POINT ( 'NONE',  ( 6.316012192033038097, -21.96904332546900562, -18.73598884465242520 ) ) ;
#103 = VECTOR ( 'NONE', #1003, 1000.000000000000000 ) ;
#104 = VECTOR ( 'NONE', #1847, 1000.000000000000000 ) ;
#105 = ORIENTED_EDGE ( 'NONE', *, *, #1903, .T. ) ;
#106 = CIRCLE ( 'NONE', #1360, 1.799999999999999600 ) ;
#107 = CARTESIAN_POINT ( 'NONE',  ( -7.095124434835567762, -14.20494069501343226, -19.43598884465242449 ) ) ;
#108 = EDGE_CURVE ( 'NONE', #1884, #1955, #1344, .T. ) ;
#109 = EDGE_LOOP ( 'NONE', ( #1004, #604, #1053, #1739 ) ) ;
#110 = DIRECTION ( 'NONE',  ( 1.000000000000000000, 0.000000000000000000, 0.000000000000000000 ) ) ;
#111 = PLANE ( 'NONE',  #1986 ) ;
#112 = DIRECTION ( 'NONE',  ( 0.000000000000000000, 0.000000000000000000, 1.000000000000000000 ) ) ;
#113 = EDGE_CURVE ( 'NONE', #290, #1841, #1489, .T. ) ;
#114 = EDGE_LOOP ( 'NONE', ( #1838, #1769, #1622, #1015 ) ) ;
#115 = ORIENTED_EDGE ( 'NONE', *, *, #1962, .F. ) ;
#116 = CARTESIAN_POINT ( 'NONE',  ( 3.516012192033037831, -21.96904332546900562, -15.43598884465242627 ) ) ;
#117 = ORIENTED_EDGE ( 'NONE', *, *, #184, .T. ) ;
#118 = DIRECTION ( 'NONE',  ( -0.000000000000000000, 1.000000000000000000, -0.000000000000000000 ) ) ;
#119 =( NAMED_UNIT ( * ) PLANE_ANGLE_UNIT ( ) SI_UNIT ( $, .RADIAN. ) );
#120 = ORIENTED_EDGE ( 'NONE', *, *, #998, .T. ) ;
#121 = LINE ( 'NONE', #1183, #2105 ) ;
#122 = DIRECTION ( 'NONE',  ( 0.000000000000000000, 1.000000000000000000, 0.000000000000000000 ) ) ;
#123 = EDGE_CURVE ( 'NONE', #1894, #263, #464, .T. ) ;
#124 = DIRECTION ( 'NONE',  ( -0.000000000000000000, 0.000000000000000000, 1.000000000000000000 ) ) ;
#125 = ORIENTED_EDGE ( 'NONE', *, *, #26, .T. ) ;
#126 = CARTESIAN_POINT ( 'NONE',  ( -9.768004336331001625, -1.145223534585383618, -27.02385407479282975 ) ) ;
#127 = EDGE_CURVE ( 'NONE', #426, #704, #1131, .T. ) ;
#128 = PLANE ( 'NONE',  #810 ) ;
#129 = ORIENTED_EDGE ( 'NONE', *, *, #1412, .F. ) ;
#130 = LINE ( 'NONE', #1685, #1888 ) ;
#131 = DIRECTION ( 'NONE',  ( 1.000000000000000000, 0.000000000000000000, -0.000000000000000000 ) ) ;
#132 = ORIENTED_EDGE ( 'NONE', *, *, #1590, .T. ) ;
#133 = DIRECTION ( 'NONE',  ( 0.000000000000000000, 1.000000000000000000, 0.000000000000000000 ) ) ;
#134 = DIRECTION ( 'NONE',  ( -0.000000000000000000, -0.000000000000000000, 1.000000000000000000 ) ) ;
#135 = DIRECTION ( 'NONE',  ( 0.000000000000000000, -1.000000000000000000, -0.000000000000000000 ) ) ;
#136 = ORIENTED_EDGE ( 'NONE', *, *, #296, .F. ) ;
#137 = LINE ( 'NONE', #1681, #1240 ) ;
#138 = AXIS2_PLACEMENT_3D ( 'NONE', #935, #1757, #400 ) ;
#139 = CARTESIAN_POINT ( 'NONE',  ( 11.47785475656087506, 9.759534074731627484, -19.43598884465242449 ) ) ;
#140 = EDGE_CURVE ( 'NONE', #8, #1720, #299, .T. ) ;
#141 = EDGE_LOOP ( 'NONE', ( #1488, #1596, #2192, #871, #1255, #855, #414, #530, #536, #1565 ) ) ;
#142 = VECTOR ( 'NONE', #1519, 1000.000000000000000 ) ;
#143 = AXIS2_PLACEMENT_3D ( 'NONE', #1503, #972, #161 ) ;
#144 = AXIS2_PLACEMENT_3D ( 'NONE', #62, #1460, #2135 ) ;
#145 = CIRCLE ( 'NONE', #1395, 2.800000000000000266 ) ;
#146 = DIRECTION ( 'NONE',  ( -1.000000000000000000, -0.000000000000000000, -0.000000000000000000 ) ) ;
#147 = AXIS2_PLACEMENT_3D ( 'NONE', #1978, #1002, #1158 ) ;
#148 = VERTEX_POINT ( 'NONE', #448 ) ;
#149 = CARTESIAN_POINT ( 'NONE',  ( 0.5234178088539507279, -15.28367234013760800, -19.43598884465242449 ) ) ;
#150 = DIRECTION ( 'NONE',  ( 0.000000000000000000, 0.000000000000000000, 1.000000000000000000 ) ) ;
#151 = VERTEX_POINT ( 'NONE', #483 ) ;
#152 = DIRECTION ( 'NONE',  ( 0.000000000000000000, -1.000000000000000000, 0.000000000000000000 ) ) ;
#153 = PLANE ( 'NONE',  #315 ) ;
#154 = VERTEX_POINT ( 'NONE', #2186 ) ;
#155 = EDGE_CURVE ( 'NONE', #947, #1841, #1700, .T. ) ;
#156 = CARTESIAN_POINT ( 'NONE',  ( 17.21639334891405326, -32.93981598067977501, 48.76401115534757480 ) ) ;
#157 = EDGE_CURVE ( 'NONE', #1884, #738, #833, .T. ) ;
#158 = VERTEX_POINT ( 'NONE', #1857 ) ;
#159 = DIRECTION ( 'NONE',  ( 1.000000000000000000, 0.000000000000000000, 0.000000000000000000 ) ) ;
#160 = ORIENTED_EDGE ( 'NONE', *, *, #1988, .T. ) ;
#161 = DIRECTION ( 'NONE',  ( 1.000000000000000000, 0.000000000000000000, 0.000000000000000000 ) ) ;
#162 = CARTESIAN_POINT ( 'NONE',  ( -9.768004336331001625, -32.93981598067977501, -14.43598884465242449 ) ) ;
#163 = VERTEX_POINT ( 'NONE', #1005 ) ;
#164 = LINE ( 'NONE', #1190, #526 ) ;
#165 = ORIENTED_EDGE ( 'NONE', *, *, #1398, .T. ) ;
#166 = EDGE_CURVE ( 'NONE', #1555, #376, #1209, .T. ) ;
#167 = CARTESIAN_POINT ( 'NONE',  ( 6.316012192033038097, -21.96904332546900562, -17.23598884465242520 ) ) ;
#168 = DIRECTION ( 'NONE',  ( 0.000000000000000000, -0.000000000000000000, -1.000000000000000000 ) ) ;
#169 = ORIENTED_EDGE ( 'NONE', *, *, #1944, .T. ) ;
#170 = DIRECTION ( 'NONE',  ( -0.000000000000000000, -0.000000000000000000, -1.000000000000000000 ) ) ;
#171 = CARTESIAN_POINT ( 'NONE',  ( -9.768004336331001625, -20.05527226580415601, 48.76401115534757480 ) ) ;
#172 = ORIENTED_EDGE ( 'NONE', *, *, #771, .F. ) ;
#173 = CARTESIAN_POINT ( 'NONE',  ( 8.116012192033037920, -21.96904332546900562, -19.43598884465242449 ) ) ;
#174 = AXIS2_PLACEMENT_3D ( 'NONE', #1763, #1589, #1909 ) ;
#175 = CIRCLE ( 'NONE', #377, 2.800000000000000266 ) ;
#176 = CARTESIAN_POINT ( 'NONE',  ( 6.917338698558758381, -19.23437580773498112, -18.73598884465242520 ) ) ;
#177 = VERTEX_POINT ( 'NONE', #1525 ) ;
#178 = VECTOR ( 'NONE', #329, 1000.000000000000000 ) ;
#179 = DIRECTION ( 'NONE',  ( -1.000000000000000000, 0.000000000000000000, 6.162975822039154730E-33 ) ) ;
#180 = LINE ( 'NONE', #1014, #1887 ) ;
#181 = EDGE_CURVE ( 'NONE', #1140, #1732, #1322, .T. ) ;
#182 = ORIENTED_EDGE ( 'NONE', *, *, #1408, .T. ) ;
#183 = LINE ( 'NONE', #365, #1319 ) ;
#184 = EDGE_CURVE ( 'NONE', #1595, #1964, #2162, .T. ) ;
#185 = CARTESIAN_POINT ( 'NONE',  ( -14.52746325139506212, -25.01208152476544910, -19.43598884465242449 ) ) ;
#186 = ORIENTED_EDGE ( 'NONE', *, *, #267, .F. ) ;
#187 = CARTESIAN_POINT ( 'NONE',  ( 14.82291084582287866, 0.5470603067309620648, -19.43598884465242449 ) ) ;
#188 = ORIENTED_EDGE ( 'NONE', *, *, #1039, .T. ) ;
#189 = CARTESIAN_POINT ( 'NONE',  ( -9.768004336331001625, 4.841691769827613179, -27.02385407479282975 ) ) ;
#190 = LINE ( 'NONE', #1876, #562 ) ;
#191 = ORIENTED_EDGE ( 'NONE', *, *, #157, .T. ) ;
#192 = DIRECTION ( 'NONE',  ( 0.000000000000000000, 0.000000000000000000, -1.000000000000000000 ) ) ;
#193 = LINE ( 'NONE', #715, #1243 ) ;
#194 = ORIENTED_EDGE ( 'NONE', *, *, #900, .T. ) ;
#195 = ADVANCED_FACE ( 'NONE', ( #2198 ), #2176, .F. ) ;
#196 = DIRECTION ( 'NONE',  ( -0.000000000000000000, -1.000000000000000000, -0.000000000000000000 ) ) ;
#197 = ADVANCED_BREP_SHAPE_REPRESENTATION ( '0808 V2\X2\518558f3\X0\', ( #2045, #2133 ), #33 ) ;
#198 = ORIENTED_EDGE ( 'NONE', *, *, #581, .F. ) ;
#199 = CARTESIAN_POINT ( 'NONE',  ( 4.090160205385381609, -23.66774369149495172, -15.43598884465242627 ) ) ;
#200 = PLANE ( 'NONE',  #1813 ) ;
#201 = VERTEX_POINT ( 'NONE', #845 ) ;
#202 = CARTESIAN_POINT ( 'NONE',  ( 4.090160205385381609, -23.66774369149495172, -18.73598884465242520 ) ) ;
#203 = DIRECTION ( 'NONE',  ( 1.000000000000000000, 0.000000000000000000, -6.162975822039154730E-33 ) ) ;
#204 = ORIENTED_EDGE ( 'NONE', *, *, #1313, .T. ) ;
#205 = ADVANCED_FACE ( 'NONE', ( #1309 ), #1153, .F. ) ;
#206 = FACE_OUTER_BOUND ( 'NONE', #549, .T. ) ;
#207 = ORIENTED_EDGE ( 'NONE', *, *, #340, .T. ) ;
#208 = CARTESIAN_POINT ( 'NONE',  ( 8.316012192033038986, -21.96904332546900562, -17.23598884465242520 ) ) ;
#209 = VECTOR ( 'NONE', #2032, 1000.000000000000000 ) ;
#210 = AXIS2_PLACEMENT_3D ( 'NONE', #1009, #1871, #1563 ) ;
#211 = CARTESIAN_POINT ( 'NONE',  ( -7.095124434835567762, -10.28367234013760623, -15.43598884465242627 ) ) ;
#212 = ORIENTED_EDGE ( 'NONE', *, *, #1338, .T. ) ;
#213 = PLANE ( 'NONE',  #453 ) ;
#214 = CARTESIAN_POINT ( 'NONE',  ( 5.717338698558758203, -15.75839905514475703, -15.43598884465242627 ) ) ;
#215 = AXIS2_PLACEMENT_3D ( 'NONE', #520, #1559, #21 ) ;
#216 = CARTESIAN_POINT ( 'NONE',  ( -12.12079964696077816, 1.848234117621118333, -19.43598884465242449 ) ) ;
#217 = ORIENTED_EDGE ( 'NONE', *, *, #428, .F. ) ;
#218 = ADVANCED_FACE ( 'NONE', ( #1667 ), #812, .T. ) ;
#219 = EDGE_LOOP ( 'NONE', ( #880, #1147, #2157, #1424 ) ) ;
#220 = CARTESIAN_POINT ( 'NONE',  ( -13.27079964696077852, 1.848234117621118555, -14.43598884465242449 ) ) ;
#221 = EDGE_CURVE ( 'NONE', #2119, #1304, #1162, .T. ) ;
#222 = EDGE_CURVE ( 'NONE', #1236, #709, #508, .T. ) ;
#223 = VERTEX_POINT ( 'NONE', #1223 ) ;
#224 = DIRECTION ( 'NONE',  ( -0.000000000000000000, -0.000000000000000000, -1.000000000000000000 ) ) ;
#225 = DIRECTION ( 'NONE',  ( -0.000000000000000000, 0.000000000000000000, 1.000000000000000000 ) ) ;
#226 = EDGE_LOOP ( 'NONE', ( #569, #933, #395, #1788 ) ) ;
#227 = CARTESIAN_POINT ( 'NONE',  ( 17.21639334891405326, 0.000000000000000000, -15.43598884465242627 ) ) ;
#228 = ORIENTED_EDGE ( 'NONE', *, *, #870, .F. ) ;
#229 = DIRECTION ( 'NONE',  ( -0.000000000000000000, 0.000000000000000000, 1.000000000000000000 ) ) ;
#230 = EDGE_CURVE ( 'NONE', #1713, #1251, #145, .T. ) ;
#231 = EDGE_LOOP ( 'NONE', ( #1290, #1949 ) ) ;
#232 = DIRECTION ( 'NONE',  ( 0.000000000000000000, -1.000000000000000000, 0.000000000000000000 ) ) ;
#233 = CARTESIAN_POINT ( 'NONE',  ( 14.82291084582287866, 0.5470603067309620648, -14.43598884465242449 ) ) ;
#234 = DIRECTION ( 'NONE',  ( 0.000000000000000000, -0.000000000000000000, 1.000000000000000000 ) ) ;
#235 = DIRECTION ( 'NONE',  ( 1.000000000000000000, 1.927470528863118802E-16, -0.000000000000000000 ) ) ;
#236 = DIRECTION ( 'NONE',  ( -0.000000000000000000, 1.000000000000000000, -0.000000000000000000 ) ) ;
#237 = VECTOR ( 'NONE', #1550, 1000.000000000000000 ) ;
#238 = VERTEX_POINT ( 'NONE', #1051 ) ;
#239 = CIRCLE ( 'NONE', #882, 1.799999999999999600 ) ;
#240 = CARTESIAN_POINT ( 'NONE',  ( 17.21639334891405326, 10.01618412157995941, 48.76401115534757480 ) ) ;
#241 = VECTOR ( 'NONE', #289, 1000.000000000000000 ) ;
#242 = EDGE_CURVE ( 'NONE', #1394, #473, #1733, .T. ) ;
#243 = CARTESIAN_POINT ( 'NONE',  ( 7.718250638582002665, -9.055242563630706343, -40.25696135330794334 ) ) ;
#244 = EDGE_LOOP ( 'NONE', ( #2069, #948, #1995, #1439 ) ) ;
#245 = DIRECTION ( 'NONE',  ( -0.000000000000000000, -0.000000000000000000, -1.000000000000000000 ) ) ;
#246 = AXIS2_PLACEMENT_3D ( 'NONE', #1820, #133, #1687 ) ;
#247 = EDGE_CURVE ( 'NONE', #1502, #163, #1549, .T. ) ;
#248 = AXIS2_PLACEMENT_3D ( 'NONE', #1262, #258, #588 ) ;
#249 = LINE ( 'NONE', #1434, #1717 ) ;
#250 = LINE ( 'NONE', #932, #142 ) ;
#251 = ORIENTED_EDGE ( 'NONE', *, *, #1248, .T. ) ;
#252 = LINE ( 'NONE', #1295, #2170 ) ;
#253 = CARTESIAN_POINT ( 'NONE',  ( 4.090160205385381609, -25.60308351169126340, -17.67598695563342304 ) ) ;
#254 = CARTESIAN_POINT ( 'NONE',  ( 5.717338698558758203, -19.23379378507761572, -18.73598884465242520 ) ) ;
#255 = VERTEX_POINT ( 'NONE', #1570 ) ;
#256 = CARTESIAN_POINT ( 'NONE',  ( -9.768004336331001625, -20.05527226580415601, -14.43598884465242449 ) ) ;
#257 = ADVANCED_FACE ( 'NONE', ( #1911 ), #213, .F. ) ;
#258 = DIRECTION ( 'NONE',  ( 0.000000000000000000, 0.000000000000000000, 1.000000000000000000 ) ) ;
#259 = ORIENTED_EDGE ( 'NONE', *, *, #1885, .F. ) ;
#260 = CARTESIAN_POINT ( 'NONE',  ( 17.21639334891405326, 10.01618412157995941, -14.43598884465242449 ) ) ;
#261 = CARTESIAN_POINT ( 'NONE',  ( 9.116012192033037920, -21.96904332546900562, -18.73598884465242520 ) ) ;
#262 = CARTESIAN_POINT ( 'NONE',  ( 7.718250638582002665, -9.055242563630706343, -16.22598884465342906 ) ) ;
#263 = VERTEX_POINT ( 'NONE', #1208 ) ;
#264 = EDGE_LOOP ( 'NONE', ( #1087, #781, #398, #1116 ) ) ;
#265 = EDGE_CURVE ( 'NONE', #1385, #1018, #1924, .T. ) ;
#266 = DIRECTION ( 'NONE',  ( 0.000000000000000000, 1.000000000000000000, 0.000000000000000000 ) ) ;
#267 = EDGE_CURVE ( 'NONE', #1841, #661, #183, .T. ) ;
#268 = ORIENTED_EDGE ( 'NONE', *, *, #1475, .F. ) ;
#269 = CARTESIAN_POINT ( 'NONE',  ( -12.12079964696077816, 1.848234117621118333, -27.02385407479282975 ) ) ;
#270 = CARTESIAN_POINT ( 'NONE',  ( 4.090160205385381609, -33.10308351169126695, -15.43598884465242627 ) ) ;
#271 = VECTOR ( 'NONE', #703, 1000.000000000000000 ) ;
#272 = FACE_OUTER_BOUND ( 'NONE', #1492, .T. ) ;
#273 = VERTEX_POINT ( 'NONE', #2070 ) ;
#274 = VERTEX_POINT ( 'NONE', #2 ) ;
#275 = VECTOR ( 'NONE', #122, 1000.000000000000000 ) ;
#276 = CIRCLE ( 'NONE', #563, 1.149999999999999911 ) ;
#277 = LINE ( 'NONE', #1691, #956 ) ;
#278 = ORIENTED_EDGE ( 'NONE', *, *, #283, .F. ) ;
#279 = ADVANCED_FACE ( 'NONE', ( #1902 ), #537, .F. ) ;
#280 = CARTESIAN_POINT ( 'NONE',  ( -14.42982199563076051, 4.841691769827613179, -27.02385407479282975 ) ) ;
#281 = LINE ( 'NONE', #421, #919 ) ;
#282 = ORIENTED_EDGE ( 'NONE', *, *, #1579, .F. ) ;
#283 = EDGE_CURVE ( 'NONE', #1206, #304, #12, .T. ) ;
#284 = DIRECTION ( 'NONE',  ( 0.000000000000000000, -1.000000000000000000, 1.232595164407830946E-32 ) ) ;
#285 = DIRECTION ( 'NONE',  ( -1.000000000000000000, 0.000000000000000000, 0.000000000000000000 ) ) ;
#286 = LINE ( 'NONE', #1139, #1093 ) ;
#287 = ORIENTED_EDGE ( 'NONE', *, *, #2036, .T. ) ;
#288 = DIRECTION ( 'NONE',  ( 0.000000000000000000, 0.000000000000000000, -1.000000000000000000 ) ) ;
#289 = DIRECTION ( 'NONE',  ( 0.000000000000000000, -1.000000000000000000, 0.000000000000000000 ) ) ;
#290 = VERTEX_POINT ( 'NONE', #682 ) ;
#291 = PLANE ( 'NONE',  #1392 ) ;
#292 = CARTESIAN_POINT ( 'NONE',  ( -13.27079964696077852, 1.848234117621118555, -19.43598884465242449 ) ) ;
#293 = VERTEX_POINT ( 'NONE', #343 ) ;
#294 = FACE_BOUND ( 'NONE', #575, .T. ) ;
#295 = DIRECTION ( 'NONE',  ( 1.000000000000000000, 0.000000000000000000, 0.000000000000000000 ) ) ;
#296 = EDGE_CURVE ( 'NONE', #1161, #1915, #2081, .T. ) ;
#297 = CARTESIAN_POINT ( 'NONE',  ( -14.42982199563076051, -1.145223534585383618, -19.43598884465242449 ) ) ;
#298 = ORIENTED_EDGE ( 'NONE', *, *, #1042, .T. ) ;
#299 = LINE ( 'NONE', #126, #1987 ) ;
#300 = CARTESIAN_POINT ( 'NONE',  ( 14.82291084582287866, 0.5470603067309620648, -14.43598884465242449 ) ) ;
#301 = ORIENTED_EDGE ( 'NONE', *, *, #1106, .T. ) ;
#302 = LINE ( 'NONE', #624, #1429 ) ;
#303 = PLANE ( 'NONE',  #452 ) ;
#304 = VERTEX_POINT ( 'NONE', #389 ) ;
#305 = PLANE ( 'NONE',  #36 ) ;
#306 = CARTESIAN_POINT ( 'NONE',  ( 5.717338698558759091, -20.25839905514475703, -18.73598884465242520 ) ) ;
#307 = ORIENTED_EDGE ( 'NONE', *, *, #1179, .F. ) ;
#308 = DIRECTION ( 'NONE',  ( 0.000000000000000000, 0.000000000000000000, 1.000000000000000000 ) ) ;
#309 = ADVANCED_FACE ( 'NONE', ( #868 ), #2057, .T. ) ;
#310 = AXIS2_PLACEMENT_3D ( 'NONE', #216, #1370, #374 ) ;
#311 = DIRECTION ( 'NONE',  ( 0.000000000000000000, -1.000000000000000000, 0.000000000000000000 ) ) ;
#312 = ORIENTED_EDGE ( 'NONE', *, *, #965, .T. ) ;
#313 = COLOUR_RGB ( '',0.7921568627450980005, 0.8196078431372548767, 0.9333333333333333481 ) ;
#314 = ADVANCED_FACE ( 'NONE', ( #702 ), #714, .F. ) ;
#315 = AXIS2_PLACEMENT_3D ( 'NONE', #825, #1163, #1505 ) ;
#316 = CARTESIAN_POINT ( 'NONE',  ( 6.876098060812826596, -20.25839905514475703, -18.73598884465242520 ) ) ;
#317 = AXIS2_PLACEMENT_3D ( 'NONE', #408, #1613, #565 ) ;
#318 = EDGE_LOOP ( 'NONE', ( #71, #2209, #1332, #338 ) ) ;
#319 = LINE ( 'NONE', #2146, #742 ) ;
#320 = LINE ( 'NONE', #1024, #991 ) ;
#321 = EDGE_LOOP ( 'NONE', ( #268, #963, #2143, #695 ) ) ;
#322 = DIRECTION ( 'NONE',  ( 0.000000000000000000, 1.000000000000000000, 0.000000000000000000 ) ) ;
#323 = FACE_OUTER_BOUND ( 'NONE', #1810, .T. ) ;
#324 = ORIENTED_EDGE ( 'NONE', *, *, #1148, .T. ) ;
#325 = EDGE_CURVE ( 'NONE', #1736, #899, #1402, .T. ) ;
#326 = DIRECTION ( 'NONE',  ( -0.000000000000000000, 0.000000000000000000, 1.000000000000000000 ) ) ;
#327 = FACE_OUTER_BOUND ( 'NONE', #1025, .T. ) ;
#328 = ORIENTED_EDGE ( 'NONE', *, *, #54, .F. ) ;
#329 = DIRECTION ( 'NONE',  ( 0.000000000000000000, 1.000000000000000000, 0.000000000000000000 ) ) ;
#330 = DIRECTION ( 'NONE',  ( 0.000000000000000000, 0.000000000000000000, 1.000000000000000000 ) ) ;
#331 = VERTEX_POINT ( 'NONE', #373 ) ;
#332 = DIRECTION ( 'NONE',  ( -1.000000000000000000, 0.000000000000000000, 0.000000000000000000 ) ) ;
#333 = LINE ( 'NONE', #1734, #1169 ) ;
#334 = ORIENTED_EDGE ( 'NONE', *, *, #641, .T. ) ;
#335 = CARTESIAN_POINT ( 'NONE',  ( -9.767229934837363459, -32.93981598067977501, -15.43598884465242627 ) ) ;
#336 = EDGE_CURVE ( 'NONE', #331, #815, #722, .T. ) ;
#337 = LINE ( 'NONE', #50, #1130 ) ;
#338 = ORIENTED_EDGE ( 'NONE', *, *, #2039, .T. ) ;
#339 = DIRECTION ( 'NONE',  ( 0.000000000000000000, -0.000000000000000000, -1.000000000000000000 ) ) ;
#340 = EDGE_CURVE ( 'NONE', #743, #1640, #554, .T. ) ;
#341 = DIRECTION ( 'NONE',  ( -0.000000000000000000, 1.000000000000000000, -0.000000000000000000 ) ) ;
#342 = ORIENTED_EDGE ( 'NONE', *, *, #2195, .F. ) ;
#343 = CARTESIAN_POINT ( 'NONE',  ( 4.516012192033038275, -21.96904332546900562, -19.43598884465242449 ) ) ;
#344 = LINE ( 'NONE', #1231, #850 ) ;
#345 = ORIENTED_EDGE ( 'NONE', *, *, #1241, .F. ) ;
#346 = AXIS2_PLACEMENT_3D ( 'NONE', #1948, #1104, #1787 ) ;
#347 = VECTOR ( 'NONE', #944, 1000.000000000000000 ) ;
#348 = CARTESIAN_POINT ( 'NONE',  ( 6.917338698558759269, -20.25839905514476058, -18.73598884465242520 ) ) ;
#349 = CARTESIAN_POINT ( 'NONE',  ( -11.06657973714213661, -22.57416235719585629, -14.43598884465242449 ) ) ;
#350 = ORIENTED_EDGE ( 'NONE', *, *, #1637, .F. ) ;
#351 = AXIS2_PLACEMENT_3D ( 'NONE', #1919, #1196, #859 ) ;
#352 = CARTESIAN_POINT ( 'NONE',  ( 6.316012192033038097, -21.96904332546900562, -14.43598884465242449 ) ) ;
#353 = LINE ( 'NONE', #1387, #209 ) ;
#354 = CIRCLE ( 'NONE', #595, 2.800000000000000266 ) ;
#355 = EDGE_CURVE ( 'NONE', #1056, #1618, #997, .T. ) ;
#356 = EDGE_LOOP ( 'NONE', ( #120, #1316, #1155, #519 ) ) ;
#357 = CARTESIAN_POINT ( 'NONE',  ( 11.47785475656087506, 5.629380556555489079, -15.43598884465242627 ) ) ;
#358 = DIRECTION ( 'NONE',  ( -1.000000000000000000, -0.000000000000000000, -0.000000000000000000 ) ) ;
#359 = ORIENTED_EDGE ( 'NONE', *, *, #499, .F. ) ;
#360 = CARTESIAN_POINT ( 'NONE',  ( 7.718250638582002665, -9.055242563630706343, -15.43598884465242627 ) ) ;
#361 = ORIENTED_EDGE ( 'NONE', *, *, #26, .F. ) ;
#362 = LINE ( 'NONE', #1566, #926 ) ;
#363 = CARTESIAN_POINT ( 'NONE',  ( -9.768004336331001625, -25.01208152476544910, -14.43598884465242449 ) ) ;
#364 = ORIENTED_EDGE ( 'NONE', *, *, #1900, .F. ) ;
#365 = CARTESIAN_POINT ( 'NONE',  ( -9.165903932172151158, -10.28367234013760623, -19.43598884465242449 ) ) ;
#366 = EDGE_CURVE ( 'NONE', #858, #1206, #97, .T. ) ;
#367 = CARTESIAN_POINT ( 'NONE',  ( 13.02779137238220208, 0.5470603067309620648, -15.43598884465242627 ) ) ;
#368 = VERTEX_POINT ( 'NONE', #773 ) ;
#369 = DIRECTION ( 'NONE',  ( 1.000000000000000000, 0.000000000000000000, 0.000000000000000000 ) ) ;
#370 = VERTEX_POINT ( 'NONE', #88 ) ;
#371 = CARTESIAN_POINT ( 'NONE',  ( 5.290160205385380898, -25.60308351169126695, -19.43598884465242449 ) ) ;
#372 = ORIENTED_EDGE ( 'NONE', *, *, #1011, .F. ) ;
#373 = CARTESIAN_POINT ( 'NONE',  ( 6.917338698558758381, -19.23437580773498112, -15.43598884465242627 ) ) ;
#374 = DIRECTION ( 'NONE',  ( 0.000000000000000000, -1.000000000000000000, 0.000000000000000000 ) ) ;
#375 = EDGE_CURVE ( 'NONE', #370, #1502, #1465, .T. ) ;
#376 = VERTEX_POINT ( 'NONE', #1773 ) ;
#377 = AXIS2_PLACEMENT_3D ( 'NONE', #561, #229, #1935 ) ;
#378 = ADVANCED_FACE ( 'NONE', ( #943 ), #752, .F. ) ;
#379 = EDGE_CURVE ( 'NONE', #1999, #947, #252, .T. ) ;
#380 = APPLICATION_PROTOCOL_DEFINITION ( 'draft international standard', 'automotive_design', 1998, #6 ) ;
#381 = VECTOR ( 'NONE', #1421, 1000.000000000000000 ) ;
#382 = VECTOR ( 'NONE', #1278, 1000.000000000000000 ) ;
#383 = ORIENTED_EDGE ( 'NONE', *, *, #1579, .T. ) ;
#384 = FACE_BOUND ( 'NONE', #1349, .T. ) ;
#385 = CIRCLE ( 'NONE', #525, 1.799999999999999600 ) ;
#386 = AXIS2_PLACEMENT_3D ( 'NONE', #975, #1145, #1660 ) ;
#387 = CARTESIAN_POINT ( 'NONE',  ( -9.536173069865316876, -32.93981598067977501, -15.43598884465242982 ) ) ;
#388 = VERTEX_POINT ( 'NONE', #2116 ) ;
#389 = CARTESIAN_POINT ( 'NONE',  ( -9.768004336331001625, 10.01618412157995941, -15.43598884465242982 ) ) ;
#390 = CARTESIAN_POINT ( 'NONE',  ( 6.316012192033038097, -21.96904332546900562, -15.43598884465242627 ) ) ;
#391 = VECTOR ( 'NONE', #856, 1000.000000000000000 ) ;
#392 = CARTESIAN_POINT ( 'NONE',  ( -9.768004336331001625, -1.145223534585383618, -19.43598884465242449 ) ) ;
#393 = VERTEX_POINT ( 'NONE', #1088 ) ;
#394 = EDGE_CURVE ( 'NONE', #858, #974, #2126, .T. ) ;
#395 = ORIENTED_EDGE ( 'NONE', *, *, #1623, .F. ) ;
#396 = DIRECTION ( 'NONE',  ( -1.000000000000000000, 0.000000000000000000, 0.000000000000000000 ) ) ;
#397 = DIRECTION ( 'NONE',  ( 1.000000000000000000, 0.000000000000000000, 0.000000000000000000 ) ) ;
#398 = ORIENTED_EDGE ( 'NONE', *, *, #2125, .T. ) ;
#399 = DIRECTION ( 'NONE',  ( 0.000000000000000000, 0.000000000000000000, -1.000000000000000000 ) ) ;
#400 = DIRECTION ( 'NONE',  ( 1.000000000000000000, 0.000000000000000000, 0.000000000000000000 ) ) ;
#401 = ORIENTED_EDGE ( 'NONE', *, *, #1010, .F. ) ;
#402 = CARTESIAN_POINT ( 'NONE',  ( 15.52291084582287795, 0.5470603067309621759, -14.43598884465242449 ) ) ;
#403 = EDGE_CURVE ( 'NONE', #867, #953, #1794, .T. ) ;
#404 = CARTESIAN_POINT ( 'NONE',  ( 6.917338698558758381, -15.75839905514475703, -15.43598884465242627 ) ) ;
#405 = DIRECTION ( 'NONE',  ( -0.000000000000000000, 0.000000000000000000, 1.000000000000000000 ) ) ;
#406 = ORIENTED_EDGE ( 'NONE', *, *, #14, .T. ) ;
#407 = ADVANCED_FACE ( 'NONE', ( #2110 ), #910, .T. ) ;
#408 = CARTESIAN_POINT ( 'NONE',  ( -9.572122961288883403, -20.05527226580415601, -27.02385407479282975 ) ) ;
#409 = DIRECTION ( 'NONE',  ( 0.000000000000000000, 0.000000000000000000, 1.000000000000000000 ) ) ;
#410 = ORIENTED_EDGE ( 'NONE', *, *, #1010, .T. ) ;
#411 = ORIENTED_EDGE ( 'NONE', *, *, #336, .T. ) ;
#412 = LINE ( 'NONE', #1954, #816 ) ;
#413 = VECTOR ( 'NONE', #1584, 1000.000000000000000 ) ;
#414 = ORIENTED_EDGE ( 'NONE', *, *, #983, .T. ) ;
#415 = AXIS2_PLACEMENT_3D ( 'NONE', #650, #1337, #2014 ) ;
#416 = DIRECTION ( 'NONE',  ( -1.000000000000000000, 0.000000000000000000, 0.000000000000000000 ) ) ;
#417 = EDGE_CURVE ( 'NONE', #1040, #1455, #531, .T. ) ;
#418 = DIRECTION ( 'NONE',  ( 0.000000000000000000, 0.000000000000000000, 1.000000000000000000 ) ) ;
#419 = FACE_OUTER_BOUND ( 'NONE', #1447, .T. ) ;
#420 = DIRECTION ( 'NONE',  ( 0.000000000000000000, 1.000000000000000000, -0.000000000000000000 ) ) ;
#421 = CARTESIAN_POINT ( 'NONE',  ( 6.917338698558758381, -15.75839905514475703, -19.43598884465242449 ) ) ;
#422 = EDGE_LOOP ( 'NONE', ( #1747, #482, #728, #1759, #792, #328 ) ) ;
#423 = DIRECTION ( 'NONE',  ( 0.000000000000000000, 0.000000000000000000, 1.000000000000000000 ) ) ;
#424 = FACE_BOUND ( 'NONE', #1432, .T. ) ;
#425 = FACE_OUTER_BOUND ( 'NONE', #1527, .T. ) ;
#426 = VERTEX_POINT ( 'NONE', #56 ) ;
#427 = FACE_OUTER_BOUND ( 'NONE', #754, .T. ) ;
#428 = EDGE_CURVE ( 'NONE', #163, #1285, #1786, .T. ) ;
#429 = ORIENTED_EDGE ( 'NONE', *, *, #1174, .F. ) ;
#430 = LINE ( 'NONE', #316, #1745 ) ;
#431 = ORIENTED_EDGE ( 'NONE', *, *, #547, .T. ) ;
#432 = CARTESIAN_POINT ( 'NONE',  ( 14.82291084582287866, 0.5470603067309620648, -19.43598884465242449 ) ) ;
#433 = LINE ( 'NONE', #1111, #275 ) ;
#434 = LINE ( 'NONE', #1970, #485 ) ;
#435 = EDGE_LOOP ( 'NONE', ( #1312, #1835, #1907, #1259 ) ) ;
#436 = DIRECTION ( 'NONE',  ( 1.000000000000000000, 0.000000000000000000, 0.000000000000000000 ) ) ;
#437 = ADVANCED_FACE ( 'NONE', ( #1931 ), #760, .F. ) ;
#438 = ORIENTED_EDGE ( 'NONE', *, *, #108, .T. ) ;
#439 = EDGE_CURVE ( 'NONE', #704, #426, #1991, .T. ) ;
#440 = DIRECTION ( 'NONE',  ( 1.000000000000000000, 0.000000000000000000, 0.000000000000000000 ) ) ;
#441 = DIRECTION ( 'NONE',  ( 0.000000000000000000, 0.000000000000000000, 1.000000000000000000 ) ) ;
#442 = ORIENTED_EDGE ( 'NONE', *, *, #547, .F. ) ;
#443 = DIRECTION ( 'NONE',  ( 0.000000000000000000, 0.000000000000000000, 1.000000000000000000 ) ) ;
#444 = VECTOR ( 'NONE', #2037, 1000.000000000000000 ) ;
#445 = DIRECTION ( 'NONE',  ( 0.000000000000000000, 0.000000000000000000, -1.000000000000000000 ) ) ;
#446 = VECTOR ( 'NONE', #1173, 1000.000000000000000 ) ;
#447 = ORIENTED_EDGE ( 'NONE', *, *, #1799, .T. ) ;
#448 = CARTESIAN_POINT ( 'NONE',  ( -9.572122961288883403, -25.01208152476544910, -19.43598884465242449 ) ) ;
#449 = AXIS2_PLACEMENT_3D ( 'NONE', #761, #1628, #629 ) ;
#450 = VECTOR ( 'NONE', #490, 1000.000000000000000 ) ;
#451 = DIRECTION ( 'NONE',  ( -0.000000000000000000, -1.000000000000000000, 0.000000000000000000 ) ) ;
#452 = AXIS2_PLACEMENT_3D ( 'NONE', #1166, #492, #1181 ) ;
#453 = AXIS2_PLACEMENT_3D ( 'NONE', #693, #1041, #1724 ) ;
#454 = VERTEX_POINT ( 'NONE', #576 ) ;
#455 = CIRCLE ( 'NONE', #2171, 0.6999999999999992895 ) ;
#456 = CARTESIAN_POINT ( 'NONE',  ( -9.768004336331001625, -20.05527226580415601, -15.43598884465242627 ) ) ;
#457 = EDGE_CURVE ( 'NONE', #1897, #1884, #934, .T. ) ;
#458 = DIRECTION ( 'NONE',  ( 0.000000000000000000, 0.000000000000000000, 1.000000000000000000 ) ) ;
#459 = ORIENTED_EDGE ( 'NONE', *, *, #267, .T. ) ;
#460 = CARTESIAN_POINT ( 'NONE',  ( 6.316012192033038097, -21.96904332546900562, -19.43598884465242449 ) ) ;
#461 = CARTESIAN_POINT ( 'NONE',  ( 15.52291084582287795, 0.5470603067309621759, -14.43598884465242449 ) ) ;
#462 = LINE ( 'NONE', #1151, #989 ) ;
#463 = VERTEX_POINT ( 'NONE', #729 ) ;
#464 = LINE ( 'NONE', #2150, #1096 ) ;
#465 = DIRECTION ( 'NONE',  ( 1.000000000000000000, 0.000000000000000000, 0.000000000000000000 ) ) ;
#466 = ORIENTED_EDGE ( 'NONE', *, *, #801, .F. ) ;
#467 = CARTESIAN_POINT ( 'NONE',  ( 8.316012192033038986, -21.96904332546900562, -14.43598884465242449 ) ) ;
#468 = ADVANCED_FACE ( 'NONE', ( #1110 ), #1592, .F. ) ;
#469 = ORIENTED_EDGE ( 'NONE', *, *, #1510, .F. ) ;
#470 = DIRECTION ( 'NONE',  ( 0.000000000000000000, 0.000000000000000000, 1.000000000000000000 ) ) ;
#471 = DIRECTION ( 'NONE',  ( 0.000000000000000000, 0.000000000000000000, 1.000000000000000000 ) ) ;
#472 = ADVANCED_FACE ( 'NONE', ( #744 ), #901, .F. ) ;
#473 = VERTEX_POINT ( 'NONE', #1831 ) ;
#474 = CARTESIAN_POINT ( 'NONE',  ( 4.090160205385381609, -33.10308351169126695, -17.67598695563342304 ) ) ;
#475 = CARTESIAN_POINT ( 'NONE',  ( 0.000000000000000000, -25.01208152476544910, -15.43598884465242627 ) ) ;
#476 = ORIENTED_EDGE ( 'NONE', *, *, #771, .T. ) ;
#477 = DIRECTION ( 'NONE',  ( -1.000000000000000000, -0.000000000000000000, -0.000000000000000000 ) ) ;
#478 = PLANE ( 'NONE',  #2030 ) ;
#479 = ORIENTED_EDGE ( 'NONE', *, *, #784, .F. ) ;
#480 = CARTESIAN_POINT ( 'NONE',  ( 16.61803031926355700, 0.5470603067309622869, -15.43598884465242627 ) ) ;
#481 = CARTESIAN_POINT ( 'NONE',  ( 17.21639334891405326, -32.93981598067977501, -14.43598884465242449 ) ) ;
#482 = ORIENTED_EDGE ( 'NONE', *, *, #325, .F. ) ;
#483 = CARTESIAN_POINT ( 'NONE',  ( 0.5234178088539507279, -15.28367234013760800, -19.43598884465242449 ) ) ;
#484 = ADVANCED_FACE ( 'NONE', ( #955, #294, #1330, #1643, #1473 ), #1512, .T. ) ;
#485 = VECTOR ( 'NONE', #515, 1000.000000000000000 ) ;
#486 = DIRECTION ( 'NONE',  ( -1.000000000000000000, 0.000000000000000000, 0.000000000000000000 ) ) ;
#487 = VERTEX_POINT ( 'NONE', #662 ) ;
#488 = VECTOR ( 'NONE', #1976, 1000.000000000000000 ) ;
#489 = AXIS2_PLACEMENT_3D ( 'NONE', #1480, #1490, #1972 ) ;
#490 = DIRECTION ( 'NONE',  ( 1.000000000000000000, 0.000000000000000000, 0.000000000000000000 ) ) ;
#491 = VECTOR ( 'NONE', #399, 1000.000000000000000 ) ;
#492 = DIRECTION ( 'NONE',  ( -1.000000000000000000, 0.000000000000000000, 0.000000000000000000 ) ) ;
#493 = ORIENTED_EDGE ( 'NONE', *, *, #2039, .F. ) ;
#494 = DIRECTION ( 'NONE',  ( 0.000000000000000000, -0.000000000000000000, -1.000000000000000000 ) ) ;
#495 = CARTESIAN_POINT ( 'NONE',  ( -14.52746325139506212, -25.01208152476544910, -27.02385407479282975 ) ) ;
#496 = ORIENTED_EDGE ( 'NONE', *, *, #1450, .F. ) ;
#497 = CARTESIAN_POINT ( 'NONE',  ( -9.165903932172151158, -10.28367234013760623, -19.43598884465242449 ) ) ;
#498 = LINE ( 'NONE', #1892, #2097 ) ;
#499 = EDGE_CURVE ( 'NONE', #293, #1091, #851, .T. ) ;
#500 = ORIENTED_EDGE ( 'NONE', *, *, #1684, .T. ) ;
#501 = EDGE_CURVE ( 'NONE', #1587, #1140, #978, .T. ) ;
#502 = DIRECTION ( 'NONE',  ( 1.000000000000000000, 0.000000000000000000, 0.000000000000000000 ) ) ;
#503 = DIRECTION ( 'NONE',  ( 0.000000000000000000, -1.000000000000000000, 0.000000000000000000 ) ) ;
#504 = ORIENTED_EDGE ( 'NONE', *, *, #683, .F. ) ;
#505 = LINE ( 'NONE', #1721, #778 ) ;
#506 = PLANE ( 'NONE',  #808 ) ;
#507 = VERTEX_POINT ( 'NONE', #1996 ) ;
#508 = LINE ( 'NONE', #202, #1780 ) ;
#509 = LINE ( 'NONE', #1381, #1634 ) ;
#510 = EDGE_LOOP ( 'NONE', ( #1, #1232, #1329, #406, #1524, #987 ) ) ;
#511 = EDGE_CURVE ( 'NONE', #1999, #290, #1149, .T. ) ;
#512 = CARTESIAN_POINT ( 'NONE',  ( -9.536173069865316876, -33.10308351169126695, -34.36833040667511341 ) ) ;
#513 = LINE ( 'NONE', #1863, #1391 ) ;
#514 = EDGE_CURVE ( 'NONE', #1018, #1385, #2134, .T. ) ;
#515 = DIRECTION ( 'NONE',  ( 0.000000000000000000, -1.000000000000000000, 1.232595164407830946E-32 ) ) ;
#516 = EDGE_LOOP ( 'NONE', ( #1435, #1511, #1228, #1109 ) ) ;
#517 = CARTESIAN_POINT ( 'NONE',  ( 16.95518281285451678, 9.759534074731627484, -15.43598884465242627 ) ) ;
#518 = DIRECTION ( 'NONE',  ( -0.000000000000000000, -0.000000000000000000, -1.000000000000000000 ) ) ;
#519 = ORIENTED_EDGE ( 'NONE', *, *, #83, .T. ) ;
#520 = CARTESIAN_POINT ( 'NONE',  ( -10.50745196113811453, -1.145223534585383618, -27.02385407479282975 ) ) ;
#521 = CARTESIAN_POINT ( 'NONE',  ( 7.718250638582002665, -9.055242563630706343, -15.43598884465242627 ) ) ;
#522 = EDGE_LOOP ( 'NONE', ( #1325, #372, #1981, #1212, #191 ) ) ;
#523 = VECTOR ( 'NONE', #1187, 1000.000000000000000 ) ;
#524 = VECTOR ( 'NONE', #1950, 1000.000000000000000 ) ;
#525 = AXIS2_PLACEMENT_3D ( 'NONE', #1992, #458, #1146 ) ;
#526 = VECTOR ( 'NONE', #687, 1000.000000000000000 ) ;
#527 = CARTESIAN_POINT ( 'NONE',  ( -9.536173069865316876, -23.46164319608852011, -17.67598695563342304 ) ) ;
#528 = PLANE ( 'NONE',  #1430 ) ;
#529 = AXIS2_PLACEMENT_3D ( 'NONE', #646, #1333, #2010 ) ;
#530 = ORIENTED_EDGE ( 'NONE', *, *, #1127, .T. ) ;
#531 = CIRCLE ( 'NONE', #1252, 2.000000000000000000 ) ;
#532 = EDGE_CURVE ( 'NONE', #463, #1541, #654, .T. ) ;
#533 = FACE_OUTER_BOUND ( 'NONE', #510, .T. ) ;
#534 = DIRECTION ( 'NONE',  ( 1.000000000000000000, 0.000000000000000000, 0.000000000000000000 ) ) ;
#535 = VECTOR ( 'NONE', #2210, 1000.000000000000000 ) ;
#536 = ORIENTED_EDGE ( 'NONE', *, *, #1607, .F. ) ;
#537 = PLANE ( 'NONE',  #1431 ) ;
#538 = DIRECTION ( 'NONE',  ( 0.000000000000000000, 0.000000000000000000, -1.000000000000000000 ) ) ;
#539 = ORIENTED_EDGE ( 'NONE', *, *, #1538, .T. ) ;
#540 = CARTESIAN_POINT ( 'NONE',  ( 0.000000000000000000, 0.000000000000000000, 0.000000000000000000 ) ) ;
#541 = ORIENTED_EDGE ( 'NONE', *, *, #1616, .T. ) ;
#542 = DIRECTION ( 'NONE',  ( -1.000000000000000000, -1.927470528863118802E-16, 0.000000000000000000 ) ) ;
#543 = ADVANCED_FACE ( 'NONE', ( #782 ), #643, .T. ) ;
#544 = EDGE_LOOP ( 'NONE', ( #1633, #496 ) ) ;
#545 = CARTESIAN_POINT ( 'NONE',  ( 0.000000000000000000, -20.05527226580415601, -15.43598884465242627 ) ) ;
#546 = DIRECTION ( 'NONE',  ( -0.000000000000000000, -0.000000000000000000, -1.000000000000000000 ) ) ;
#547 = EDGE_CURVE ( 'NONE', #886, #238, #1396, .T. ) ;
#548 = DIRECTION ( 'NONE',  ( 0.000000000000000000, -1.000000000000000000, 0.000000000000000000 ) ) ;
#549 = EDGE_LOOP ( 'NONE', ( #692, #1561, #1927, #2092 ) ) ;
#550 = DIRECTION ( 'NONE',  ( 0.000000000000000000, 0.000000000000000000, 1.000000000000000000 ) ) ;
#551 = ORIENTED_EDGE ( 'NONE', *, *, #1301, .T. ) ;
#552 = CARTESIAN_POINT ( 'NONE',  ( 6.917338698558758381, -15.75839905514475703, -15.43598884465242627 ) ) ;
#553 = ORIENTED_EDGE ( 'NONE', *, *, #1273, .T. ) ;
#554 = LINE ( 'NONE', #1237, #1500 ) ;
#555 = CARTESIAN_POINT ( 'NONE',  ( 6.316012192033038097, -21.96904332546900562, -17.23598884465242520 ) ) ;
#556 = LINE ( 'NONE', #1083, #705 ) ;
#557 = ORIENTED_EDGE ( 'NONE', *, *, #283, .T. ) ;
#558 = EDGE_CURVE ( 'NONE', #1018, #704, #2016, .T. ) ;
#559 = CIRCLE ( 'NONE', #2128, 2.800000000000000266 ) ;
#560 = ORIENTED_EDGE ( 'NONE', *, *, #638, .F. ) ;
#561 = CARTESIAN_POINT ( 'NONE',  ( 6.316012192033038097, -21.96904332546900562, -15.43598884465242627 ) ) ;
#562 = VECTOR ( 'NONE', #1547, 1000.000000000000000 ) ;
#563 = AXIS2_PLACEMENT_3D ( 'NONE', #1879, #1359, #1043 ) ;
#564 = ORIENTED_EDGE ( 'NONE', *, *, #950, .T. ) ;
#565 = DIRECTION ( 'NONE',  ( -0.000000000000000000, 0.000000000000000000, -1.000000000000000000 ) ) ;
#566 = CARTESIAN_POINT ( 'NONE',  ( -8.082623750455098843, 9.050557839930039705, -40.25696135330794334 ) ) ;
#567 = AXIS2_PLACEMENT_3D ( 'NONE', #1619, #1939, #1452 ) ;
#568 = DIRECTION ( 'NONE',  ( 1.000000000000000000, 0.000000000000000000, 0.000000000000000000 ) ) ;
#569 = ORIENTED_EDGE ( 'NONE', *, *, #1936, .F. ) ;
#570 = CARTESIAN_POINT ( 'NONE',  ( -9.768004336331001625, -1.145223534585383618, -15.43598884465242627 ) ) ;
#571 = ADVANCED_FACE ( 'NONE', ( #805 ), #1135, .T. ) ;
#572 = EDGE_CURVE ( 'NONE', #946, #877, #121, .T. ) ;
#573 = APPLICATION_CONTEXT ( 'automotive_design' ) ;
#574 = CARTESIAN_POINT ( 'NONE',  ( 6.316012192033038097, -21.96904332546900562, -18.73598884465242520 ) ) ;
#575 = EDGE_LOOP ( 'NONE', ( #1294, #632 ) ) ;
#576 = CARTESIAN_POINT ( 'NONE',  ( 6.876098060812826596, -20.25839905514475703, -18.73598884465242520 ) ) ;
#577 = CARTESIAN_POINT ( 'NONE',  ( 5.717338698558758203, -19.23379378507761572, -15.43598884465242627 ) ) ;
#578 = CARTESIAN_POINT ( 'NONE',  ( 0.000000000000000000, 0.000000000000000000, -19.43598884465242449 ) ) ;
#579 = PLANE ( 'NONE',  #952 ) ;
#580 = LINE ( 'NONE', #766, #1142 ) ;
#581 = EDGE_CURVE ( 'NONE', #255, #1406, #319, .T. ) ;
#582 = VERTEX_POINT ( 'NONE', #1485 ) ;
#583 = DIRECTION ( 'NONE',  ( -0.000000000000000000, 0.000000000000000000, -1.000000000000000000 ) ) ;
#584 = CARTESIAN_POINT ( 'NONE',  ( -9.572122961288883403, -20.05527226580415601, -15.43598884465242627 ) ) ;
#585 = CARTESIAN_POINT ( 'NONE',  ( 7.718250638582002665, 9.050557839930039705, -15.43598884465242627 ) ) ;
#586 = VERTEX_POINT ( 'NONE', #2193 ) ;
#587 = LINE ( 'NONE', #91, #524 ) ;
#588 = DIRECTION ( 'NONE',  ( 1.000000000000000000, 0.000000000000000000, 0.000000000000000000 ) ) ;
#589 =( NAMED_UNIT ( * ) SI_UNIT ( $, .STERADIAN. ) SOLID_ANGLE_UNIT ( ) );
#590 = AXIS2_PLACEMENT_3D ( 'NONE', #1645, #2148, #1307 ) ;
#591 = ADVANCED_FACE ( 'NONE', ( #616 ), #2158, .F. ) ;
#592 = ORIENTED_EDGE ( 'NONE', *, *, #930, .F. ) ;
#593 = VECTOR ( 'NONE', #134, 1000.000000000000000 ) ;
#594 = CARTESIAN_POINT ( 'NONE',  ( 6.316012192033038097, -21.96904332546900562, -14.43598884465242449 ) ) ;
#595 = AXIS2_PLACEMENT_3D ( 'NONE', #1791, #1762, #2095 ) ;
#596 = CARTESIAN_POINT ( 'NONE',  ( 5.290160205385380898, -32.93981598067977501, -15.43598884465242627 ) ) ;
#597 = FACE_OUTER_BOUND ( 'NONE', #1793, .T. ) ;
#598 = ORIENTED_EDGE ( 'NONE', *, *, #1299, .T. ) ;
#599 = CARTESIAN_POINT ( 'NONE',  ( 0.5234178088539507279, -14.20494069501343226, -15.43598884465242627 ) ) ;
#600 = VECTOR ( 'NONE', #1305, 1000.000000000000000 ) ;
#601 = VERTEX_POINT ( 'NONE', #1663 ) ;
#602 = CARTESIAN_POINT ( 'NONE',  ( 16.61803031926355700, 0.5470603067309622869, -15.43598884465242627 ) ) ;
#603 = DIRECTION ( 'NONE',  ( -1.000000000000000000, 0.000000000000000000, 0.000000000000000000 ) ) ;
#604 = ORIENTED_EDGE ( 'NONE', *, *, #1963, .T. ) ;
#605 = CARTESIAN_POINT ( 'NONE',  ( 11.47785475656087506, 9.759534074731627484, -15.43598884465242627 ) ) ;
#606 = CARTESIAN_POINT ( 'NONE',  ( -9.165903932172151158, -10.28367234013760623, -19.43598884465242449 ) ) ;
#607 = ADVANCED_FACE ( 'NONE', ( #1498 ), #305, .F. ) ;
#608 = CARTESIAN_POINT ( 'NONE',  ( -14.42982199563076051, 4.841691769827613179, -14.43598884465242449 ) ) ;
#609 = ORIENTED_EDGE ( 'NONE', *, *, #1765, .F. ) ;
#610 = EDGE_CURVE ( 'NONE', #151, #34, #1677, .T. ) ;
#611 = ADVANCED_FACE ( 'NONE', ( #1875 ), #1886, .F. ) ;
#612 = ORIENTED_EDGE ( 'NONE', *, *, #501, .F. ) ;
#613 = FACE_OUTER_BOUND ( 'NONE', #2145, .T. ) ;
#614 = CARTESIAN_POINT ( 'NONE',  ( 5.290160205385380898, -25.60308351169126695, -19.43598884465242449 ) ) ;
#615 = EDGE_LOOP ( 'NONE', ( #186, #1081, #1880, #1343, #1300, #129 ) ) ;
#616 = FACE_OUTER_BOUND ( 'NONE', #1548, .T. ) ;
#617 = LINE ( 'NONE', #1287, #1606 ) ;
#618 = DIRECTION ( 'NONE',  ( -0.000000000000000000, 0.000000000000000000, 1.000000000000000000 ) ) ;
#619 = ORIENTED_EDGE ( 'NONE', *, *, #1008, .T. ) ;
#620 = CARTESIAN_POINT ( 'NONE',  ( 14.82291084582287866, 0.5470603067309620648, -19.43598884465242449 ) ) ;
#621 = FACE_OUTER_BOUND ( 'NONE', #1605, .T. ) ;
#622 = ADVANCED_FACE ( 'NONE', ( #1366 ), #1193, .F. ) ;
#623 = EDGE_LOOP ( 'NONE', ( #2182, #1659 ) ) ;
#624 = CARTESIAN_POINT ( 'NONE',  ( 7.718250638582002665, 9.050557839930039705, -15.43598884465242627 ) ) ;
#625 = FACE_OUTER_BOUND ( 'NONE', #141, .T. ) ;
#626 = ORIENTED_EDGE ( 'NONE', *, *, #1817, .F. ) ;
#627 = DIRECTION ( 'NONE',  ( 0.000000000000000000, -0.000000000000000000, 1.000000000000000000 ) ) ;
#628 = VECTOR ( 'NONE', #1437, 1000.000000000000000 ) ;
#629 = DIRECTION ( 'NONE',  ( 1.000000000000000000, 0.000000000000000000, 0.000000000000000000 ) ) ;
#630 = CARTESIAN_POINT ( 'NONE',  ( 14.82291084582287866, 0.5470603067309620648, -15.43598884465242627 ) ) ;
#631 = VECTOR ( 'NONE', #986, 1000.000000000000000 ) ;
#632 = ORIENTED_EDGE ( 'NONE', *, *, #355, .F. ) ;
#633 = DIRECTION ( 'NONE',  ( 0.000000000000000000, 1.000000000000000000, 0.000000000000000000 ) ) ;
#634 = DIRECTION ( 'NONE',  ( -6.162975822039154730E-33, -1.232595164407830946E-32, -1.000000000000000000 ) ) ;
#635 = VECTOR ( 'NONE', #1714, 1000.000000000000000 ) ;
#636 = EDGE_LOOP ( 'NONE', ( #442, #2009 ) ) ;
#637 = VECTOR ( 'NONE', #1386, 1000.000000000000000 ) ;
#638 = EDGE_CURVE ( 'NONE', #1689, #2172, #1865, .T. ) ;
#639 = CARTESIAN_POINT ( 'NONE',  ( -9.768004336331001625, -1.145223534585383618, -27.02385407479282975 ) ) ;
#640 = FACE_OUTER_BOUND ( 'NONE', #1662, .T. ) ;
#641 = EDGE_CURVE ( 'NONE', #2119, #2115, #1855, .T. ) ;
#642 = ORIENTED_EDGE ( 'NONE', *, *, #1178, .T. ) ;
#643 = PLANE ( 'NONE',  #246 ) ;
#644 = CARTESIAN_POINT ( 'NONE',  ( -12.21657973714213696, -22.57416235719585629, -27.02385407479282975 ) ) ;
#645 = ORIENTED_EDGE ( 'NONE', *, *, #885, .T. ) ;
#646 = CARTESIAN_POINT ( 'NONE',  ( 6.316012192033038097, -21.96904332546900562, -18.73598884465242520 ) ) ;
#647 = DIRECTION ( 'NONE',  ( 0.000000000000000000, 0.000000000000000000, 1.000000000000000000 ) ) ;
#648 = VERTEX_POINT ( 'NONE', #1530 ) ;
#649 = PLANE ( 'NONE',  #1636 ) ;
#650 = CARTESIAN_POINT ( 'NONE',  ( -9.165903932172151158, -10.28367234013760623, -15.43598884465242627 ) ) ;
#651 = ORIENTED_EDGE ( 'NONE', *, *, #1371, .T. ) ;
#652 = PRODUCT_RELATED_PRODUCT_CATEGORY ( 'part', '', ( #1542 ) ) ;
#653 = EDGE_CURVE ( 'NONE', #1541, #1666, #505, .T. ) ;
#654 = LINE ( 'NONE', #821, #1540 ) ;
#655 = PLANE ( 'NONE',  #2027 ) ;
#656 = ORIENTED_EDGE ( 'NONE', *, *, #1846, .T. ) ;
#657 = CARTESIAN_POINT ( 'NONE',  ( 0.5234178088539507279, -14.20494069501343226, -15.43598884465242627 ) ) ;
#658 = DIRECTION ( 'NONE',  ( -0.000000000000000000, -0.000000000000000000, 1.000000000000000000 ) ) ;
#659 = ORIENTED_EDGE ( 'NONE', *, *, #394, .F. ) ;
#660 = CARTESIAN_POINT ( 'NONE',  ( -9.572122961288883403, -25.01208152476544910, -27.02385407479282975 ) ) ;
#661 = VERTEX_POINT ( 'NONE', #719 ) ;
#662 = CARTESIAN_POINT ( 'NONE',  ( 7.718250638582002665, 9.050557839930039705, -16.22598884465342906 ) ) ;
#663 = LINE ( 'NONE', #1353, #1951 ) ;
#664 = AXIS2_PLACEMENT_3D ( 'NONE', #1345, #634, #311 ) ;
#665 = EDGE_CURVE ( 'NONE', #148, #1394, #1730, .T. ) ;
#666 = VERTEX_POINT ( 'NONE', #208 ) ;
#667 = CARTESIAN_POINT ( 'NONE',  ( 3.947015436816473599, -23.46164319608852011, -18.73598884465242520 ) ) ;
#668 = ADVANCED_FACE ( 'NONE', ( #533 ), #1407, .F. ) ;
#669 = DIRECTION ( 'NONE',  ( 0.000000000000000000, 0.000000000000000000, 1.000000000000000000 ) ) ;
#670 = ORIENTED_EDGE ( 'NONE', *, *, #1189, .T. ) ;
#671 = VECTOR ( 'NONE', #471, 1000.000000000000000 ) ;
#672 = VECTOR ( 'NONE', #332, 1000.000000000000000 ) ;
#673 = AXIS2_PLACEMENT_3D ( 'NONE', #2199, #669, #465 ) ;
#674 = PLANE ( 'NONE',  #210 ) ;
#675 = CIRCLE ( 'NONE', #1994, 0.6999999999999992895 ) ;
#676 = PRODUCT_DEFINITION_SHAPE ( 'NONE', 'NONE',  #912 ) ;
#677 = DIRECTION ( 'NONE',  ( 0.000000000000000000, 0.000000000000000000, 1.000000000000000000 ) ) ;
#678 = ORIENTED_EDGE ( 'NONE', *, *, #221, .F. ) ;
#679 = PLANE ( 'NONE',  #1323 ) ;
#680 = CARTESIAN_POINT ( 'NONE',  ( -7.095124434835567762, -14.20494069501343226, -15.43598884465242627 ) ) ;
#681 = ORIENTED_EDGE ( 'NONE', *, *, #581, .T. ) ;
#682 = CARTESIAN_POINT ( 'NONE',  ( -9.165903932172151158, -10.28367234013760623, -15.43598884465242627 ) ) ;
#683 = EDGE_CURVE ( 'NONE', #586, #2018, #106, .T. ) ;
#684 = CARTESIAN_POINT ( 'NONE',  ( 7.718250638582002665, 9.050557839930039705, -15.43598884465242627 ) ) ;
#685 = ORIENTED_EDGE ( 'NONE', *, *, #1926, .F. ) ;
#686 = EDGE_CURVE ( 'NONE', #1666, #909, #690, .T. ) ;
#687 = DIRECTION ( 'NONE',  ( 1.000000000000000000, 0.000000000000000000, 0.000000000000000000 ) ) ;
#688 = CARTESIAN_POINT ( 'NONE',  ( -9.165903932172151158, -15.28367234013760800, -15.43598884465242627 ) ) ;
#689 = ORIENTED_EDGE ( 'NONE', *, *, #2140, .T. ) ;
#690 = LINE ( 'NONE', #1740, #391 ) ;
#691 = CARTESIAN_POINT ( 'NONE',  ( -9.768004336331001625, -32.93981598067977501, -15.43598884465242982 ) ) ;
#692 = ORIENTED_EDGE ( 'NONE', *, *, #983, .F. ) ;
#693 = CARTESIAN_POINT ( 'NONE',  ( 7.718250638582002665, 9.050557839930039705, -40.25696135330794334 ) ) ;
#694 = LINE ( 'NONE', #1224, #916 ) ;
#695 = ORIENTED_EDGE ( 'NONE', *, *, #1479, .F. ) ;
#696 = EDGE_CURVE ( 'NONE', #1856, #177, #675, .T. ) ;
#697 = DIRECTION ( 'NONE',  ( -1.927470528863118802E-16, 1.000000000000000000, 0.000000000000000000 ) ) ;
#698 = DIRECTION ( 'NONE',  ( 0.000000000000000000, 0.000000000000000000, 1.000000000000000000 ) ) ;
#699 = ORIENTED_EDGE ( 'NONE', *, *, #696, .T. ) ;
#700 = DIRECTION ( 'NONE',  ( 1.000000000000000000, 0.000000000000000000, 0.000000000000000000 ) ) ;
#701 = EDGE_LOOP ( 'NONE', ( #796, #11 ) ) ;
#702 = FACE_OUTER_BOUND ( 'NONE', #1177, .T. ) ;
#703 = DIRECTION ( 'NONE',  ( -0.000000000000000000, -0.000000000000000000, -1.000000000000000000 ) ) ;
#704 = VERTEX_POINT ( 'NONE', #1377 ) ;
#705 = VECTOR ( 'NONE', #902, 1000.000000000000000 ) ;
#706 = CIRCLE ( 'NONE', #954, 1.150000000000001688 ) ;
#707 = AXIS2_PLACEMENT_3D ( 'NONE', #574, #727, #85 ) ;
#708 = CARTESIAN_POINT ( 'NONE',  ( -13.36657973714213732, -22.57416235719585629, -14.43598884465242449 ) ) ;
#709 = VERTEX_POINT ( 'NONE', #199 ) ;
#710 = VECTOR ( 'NONE', #1956, 1000.000000000000000 ) ;
#711 = LINE ( 'NONE', #2077, #535 ) ;
#712 = EDGE_CURVE ( 'NONE', #1001, #666, #1782, .T. ) ;
#713 = ORIENTED_EDGE ( 'NONE', *, *, #366, .F. ) ;
#714 = PLANE ( 'NONE',  #1679 ) ;
#715 = CARTESIAN_POINT ( 'NONE',  ( -14.52746325139506212, -20.05527226580415601, -19.43598884465242449 ) ) ;
#716 = ORIENTED_EDGE ( 'NONE', *, *, #296, .T. ) ;
#717 = DIRECTION ( 'NONE',  ( 0.000000000000000000, -1.000000000000000000, 0.000000000000000000 ) ) ;
#718 = EDGE_LOOP ( 'NONE', ( #1971, #759, #28, #2107 ) ) ;
#719 = CARTESIAN_POINT ( 'NONE',  ( -9.165903932172151158, -15.28367234013760800, -19.43598884465242449 ) ) ;
#720 = EDGE_CURVE ( 'NONE', #1455, #1040, #745, .T. ) ;
#721 = ORIENTED_EDGE ( 'NONE', *, *, #1937, .T. ) ;
#722 = LINE ( 'NONE', #1410, #1891 ) ;
#723 = DIRECTION ( 'NONE',  ( -0.000000000000000000, -0.000000000000000000, 1.000000000000000000 ) ) ;
#724 = CARTESIAN_POINT ( 'NONE',  ( -14.52746325139506212, -20.05527226580415601, -19.43598884465242449 ) ) ;
#725 = ORIENTED_EDGE ( 'NONE', *, *, #1011, .T. ) ;
#726 = ORIENTED_EDGE ( 'NONE', *, *, #514, .F. ) ;
#727 = DIRECTION ( 'NONE',  ( 0.000000000000000000, 0.000000000000000000, 1.000000000000000000 ) ) ;
#728 = ORIENTED_EDGE ( 'NONE', *, *, #896, .F. ) ;
#729 = CARTESIAN_POINT ( 'NONE',  ( -9.768004336331001625, 4.841691769827613179, -19.43598884465242449 ) ) ;
#730 = EDGE_CURVE ( 'NONE', #463, #154, #1037, .T. ) ;
#731 = PLANE ( 'NONE',  #1427 ) ;
#732 = ORIENTED_EDGE ( 'NONE', *, *, #817, .F. ) ;
#733 = ORIENTED_EDGE ( 'NONE', *, *, #720, .F. ) ;
#734 = EDGE_CURVE ( 'NONE', #844, #1630, #1893, .T. ) ;
#735 = AXIS2_PLACEMENT_3D ( 'NONE', #1276, #418, #1796 ) ;
#736 = DIRECTION ( 'NONE',  ( -0.000000000000000000, -0.000000000000000000, 1.000000000000000000 ) ) ;
#737 = CIRCLE ( 'NONE', #735, 1.149999999999999911 ) ;
#738 = VERTEX_POINT ( 'NONE', #371 ) ;
#739 = CARTESIAN_POINT ( 'NONE',  ( -9.572122961288883403, -20.05527226580415601, -27.02385407479282975 ) ) ;
#740 = CIRCLE ( 'NONE', #1028, 1.100000000000000311 ) ;
#741 = VECTOR ( 'NONE', #502, 1000.000000000000000 ) ;
#742 = VECTOR ( 'NONE', #1522, 1000.000000000000000 ) ;
#743 = VERTEX_POINT ( 'NONE', #19 ) ;
#744 = FACE_OUTER_BOUND ( 'NONE', #1185, .T. ) ;
#745 = CIRCLE ( 'NONE', #1610, 2.000000000000000000 ) ;
#746 = DIRECTION ( 'NONE',  ( 0.000000000000000000, 0.000000000000000000, 1.000000000000000000 ) ) ;
#747 = ORIENTED_EDGE ( 'NONE', *, *, #1311, .F. ) ;
#748 = ORIENTED_EDGE ( 'NONE', *, *, #772, .F. ) ;
#749 = EDGE_CURVE ( 'NONE', #454, #2112, #362, .T. ) ;
#750 = LINE ( 'NONE', #906, #1103 ) ;
#751 = ORIENTED_EDGE ( 'NONE', *, *, #439, .T. ) ;
#752 = CYLINDRICAL_SURFACE ( 'NONE', #567, 1.100000000000000311 ) ;
#753 = PLANE ( 'NONE',  #1207 ) ;
#754 = EDGE_LOOP ( 'NONE', ( #937, #1686, #1124, #1651, #1723, #1718, #1292, #1298 ) ) ;
#755 = ORIENTED_EDGE ( 'NONE', *, *, #749, .F. ) ;
#756 = EDGE_CURVE ( 'NONE', #2002, #2012, #711, .T. ) ;
#757 = CARTESIAN_POINT ( 'NONE',  ( -9.768004336331001625, 0.000000000000000000, -15.43598884465242627 ) ) ;
#758 = DIRECTION ( 'NONE',  ( 1.000000000000000000, 0.000000000000000000, -0.000000000000000000 ) ) ;
#759 = ORIENTED_EDGE ( 'NONE', *, *, #514, .T. ) ;
#760 = PLANE ( 'NONE',  #73 ) ;
#761 = CARTESIAN_POINT ( 'NONE',  ( -12.12079964696077816, 1.848234117621118333, -14.43598884465242449 ) ) ;
#762 = CARTESIAN_POINT ( 'NONE',  ( 13.02779137238220208, 0.5470603067309620648, -15.43598884465242627 ) ) ;
#763 = ORIENTED_EDGE ( 'NONE', *, *, #1694, .F. ) ;
#764 = LINE ( 'NONE', #1456, #1423 ) ;
#765 = ADVANCED_FACE ( 'NONE', ( #1057 ), #679, .F. ) ;
#766 = CARTESIAN_POINT ( 'NONE',  ( 5.717338698558758203, -15.75839905514475703, -18.73598884465242520 ) ) ;
#767 = CARTESIAN_POINT ( 'NONE',  ( 6.876098060812826596, -20.25839905514475703, -19.43598884465242449 ) ) ;
#768 = AXIS2_PLACEMENT_3D ( 'NONE', #243, #927, #1035 ) ;
#769 = ORIENTED_EDGE ( 'NONE', *, *, #181, .T. ) ;
#770 = CIRCLE ( 'NONE', #449, 1.149999999999999911 ) ;
#771 = EDGE_CURVE ( 'NONE', #1225, #507, #455, .T. ) ;
#772 = EDGE_CURVE ( 'NONE', #487, #1157, #750, .T. ) ;
#773 = CARTESIAN_POINT ( 'NONE',  ( 0.5234178088539507279, -15.28367234013760800, -15.43598884465242627 ) ) ;
#774 = AXIS2_PLACEMENT_3D ( 'NONE', #1125, #1310, #2011 ) ;
#775 = CYLINDRICAL_SURFACE ( 'NONE', #1674, 1.149999999999999911 ) ;
#776 = CARTESIAN_POINT ( 'NONE',  ( 4.090160205385381609, -32.93981598067977501, -19.43598884465242449 ) ) ;
#777 = EDGE_LOOP ( 'NONE', ( #1506, #619, #1529, #1922 ) ) ;
#778 = VECTOR ( 'NONE', #1023, 1000.000000000000000 ) ;
#779 = ORIENTED_EDGE ( 'NONE', *, *, #1900, .T. ) ;
#780 = LINE ( 'NONE', #1471, #1355 ) ;
#781 = ORIENTED_EDGE ( 'NONE', *, *, #84, .T. ) ;
#782 = FACE_OUTER_BOUND ( 'NONE', #422, .T. ) ;
#783 = DIRECTION ( 'NONE',  ( 1.000000000000000000, 0.000000000000000000, 0.000000000000000000 ) ) ;
#784 = EDGE_CURVE ( 'NONE', #1555, #1894, #580, .T. ) ;
#785 = CARTESIAN_POINT ( 'NONE',  ( 6.316012192033038097, -21.96904332546900562, -15.43598884465242627 ) ) ;
#786 = ORIENTED_EDGE ( 'NONE', *, *, #1412, .T. ) ;
#787 = CARTESIAN_POINT ( 'NONE',  ( 0.5234178088539507279, -14.20494069501343226, -19.43598884465242449 ) ) ;
#788 = LINE ( 'NONE', #1682, #1249 ) ;
#789 = VERTEX_POINT ( 'NONE', #1443 ) ;
#790 = LINE ( 'NONE', #639, #1535 ) ;
#791 = DIRECTION ( 'NONE',  ( 1.000000000000000000, 0.000000000000000000, 0.000000000000000000 ) ) ;
#792 = ORIENTED_EDGE ( 'NONE', *, *, #1426, .T. ) ;
#793 = DIRECTION ( 'NONE',  ( -0.000000000000000000, -0.000000000000000000, 1.000000000000000000 ) ) ;
#794 = LINE ( 'NONE', #261, #347 ) ;
#795 = CARTESIAN_POINT ( 'NONE',  ( 16.95518281285451678, 5.629380556555489079, -15.43598884465242627 ) ) ;
#796 = ORIENTED_EDGE ( 'NONE', *, *, #127, .F. ) ;
#797 = DIRECTION ( 'NONE',  ( 1.000000000000000000, 0.000000000000000000, 0.000000000000000000 ) ) ;
#798 = EDGE_CURVE ( 'NONE', #2149, #1144, #1085, .T. ) ;
#799 = LINE ( 'NONE', #1858, #241 ) ;
#800 = VERTEX_POINT ( 'NONE', #220 ) ;
#801 = EDGE_CURVE ( 'NONE', #1732, #1236, #412, .T. ) ;
#802 = CARTESIAN_POINT ( 'NONE',  ( -9.768004336331001625, -25.01208152476544910, -15.43598884465242627 ) ) ;
#803 = CARTESIAN_POINT ( 'NONE',  ( 6.316012192033038097, -21.96904332546900562, -18.73598884465242520 ) ) ;
#804 = VERTEX_POINT ( 'NONE', #52 ) ;
#805 = FACE_OUTER_BOUND ( 'NONE', #1913, .T. ) ;
#806 = VECTOR ( 'NONE', #100, 1000.000000000000000 ) ;
#807 = LINE ( 'NONE', #1969, #1571 ) ;
#808 = AXIS2_PLACEMENT_3D ( 'NONE', #680, #1194, #1557 ) ;
#809 = CARTESIAN_POINT ( 'NONE',  ( -7.095124434835567762, -14.20494069501343226, -19.43598884465242449 ) ) ;
#810 = AXIS2_PLACEMENT_3D ( 'NONE', #1825, #1334, #1837 ) ;
#811 = ORIENTED_EDGE ( 'NONE', *, *, #665, .F. ) ;
#812 = CYLINDRICAL_SURFACE ( 'NONE', #529, 2.800000000000000266 ) ;
#813 = DIRECTION ( 'NONE',  ( -0.000000000000000000, -0.000000000000000000, -1.000000000000000000 ) ) ;
#814 = VECTOR ( 'NONE', #416, 1000.000000000000000 ) ;
#815 = VERTEX_POINT ( 'NONE', #404 ) ;
#816 = VECTOR ( 'NONE', #420, 1000.000000000000000 ) ;
#817 = EDGE_CURVE ( 'NONE', #1047, #1587, #921, .T. ) ;
#818 = EDGE_CURVE ( 'NONE', #1585, #368, #249, .T. ) ;
#819 = DIRECTION ( 'NONE',  ( 0.000000000000000000, -1.000000000000000000, 0.000000000000000000 ) ) ;
#820 = EDGE_LOOP ( 'NONE', ( #1397, #282, #905, #685, #1514, #359, #1030, #1007 ) ) ;
#821 = CARTESIAN_POINT ( 'NONE',  ( -9.768004336331001625, -1.145223534585383618, -19.43598884465242449 ) ) ;
#822 = DIRECTION ( 'NONE',  ( 0.000000000000000000, 0.000000000000000000, 1.000000000000000000 ) ) ;
#823 = EDGE_LOOP ( 'NONE', ( #228, #204, #981, #1594 ) ) ;
#824 = LINE ( 'NONE', #1690, #2201 ) ;
#825 = CARTESIAN_POINT ( 'NONE',  ( 3.723375007618226373, -11.67077503153856455, -19.43598884465242449 ) ) ;
#826 = ORIENTED_EDGE ( 'NONE', *, *, #1065, .F. ) ;
#827 = DIRECTION ( 'NONE',  ( -0.000000000000000000, -0.000000000000000000, -1.000000000000000000 ) ) ;
#828 = EDGE_CURVE ( 'NONE', #899, #8, #1270, .T. ) ;
#829 = ORIENTED_EDGE ( 'NONE', *, *, #1342, .T. ) ;
#830 = CARTESIAN_POINT ( 'NONE',  ( -9.165903932172151158, -10.28367234013760623, -15.43598884465242627 ) ) ;
#831 = DIRECTION ( 'NONE',  ( 0.000000000000000000, 1.000000000000000000, 0.000000000000000000 ) ) ;
#832 = ORIENTED_EDGE ( 'NONE', *, *, #54, .T. ) ;
#833 = LINE ( 'NONE', #1141, #1532 ) ;
#834 = DIRECTION ( 'NONE',  ( -1.000000000000000000, -0.000000000000000000, -0.000000000000000000 ) ) ;
#835 = EDGE_LOOP ( 'NONE', ( #626, #2005, #2197, #1335 ) ) ;
#836 = UNCERTAINTY_MEASURE_WITH_UNIT (LENGTH_MEASURE( 1.000000000000000082E-05 ), #1771, 'distance_accuracy_value', 'NONE');
#837 = FACE_OUTER_BOUND ( 'NONE', #1409, .T. ) ;
#838 = EDGE_CURVE ( 'NONE', #1091, #2112, #75, .T. ) ;
#839 = ORIENTED_EDGE ( 'NONE', *, *, #2106, .F. ) ;
#840 = CARTESIAN_POINT ( 'NONE',  ( -12.12079964696077816, 1.848234117621118333, -19.43598884465242449 ) ) ;
#841 = DIRECTION ( 'NONE',  ( 1.000000000000000000, 0.000000000000000000, 0.000000000000000000 ) ) ;
#842 = ADVANCED_FACE ( 'NONE', ( #1617 ), #92, .T. ) ;
#843 = EDGE_CURVE ( 'NONE', #376, #1695, #354, .T. ) ;
#844 = VERTEX_POINT ( 'NONE', #2122 ) ;
#845 = CARTESIAN_POINT ( 'NONE',  ( 6.917338698558759269, -20.25839905514475703, -19.43598884465242449 ) ) ;
#846 = VECTOR ( 'NONE', #568, 1000.000000000000000 ) ;
#847 = DIRECTION ( 'NONE',  ( 1.000000000000000000, -0.000000000000000000, 0.000000000000000000 ) ) ;
#848 = ORIENTED_EDGE ( 'NONE', *, *, #1189, .F. ) ;
#849 = VECTOR ( 'NONE', #441, 1000.000000000000000 ) ;
#850 = VECTOR ( 'NONE', #1912, 1000.000000000000000 ) ;
#851 = CIRCLE ( 'NONE', #1138, 1.799999999999999600 ) ;
#852 = CARTESIAN_POINT ( 'NONE',  ( -13.36657973714213732, -22.57416235719585629, -27.02385407479282975 ) ) ;
#853 = VECTOR ( 'NONE', #967, 1000.000000000000000 ) ;
#854 = CARTESIAN_POINT ( 'NONE',  ( 7.718250638582002665, 9.050557839930039705, -40.25696135330794334 ) ) ;
#855 = ORIENTED_EDGE ( 'NONE', *, *, #2106, .T. ) ;
#856 = DIRECTION ( 'NONE',  ( 0.000000000000000000, 1.000000000000000000, -1.232595164407830946E-32 ) ) ;
#857 = LINE ( 'NONE', #1038, #2066 ) ;
#858 = VERTEX_POINT ( 'NONE', #1770 ) ;
#859 = DIRECTION ( 'NONE',  ( 1.000000000000000000, 0.000000000000000000, 0.000000000000000000 ) ) ;
#860 = ADVANCED_FACE ( 'NONE', ( #1449, #384 ), #1281, .F. ) ;
#861 = DIRECTION ( 'NONE',  ( 0.000000000000000000, 1.000000000000000000, 0.000000000000000000 ) ) ;
#862 = ORIENTED_EDGE ( 'NONE', *, *, #499, .T. ) ;
#863 = LINE ( 'NONE', #335, #450 ) ;
#864 = PLANE ( 'NONE',  #415 ) ;
#865 = ORIENTED_EDGE ( 'NONE', *, *, #1507, .T. ) ;
#866 = CARTESIAN_POINT ( 'NONE',  ( 6.316012192033038097, -21.96904332546900562, -19.43598884465242449 ) ) ;
#867 = VERTEX_POINT ( 'NONE', #1588 ) ;
#868 = FACE_OUTER_BOUND ( 'NONE', #1545, .T. ) ;
#869 = CARTESIAN_POINT ( 'NONE',  ( -10.97079964696077781, 1.848234117621118333, -14.43598884465242449 ) ) ;
#870 = EDGE_CURVE ( 'NONE', #2115, #800, #1234, .T. ) ;
#871 = ORIENTED_EDGE ( 'NONE', *, *, #683, .T. ) ;
#872 = EDGE_CURVE ( 'NONE', #2178, #331, #175, .T. ) ;
#873 = CARTESIAN_POINT ( 'NONE',  ( 6.316012192033038097, -21.96904332546900562, -15.43598884465242627 ) ) ;
#874 = ORIENTED_EDGE ( 'NONE', *, *, #123, .F. ) ;
#875 = DIRECTION ( 'NONE',  ( 0.000000000000000000, 0.000000000000000000, 1.000000000000000000 ) ) ;
#876 = CARTESIAN_POINT ( 'NONE',  ( 0.000000000000000000, 0.000000000000000000, -19.43598884465242449 ) ) ;
#877 = VERTEX_POINT ( 'NONE', #1928 ) ;
#878 = CARTESIAN_POINT ( 'NONE',  ( -14.52746325139506212, -25.01208152476544910, -27.02385407479282975 ) ) ;
#879 = LINE ( 'NONE', #1573, #413 ) ;
#880 = ORIENTED_EDGE ( 'NONE', *, *, #457, .F. ) ;
#881 = VECTOR ( 'NONE', #1454, 1000.000000000000000 ) ;
#882 = AXIS2_PLACEMENT_3D ( 'NONE', #1854, #330, #534 ) ;
#883 = AXIS2_PLACEMENT_3D ( 'NONE', #300, #813, #486 ) ;
#884 = DIRECTION ( 'NONE',  ( 0.000000000000000000, -0.000000000000000000, 1.000000000000000000 ) ) ;
#885 = EDGE_CURVE ( 'NONE', #1612, #1689, #897, .T. ) ;
#886 = VERTEX_POINT ( 'NONE', #1597 ) ;
#887 = AXIS2_PLACEMENT_3D ( 'NONE', #840, #1013, #2044 ) ;
#888 = CARTESIAN_POINT ( 'NONE',  ( -2.981132367505301417, -26.69678644237333387, -17.67598695563342304 ) ) ;
#889 = ORIENTED_EDGE ( 'NONE', *, *, #403, .F. ) ;
#890 = DIRECTION ( 'NONE',  ( 0.000000000000000000, 0.000000000000000000, -1.000000000000000000 ) ) ;
#891 = FACE_OUTER_BOUND ( 'NONE', #96, .T. ) ;
#892 = CARTESIAN_POINT ( 'NONE',  ( 5.717338698558758203, -15.75839905514475703, -19.43598884465242449 ) ) ;
#893 = ORIENTED_EDGE ( 'NONE', *, *, #265, .T. ) ;
#894 = CARTESIAN_POINT ( 'NONE',  ( 9.116012192033037920, -21.96904332546900562, -15.43598884465242627 ) ) ;
#895 = ORIENTED_EDGE ( 'NONE', *, *, #511, .F. ) ;
#896 = EDGE_CURVE ( 'NONE', #1520, #1736, #1611, .T. ) ;
#897 = LINE ( 'NONE', #1417, #1136 ) ;
#898 = LINE ( 'NONE', #1418, #66 ) ;
#899 = VERTEX_POINT ( 'NONE', #456 ) ;
#900 = EDGE_CURVE ( 'NONE', #65, #743, #1302, .T. ) ;
#901 = CYLINDRICAL_SURFACE ( 'NONE', #1100, 2.000000000000000000 ) ;
#902 = DIRECTION ( 'NONE',  ( 1.000000000000000000, 0.000000000000000000, 0.000000000000000000 ) ) ;
#903 = ORIENTED_EDGE ( 'NONE', *, *, #379, .F. ) ;
#904 = ORIENTED_EDGE ( 'NONE', *, *, #1973, .T. ) ;
#905 = ORIENTED_EDGE ( 'NONE', *, *, #2090, .F. ) ;
#906 = CARTESIAN_POINT ( 'NONE',  ( 7.718250638582002665, 9.050557839930039705, -16.22598884465342906 ) ) ;
#907 = FILL_AREA_STYLE ('',( #1400 ) ) ;
#908 = ADVANCED_FACE ( 'NONE', ( #1315 ), #291, .F. ) ;
#909 = VERTEX_POINT ( 'NONE', #2179 ) ;
#910 = PLANE ( 'NONE',  #317 ) ;
#911 = DIRECTION ( 'NONE',  ( -0.000000000000000000, -0.000000000000000000, -1.000000000000000000 ) ) ;
#912 = PRODUCT_DEFINITION ( 'æœ', '', #1990, #1362 ) ;
#913 = ADVANCED_FACE ( 'NONE', ( #613 ), #1508, .T. ) ;
#914 = DIRECTION ( 'NONE',  ( 1.000000000000000000, 0.000000000000000000, -0.000000000000000000 ) ) ;
#915 = DIRECTION ( 'NONE',  ( -1.000000000000000000, 0.000000000000000000, 0.000000000000000000 ) ) ;
#916 = VECTOR ( 'NONE', #548, 1000.000000000000000 ) ;
#917 = CIRCLE ( 'NONE', #310, 1.149999999999999689 ) ;
#918 = DIRECTION ( 'NONE',  ( 1.000000000000000000, 0.000000000000000000, 0.000000000000000000 ) ) ;
#919 = VECTOR ( 'NONE', #1792, 1000.000000000000000 ) ;
#920 = AXIS2_PLACEMENT_3D ( 'NONE', #1904, #1539, #4 ) ;
#921 = LINE ( 'NONE', #1253, #2073 ) ;
#922 = VECTOR ( 'NONE', #1415, 1000.000000000000000 ) ;
#923 = AXIS2_PLACEMENT_3D ( 'NONE', #1445, #1274, #1627 ) ;
#924 = EDGE_LOOP ( 'NONE', ( #1425, #1361, #942, #431 ) ) ;
#925 = DIRECTION ( 'NONE',  ( 0.000000000000000000, 0.000000000000000000, -1.000000000000000000 ) ) ;
#926 = VECTOR ( 'NONE', #29, 1000.000000000000000 ) ;
#927 = DIRECTION ( 'NONE',  ( 0.000000000000000000, 1.000000000000000000, 0.000000000000000000 ) ) ;
#928 = ORIENTED_EDGE ( 'NONE', *, *, #558, .T. ) ;
#929 = FACE_OUTER_BOUND ( 'NONE', #1830, .T. ) ;
#930 = EDGE_CURVE ( 'NONE', #1915, #1419, #1117, .T. ) ;
#931 = DIRECTION ( 'NONE',  ( 0.000000000000000000, 0.000000000000000000, -1.000000000000000000 ) ) ;
#932 = CARTESIAN_POINT ( 'NONE',  ( 7.718250638582002665, 9.050557839930039705, -40.25696135330794334 ) ) ;
#933 = ORIENTED_EDGE ( 'NONE', *, *, #1054, .F. ) ;
#934 = LINE ( 'NONE', #1946, #710 ) ;
#935 = CARTESIAN_POINT ( 'NONE',  ( -12.21657973714213696, -22.57416235719585629, -27.02385407479282975 ) ) ;
#936 = EDGE_LOOP ( 'NONE', ( #763, #188, #1676, #1754 ) ) ;
#937 = ORIENTED_EDGE ( 'NONE', *, *, #1562, .F. ) ;
#938 = EDGE_CURVE ( 'NONE', #743, #1999, #1975, .T. ) ;
#939 = EDGE_CURVE ( 'NONE', #1308, #1144, #302, .T. ) ;
#940 = DIRECTION ( 'NONE',  ( 0.000000000000000000, 1.000000000000000000, 0.000000000000000000 ) ) ;
#941 = CARTESIAN_POINT ( 'NONE',  ( 6.316012192033038097, -21.96904332546900562, -17.23598884465242520 ) ) ;
#942 = ORIENTED_EDGE ( 'NONE', *, *, #1373, .T. ) ;
#943 = FACE_OUTER_BOUND ( 'NONE', #936, .T. ) ;
#944 = DIRECTION ( 'NONE',  ( 0.000000000000000000, 0.000000000000000000, 1.000000000000000000 ) ) ;
#945 = DIRECTION ( 'NONE',  ( -0.000000000000000000, 1.000000000000000000, -0.000000000000000000 ) ) ;
#946 = VERTEX_POINT ( 'NONE', #1156 ) ;
#947 = VERTEX_POINT ( 'NONE', #1827 ) ;
#948 = ORIENTED_EDGE ( 'NONE', *, *, #1115, .T. ) ;
#949 = CARTESIAN_POINT ( 'NONE',  ( 4.316012192033038097, -21.96904332546900562, -17.23598884465242520 ) ) ;
#950 = EDGE_CURVE ( 'NONE', #909, #388, #1336, .T. ) ;
#951 = AXIS2_PLACEMENT_3D ( 'NONE', #233, #911, #1275 ) ;
#952 = AXIS2_PLACEMENT_3D ( 'NONE', #1961, #915, #1615 ) ;
#953 = VERTEX_POINT ( 'NONE', #802 ) ;
#954 = AXIS2_PLACEMENT_3D ( 'NONE', #1184, #1523, #2194 ) ;
#955 = FACE_BOUND ( 'NONE', #231, .T. ) ;
#956 = VECTOR ( 'NONE', #1648, 1000.000000000000000 ) ;
#957 = DIRECTION ( 'NONE',  ( 0.000000000000000000, 0.000000000000000000, 1.000000000000000000 ) ) ;
#958 = PLANE ( 'NONE',  #590 ) ;
#959 = ORIENTED_EDGE ( 'NONE', *, *, #123, .T. ) ;
#960 = CARTESIAN_POINT ( 'NONE',  ( -9.768004336331001625, -20.05527226580415601, -14.43598884465242449 ) ) ;
#961 = VECTOR ( 'NONE', #232, 1000.000000000000000 ) ;
#962 = CARTESIAN_POINT ( 'NONE',  ( -9.768004336331001625, 10.01618412157995941, -14.43598884465242449 ) ) ;
#963 = ORIENTED_EDGE ( 'NONE', *, *, #1398, .F. ) ;
#964 = LINE ( 'NONE', #107, #2028 ) ;
#965 = EDGE_CURVE ( 'NONE', #2002, #953, #2013, .T. ) ;
#966 = ORIENTED_EDGE ( 'NONE', *, *, #2140, .F. ) ;
#967 = DIRECTION ( 'NONE',  ( -0.000000000000000000, -0.000000000000000000, -1.000000000000000000 ) ) ;
#968 = LINE ( 'NONE', #2139, #1279 ) ;
#969 = CYLINDRICAL_SURFACE ( 'NONE', #1672, 1.795119473440676794 ) ;
#970 = ADVANCED_FACE ( 'NONE', ( #1165 ), #649, .F. ) ;
#971 = ORIENTED_EDGE ( 'NONE', *, *, #1829, .T. ) ;
#972 = DIRECTION ( 'NONE',  ( 0.000000000000000000, 0.000000000000000000, 1.000000000000000000 ) ) ;
#973 = LINE ( 'NONE', #475, #104 ) ;
#974 = VERTEX_POINT ( 'NONE', #1673 ) ;
#975 = CARTESIAN_POINT ( 'NONE',  ( 14.82291084582287866, 0.5470603067309620648, -15.43598884465242627 ) ) ;
#976 = CARTESIAN_POINT ( 'NONE',  ( 8.316012192033038986, -21.96904332546900562, -17.23598884465242520 ) ) ;
#977 = ORIENTED_EDGE ( 'NONE', *, *, #1174, .T. ) ;
#978 = LINE ( 'NONE', #1652, #1639 ) ;
#979 = FACE_BOUND ( 'NONE', #321, .T. ) ;
#980 = CARTESIAN_POINT ( 'NONE',  ( 5.717338698558758203, -15.75839905514475703, -19.43598884465242449 ) ) ;
#981 = ORIENTED_EDGE ( 'NONE', *, *, #221, .T. ) ;
#982 = DIRECTION ( 'NONE',  ( -0.000000000000000000, -0.000000000000000000, -1.000000000000000000 ) ) ;
#983 = EDGE_CURVE ( 'NONE', #454, #1123, #430, .T. ) ;
#984 = FACE_OUTER_BOUND ( 'NONE', #1974, .T. ) ;
#985 = EDGE_LOOP ( 'NONE', ( #551, #1192, #476, #1848 ) ) ;
#986 = DIRECTION ( 'NONE',  ( 0.000000000000000000, 0.000000000000000000, 1.000000000000000000 ) ) ;
#987 = ORIENTED_EDGE ( 'NONE', *, *, #1384, .F. ) ;
#988 = CARTESIAN_POINT ( 'NONE',  ( -14.42982199563076051, 4.841691769827613179, -27.02385407479282975 ) ) ;
#989 = VECTOR ( 'NONE', #503, 1000.000000000000000 ) ;
#990 = LINE ( 'NONE', #1341, #1245 ) ;
#991 = VECTOR ( 'NONE', #1220, 1000.000000000000000 ) ;
#992 = VECTOR ( 'NONE', #1839, 1000.000000000000000 ) ;
#993 = ORIENTED_EDGE ( 'NONE', *, *, #1799, .F. ) ;
#994 = DIRECTION ( 'NONE',  ( 0.000000000000000000, 0.000000000000000000, 1.000000000000000000 ) ) ;
#995 = VECTOR ( 'NONE', #1867, 1000.000000000000000 ) ;
#996 = DIRECTION ( 'NONE',  ( 0.000000000000000000, -1.000000000000000000, 0.000000000000000000 ) ) ;
#997 = CIRCLE ( 'NONE', #923, 1.149999999999999911 ) ;
#998 = EDGE_CURVE ( 'NONE', #34, #1640, #964, .T. ) ;
#999 = ORIENTED_EDGE ( 'NONE', *, *, #712, .T. ) ;
#1000 = DIRECTION ( 'NONE',  ( -0.000000000000000000, 1.000000000000000000, -0.000000000000000000 ) ) ;
#1001 = VERTEX_POINT ( 'NONE', #949 ) ;
#1002 = DIRECTION ( 'NONE',  ( -0.000000000000000000, 0.000000000000000000, 1.000000000000000000 ) ) ;
#1003 = DIRECTION ( 'NONE',  ( 0.000000000000000000, -1.000000000000000000, 0.000000000000000000 ) ) ;
#1004 = ORIENTED_EDGE ( 'NONE', *, *, #686, .F. ) ;
#1005 = CARTESIAN_POINT ( 'NONE',  ( 11.47785475656087506, 5.629380556555489079, -19.43598884465242449 ) ) ;
#1006 = CYLINDRICAL_SURFACE ( 'NONE', #774, 1.799999999999998712 ) ;
#1007 = ORIENTED_EDGE ( 'NONE', *, *, #1042, .F. ) ;
#1008 = EDGE_CURVE ( 'NONE', #1157, #946, #780, .T. ) ;
#1009 = CARTESIAN_POINT ( 'NONE',  ( -14.42982199563076051, 4.841691769827613179, -27.02385407479282975 ) ) ;
#1010 = EDGE_CURVE ( 'NONE', #1285, #2172, #1650, .T. ) ;
#1011 = EDGE_CURVE ( 'NONE', #1732, #582, #130, .T. ) ;
#1012 = ORIENTED_EDGE ( 'NONE', *, *, #1580, .T. ) ;
#1013 = DIRECTION ( 'NONE',  ( -6.162975822039154730E-33, -1.232595164407830946E-32, -1.000000000000000000 ) ) ;
#1014 = CARTESIAN_POINT ( 'NONE',  ( -9.572122961288883403, 0.000000000000000000, -15.43598884465242627 ) ) ;
#1015 = ORIENTED_EDGE ( 'NONE', *, *, #1479, .T. ) ;
#1016 = LINE ( 'NONE', #657, #2204 ) ;
#1017 = PLANE ( 'NONE',  #1569 ) ;
#1018 = VERTEX_POINT ( 'NONE', #602 ) ;
#1019 = DIRECTION ( 'NONE',  ( 0.000000000000000000, 1.000000000000000000, 0.000000000000000000 ) ) ;
#1020 = DIRECTION ( 'NONE',  ( -1.000000000000000000, -0.000000000000000000, -0.000000000000000000 ) ) ;
#1021 = ORIENTED_EDGE ( 'NONE', *, *, #1054, .T. ) ;
#1022 = EDGE_CURVE ( 'NONE', #1541, #8, #790, .T. ) ;
#1023 = DIRECTION ( 'NONE',  ( -1.000000000000000000, 0.000000000000000000, 6.162975822039154730E-33 ) ) ;
#1024 = CARTESIAN_POINT ( 'NONE',  ( 6.876098060812826596, -20.25839905514475703, -19.43598884465242449 ) ) ;
#1025 = EDGE_LOOP ( 'NONE', ( #459, #1702, #747, #1901 ) ) ;
#1026 = VECTOR ( 'NONE', #1544, 1000.000000000000000 ) ;
#1027 = CARTESIAN_POINT ( 'NONE',  ( -9.768004336331001625, -32.93981598067977501, 48.76401115534757480 ) ) ;
#1028 = AXIS2_PLACEMENT_3D ( 'NONE', #1049, #150, #841 ) ;
#1029 = CARTESIAN_POINT ( 'NONE',  ( 7.416012192033038630, -21.96904332546900562, -25.23598884465242520 ) ) ;
#1030 = ORIENTED_EDGE ( 'NONE', *, *, #1221, .F. ) ;
#1031 = AXIS2_PLACEMENT_3D ( 'NONE', #803, #94, #758 ) ;
#1032 = AXIS2_PLACEMENT_3D ( 'NONE', #432, #423, #1082 ) ;
#1033 = LINE ( 'NONE', #852, #2167 ) ;
#1034 = VECTOR ( 'NONE', #1783, 1000.000000000000000 ) ;
#1035 = DIRECTION ( 'NONE',  ( 0.000000000000000000, -0.000000000000000000, 1.000000000000000000 ) ) ;
#1036 = EDGE_LOOP ( 'NONE', ( #2029, #1164, #895, #1852 ) ) ;
#1037 = LINE ( 'NONE', #189, #637 ) ;
#1038 = CARTESIAN_POINT ( 'NONE',  ( -7.095124434835567762, -10.28367234013760623, -19.43598884465242449 ) ) ;
#1039 = EDGE_CURVE ( 'NONE', #1630, #238, #2155, .T. ) ;
#1040 = VERTEX_POINT ( 'NONE', #467 ) ;
#1041 = DIRECTION ( 'NONE',  ( -1.000000000000000000, 0.000000000000000000, -0.000000000000000000 ) ) ;
#1042 = EDGE_CURVE ( 'NONE', #263, #158, #164, .T. ) ;
#1043 = DIRECTION ( 'NONE',  ( 1.000000000000000000, 0.000000000000000000, 0.000000000000000000 ) ) ;
#1044 = EDGE_LOOP ( 'NONE', ( #1119, #1218, #2038, #656, #194, #1346 ) ) ;
#1045 = LINE ( 'NONE', #660, #1952 ) ;
#1046 = SHAPE_DEFINITION_REPRESENTATION ( #676, #197 ) ;
#1047 = VERTEX_POINT ( 'NONE', #1374 ) ;
#1048 = DIRECTION ( 'NONE',  ( 1.000000000000000000, 0.000000000000000000, 0.000000000000000000 ) ) ;
#1049 = CARTESIAN_POINT ( 'NONE',  ( 6.316012192033038097, -21.96904332546900562, -17.23598884465242520 ) ) ;
#1050 = EDGE_LOOP ( 'NONE', ( #1626, #539, #645, #182 ) ) ;
#1051 = CARTESIAN_POINT ( 'NONE',  ( 5.216012192033037564, -21.96904332546900562, -17.23598884465242520 ) ) ;
#1052 = LINE ( 'NONE', #521, #237 ) ;
#1053 = ORIENTED_EDGE ( 'NONE', *, *, #1602, .F. ) ;
#1054 = EDGE_CURVE ( 'NONE', #148, #789, #1045, .T. ) ;
#1055 = DIRECTION ( 'NONE',  ( 0.000000000000000000, 1.000000000000000000, 0.000000000000000000 ) ) ;
#1056 = VERTEX_POINT ( 'NONE', #708 ) ;
#1057 = FACE_OUTER_BOUND ( 'NONE', #1844, .T. ) ;
#1058 = ORIENTED_EDGE ( 'NONE', *, *, #394, .T. ) ;
#1059 = DIRECTION ( 'NONE',  ( 0.000000000000000000, 0.000000000000000000, -1.000000000000000000 ) ) ;
#1060 = CIRCLE ( 'NONE', #95, 2.000000000000000000 ) ;
#1061 = LINE ( 'NONE', #1560, #444 ) ;
#1062 = VERTEX_POINT ( 'NONE', #1693 ) ;
#1063 = CIRCLE ( 'NONE', #346, 0.6999999999999992895 ) ;
#1064 = AXIS2_PLACEMENT_3D ( 'NONE', #2120, #235, #1777 ) ;
#1065 = EDGE_CURVE ( 'NONE', #1897, #1419, #863, .T. ) ;
#1066 =( GEOMETRIC_REPRESENTATION_CONTEXT ( 3 ) GLOBAL_UNCERTAINTY_ASSIGNED_CONTEXT ( ( #836 ) ) GLOBAL_UNIT_ASSIGNED_CONTEXT ( ( #1771, #119, #589 ) ) REPRESENTATION_CONTEXT ( 'NONE', 'WORKASPACE' ) );
#1067 = CIRCLE ( 'NONE', #1814, 2.800000000000000266 ) ;
#1068 = PRODUCT_CONTEXT ( 'NONE', #6, 'mechanical' ) ;
#1069 = ADVANCED_FACE ( 'NONE', ( #837 ), #1528, .F. ) ;
#1070 = ORIENTED_EDGE ( 'NONE', *, *, #1641, .T. ) ;
#1071 = AXIS2_PLACEMENT_3D ( 'NONE', #552, #542, #1219 ) ;
#1072 = DIRECTION ( 'NONE',  ( 0.000000000000000000, 0.000000000000000000, 1.000000000000000000 ) ) ;
#1073 = ORIENTED_EDGE ( 'NONE', *, *, #818, .F. ) ;
#1074 = CARTESIAN_POINT ( 'NONE',  ( -10.97079964696077781, 1.848234117621118333, -27.02385407479282975 ) ) ;
#1075 = LINE ( 'NONE', #1614, #1493 ) ;
#1076 = ORIENTED_EDGE ( 'NONE', *, *, #1963, .F. ) ;
#1077 = EDGE_CURVE ( 'NONE', #582, #1587, #1180, .T. ) ;
#1078 = VERTEX_POINT ( 'NONE', #17 ) ;
#1079 = DIRECTION ( 'NONE',  ( -1.000000000000000000, 0.000000000000000000, 0.000000000000000000 ) ) ;
#1080 = ADVANCED_FACE ( 'NONE', ( #1553 ), #674, .T. ) ;
#1081 = ORIENTED_EDGE ( 'NONE', *, *, #155, .F. ) ;
#1082 = DIRECTION ( 'NONE',  ( 1.000000000000000000, 0.000000000000000000, 0.000000000000000000 ) ) ;
#1083 = CARTESIAN_POINT ( 'NONE',  ( 11.47785475656087506, 5.629380556555489079, -15.43598884465242627 ) ) ;
#1084 = LINE ( 'NONE', #1291, #1352 ) ;
#1085 = LINE ( 'NONE', #1753, #1433 ) ;
#1086 = ADVANCED_FACE ( 'NONE', ( #1363 ), #24, .F. ) ;
#1087 = ORIENTED_EDGE ( 'NONE', *, *, #798, .F. ) ;
#1088 = CARTESIAN_POINT ( 'NONE',  ( -9.536173069865316876, -23.46164319608852011, -15.43598884465242627 ) ) ;
#1089 = CARTESIAN_POINT ( 'NONE',  ( -9.768004336331001625, -1.145223534585383618, -14.43598884465242449 ) ) ;
#1090 = FACE_OUTER_BOUND ( 'NONE', #1707, .T. ) ;
#1091 = VERTEX_POINT ( 'NONE', #173 ) ;
#1092 = ORIENTED_EDGE ( 'NONE', *, *, #1735, .F. ) ;
#1093 = VECTOR ( 'NONE', #124, 1000.000000000000000 ) ;
#1094 = VECTOR ( 'NONE', #1798, 1000.000000000000000 ) ;
#1095 = AXIS2_PLACEMENT_3D ( 'NONE', #2136, #1328, #603 ) ;
#1096 = VECTOR ( 'NONE', #1845, 1000.000000000000000 ) ;
#1097 = VECTOR ( 'NONE', #118, 1000.000000000000000 ) ;
#1098 = DIRECTION ( 'NONE',  ( 0.000000000000000000, -0.000000000000000000, 1.000000000000000000 ) ) ;
#1099 = LINE ( 'NONE', #1784, #1778 ) ;
#1100 = AXIS2_PLACEMENT_3D ( 'NONE', #1436, #1420, #1265 ) ;
#1101 = ORIENTED_EDGE ( 'NONE', *, *, #457, .T. ) ;
#1102 = CARTESIAN_POINT ( 'NONE',  ( -9.768004336331001625, -25.01208152476544910, 48.76401115534757480 ) ) ;
#1103 = VECTOR ( 'NONE', #1079, 1000.000000000000000 ) ;
#1104 = DIRECTION ( 'NONE',  ( 0.000000000000000000, 0.000000000000000000, -1.000000000000000000 ) ) ;
#1105 = CARTESIAN_POINT ( 'NONE',  ( -9.536173069865316876, -32.93981598067977501, -17.67598695563342304 ) ) ;
#1106 = EDGE_CURVE ( 'NONE', #473, #867, #1703, .T. ) ;
#1107 = DIRECTION ( 'NONE',  ( 1.000000000000000000, 0.000000000000000000, 0.000000000000000000 ) ) ;
#1108 = PLANE ( 'NONE',  #1744 ) ;
#1109 = ORIENTED_EDGE ( 'NONE', *, *, #2050, .F. ) ;
#1110 = FACE_OUTER_BOUND ( 'NONE', #1242, .T. ) ;
#1111 = CARTESIAN_POINT ( 'NONE',  ( -9.768004336331001625, 0.000000000000000000, -15.43598884465242627 ) ) ;
#1112 = CARTESIAN_POINT ( 'NONE',  ( 4.316012192033038097, -21.96904332546900562, -14.43598884465242449 ) ) ;
#1113 = ORIENTED_EDGE ( 'NONE', *, *, #1944, .F. ) ;
#1114 = LINE ( 'NONE', #1647, #2063 ) ;
#1115 = EDGE_CURVE ( 'NONE', #223, #1056, #1033, .T. ) ;
#1116 = ORIENTED_EDGE ( 'NONE', *, *, #939, .T. ) ;
#1117 = LINE ( 'NONE', #156, #992 ) ;
#1118 = CARTESIAN_POINT ( 'NONE',  ( -9.768004336331001625, -1.145223534585383618, -27.02385407479282975 ) ) ;
#1119 = ORIENTED_EDGE ( 'NONE', *, *, #511, .T. ) ;
#1120 = DIRECTION ( 'NONE',  ( 0.000000000000000000, 0.000000000000000000, 1.000000000000000000 ) ) ;
#1121 = CYLINDRICAL_SURFACE ( 'NONE', #1710, 1.149999999999999911 ) ;
#1122 = DIRECTION ( 'NONE',  ( 1.000000000000000000, 0.000000000000000000, 0.000000000000000000 ) ) ;
#1123 = VERTEX_POINT ( 'NONE', #348 ) ;
#1124 = ORIENTED_EDGE ( 'NONE', *, *, #1790, .T. ) ;
#1125 = CARTESIAN_POINT ( 'NONE',  ( 6.316012192033038097, -21.96904332546900562, -15.43598884465242627 ) ) ;
#1126 = EDGE_LOOP ( 'NONE', ( #889, #55, #1376, #811, #1021, #1401 ) ) ;
#1127 = EDGE_CURVE ( 'NONE', #1123, #804, #7, .T. ) ;
#1128 = DIRECTION ( 'NONE',  ( 1.000000000000000000, 0.000000000000000000, 0.000000000000000000 ) ) ;
#1129 = PLANE ( 'NONE',  #1354 ) ;
#1130 = VECTOR ( 'NONE', #40, 1000.000000000000000 ) ;
#1131 = CIRCLE ( 'NONE', #2166, 1.795119473440676794 ) ;
#1132 = ADVANCED_FACE ( 'NONE', ( #1719, #1348 ), #1862, .F. ) ;
#1133 = VERTEX_POINT ( 'NONE', #527 ) ;
#1134 = VECTOR ( 'NONE', #1795, 1000.000000000000000 ) ;
#1135 = PLANE ( 'NONE',  #1715 ) ;
#1136 = VECTOR ( 'NONE', #236, 1000.000000000000000 ) ;
#1137 = FACE_OUTER_BOUND ( 'NONE', #1469, .T. ) ;
#1138 = AXIS2_PLACEMENT_3D ( 'NONE', #460, #2183, #110 ) ;
#1139 = CARTESIAN_POINT ( 'NONE',  ( -9.536173069865316876, -32.93981598067977501, -34.36833040667511341 ) ) ;
#1140 = VERTEX_POINT ( 'NONE', #1895 ) ;
#1141 = CARTESIAN_POINT ( 'NONE',  ( 5.290160205385380898, -25.60308351169126695, -15.43598884465242627 ) ) ;
#1142 = VECTOR ( 'NONE', #1624, 1000.000000000000000 ) ;
#1143 = DIRECTION ( 'NONE',  ( 1.000000000000000000, 0.000000000000000000, 0.000000000000000000 ) ) ;
#1144 = VERTEX_POINT ( 'NONE', #360 ) ;
#1145 = DIRECTION ( 'NONE',  ( -0.000000000000000000, -0.000000000000000000, -1.000000000000000000 ) ) ;
#1146 = DIRECTION ( 'NONE',  ( 1.000000000000000000, 0.000000000000000000, 0.000000000000000000 ) ) ;
#1147 = ORIENTED_EDGE ( 'NONE', *, *, #1885, .T. ) ;
#1148 = EDGE_CURVE ( 'NONE', #1251, #1595, #1067, .T. ) ;
#1149 = LINE ( 'NONE', #830, #600 ) ;
#1150 = FACE_OUTER_BOUND ( 'NONE', #823, .T. ) ;
#1151 = CARTESIAN_POINT ( 'NONE',  ( 11.47785475656087506, 9.759534074731627484, -19.43598884465242449 ) ) ;
#1152 = ORIENTED_EDGE ( 'NONE', *, *, #16, .T. ) ;
#1153 = PLANE ( 'NONE',  #69 ) ;
#1154 = CARTESIAN_POINT ( 'NONE',  ( 15.52291084582287795, 0.5470603067309621759, -19.43598884465242449 ) ) ;
#1155 = ORIENTED_EDGE ( 'NONE', *, *, #900, .F. ) ;
#1156 = CARTESIAN_POINT ( 'NONE',  ( -8.082623750455098843, -9.055242563630706343, -16.22598884465342906 ) ) ;
#1157 = VERTEX_POINT ( 'NONE', #1516 ) ;
#1158 = DIRECTION ( 'NONE',  ( 1.000000000000000000, 0.000000000000000000, 0.000000000000000000 ) ) ;
#1159 = CARTESIAN_POINT ( 'NONE',  ( 4.090160205385381609, -23.46164319608852011, -17.67598695563342304 ) ) ;
#1160 = ADVANCED_FACE ( 'NONE', ( #621, #1984 ), #153, .F. ) ;
#1161 = VERTEX_POINT ( 'NONE', #162 ) ;
#1162 = LINE ( 'NONE', #1074, #1213 ) ;
#1163 = DIRECTION ( 'NONE',  ( 6.066201975167832168E-33, -1.234983694840812205E-32, 1.000000000000000000 ) ) ;
#1164 = ORIENTED_EDGE ( 'NONE', *, *, #113, .F. ) ;
#1165 = FACE_OUTER_BOUND ( 'NONE', #777, .T. ) ;
#1166 = CARTESIAN_POINT ( 'NONE',  ( 4.090160205385381609, -33.10308351169126695, -34.36833040667511341 ) ) ;
#1167 = ORIENTED_EDGE ( 'NONE', *, *, #1115, .F. ) ;
#1168 = DIRECTION ( 'NONE',  ( 1.000000000000000000, 0.000000000000000000, 0.000000000000000000 ) ) ;
#1169 = VECTOR ( 'NONE', #203, 1000.000000000000000 ) ;
#1170 = PRESENTATION_LAYER_ASSIGNMENT (  '', '', ( #1635 ) ) ;
#1171 = AXIS2_PLACEMENT_3D ( 'NONE', #1324, #996, #2020 ) ;
#1172 = EDGE_LOOP ( 'NONE', ( #670, #1860, #212, #101 ) ) ;
#1173 = DIRECTION ( 'NONE',  ( -1.000000000000000000, -0.000000000000000000, -0.000000000000000000 ) ) ;
#1174 = EDGE_CURVE ( 'NONE', #1062, #473, #799, .T. ) ;
#1175 = CARTESIAN_POINT ( 'NONE',  ( -8.082623750455098843, 9.050557839930039705, -15.43598884465242627 ) ) ;
#1176 = AXIS2_PLACEMENT_3D ( 'NONE', #1350, #494, #1168 ) ;
#1177 = EDGE_LOOP ( 'NONE', ( #278, #713, #1058, #61 ) ) ;
#1178 = EDGE_CURVE ( 'NONE', #2172, #273, #2152, .T. ) ;
#1179 = EDGE_CURVE ( 'NONE', #666, #1001, #1060, .T. ) ;
#1180 = LINE ( 'NONE', #1881, #1851 ) ;
#1181 = DIRECTION ( 'NONE',  ( 0.000000000000000000, 0.000000000000000000, 1.000000000000000000 ) ) ;
#1182 = ORIENTED_EDGE ( 'NONE', *, *, #1641, .F. ) ;
#1183 = CARTESIAN_POINT ( 'NONE',  ( -8.082623750455098843, -9.055242563630706343, -40.25696135330794334 ) ) ;
#1184 = CARTESIAN_POINT ( 'NONE',  ( -12.21657973714213696, -22.57416235719585629, -19.43598884465242449 ) ) ;
#1185 = EDGE_LOOP ( 'NONE', ( #609, #307, #1551, #1809 ) ) ;
#1186 = DIRECTION ( 'NONE',  ( -0.000000000000000000, -0.000000000000000000, -1.000000000000000000 ) ) ;
#1187 = DIRECTION ( 'NONE',  ( 0.000000000000000000, 0.000000000000000000, 1.000000000000000000 ) ) ;
#1188 = ORIENTED_EDGE ( 'NONE', *, *, #403, .T. ) ;
#1189 = EDGE_CURVE ( 'NONE', #1133, #51, #2187, .T. ) ;
#1190 = CARTESIAN_POINT ( 'NONE',  ( 5.717338698558759091, -20.25839905514475703, -19.43598884465242449 ) ) ;
#1191 = DIRECTION ( 'NONE',  ( 1.000000000000000000, 0.000000000000000000, 0.000000000000000000 ) ) ;
#1192 = ORIENTED_EDGE ( 'NONE', *, *, #42, .T. ) ;
#1193 = PLANE ( 'NONE',  #1575 ) ;
#1194 = DIRECTION ( 'NONE',  ( 0.000000000000000000, -1.000000000000000000, 0.000000000000000000 ) ) ;
#1195 = ORIENTED_EDGE ( 'NONE', *, *, #653, .T. ) ;
#1196 = DIRECTION ( 'NONE',  ( 0.000000000000000000, -0.000000000000000000, -1.000000000000000000 ) ) ;
#1197 = LINE ( 'NONE', #171, #1389 ) ;
#1198 = ORIENTED_EDGE ( 'NONE', *, *, #1697, .T. ) ;
#1199 = EDGE_CURVE ( 'NONE', #1964, #1236, #1779, .T. ) ;
#1200 = CARTESIAN_POINT ( 'NONE',  ( 7.718250638582002665, -9.055242563630706343, -16.22598884465342906 ) ) ;
#1201 = LINE ( 'NONE', #1705, #1983 ) ;
#1202 = ORIENTED_EDGE ( 'NONE', *, *, #166, .T. ) ;
#1203 = DIRECTION ( 'NONE',  ( -0.000000000000000000, -0.000000000000000000, -1.000000000000000000 ) ) ;
#1204 = ADVANCED_FACE ( 'NONE', ( #2001 ), #1669, .F. ) ;
#1205 = CARTESIAN_POINT ( 'NONE',  ( -14.42982199563076051, -1.145223534585383618, -14.43598884465242449 ) ) ;
#1206 = VERTEX_POINT ( 'NONE', #962 ) ;
#1207 = AXIS2_PLACEMENT_3D ( 'NONE', #578, #225, #2118 ) ;
#1208 = CARTESIAN_POINT ( 'NONE',  ( 5.717338698558759091, -20.25839905514475703, -19.43598884465242449 ) ) ;
#1209 = CIRCLE ( 'NONE', #143, 2.800000000000000266 ) ;
#1210 = AXIS2_PLACEMENT_3D ( 'NONE', #2205, #1019, #2051 ) ;
#1211 = CARTESIAN_POINT ( 'NONE',  ( -9.768004336331001625, -32.93981598067977501, 48.76401115534757480 ) ) ;
#1212 = ORIENTED_EDGE ( 'NONE', *, *, #108, .F. ) ;
#1213 = VECTOR ( 'NONE', #1380, 1000.000000000000000 ) ;
#1214 = VECTOR ( 'NONE', #925, 1000.000000000000000 ) ;
#1215 = CARTESIAN_POINT ( 'NONE',  ( 6.917338698558758381, -15.75839905514475703, -18.73598884465242520 ) ) ;
#1216 = AXIS2_PLACEMENT_3D ( 'NONE', #167, #875, #1578 ) ;
#1217 = CARTESIAN_POINT ( 'NONE',  ( 6.876098060812826596, -20.25839905514475703, -15.43598884465242627 ) ) ;
#1218 = ORIENTED_EDGE ( 'NONE', *, *, #1311, .T. ) ;
#1219 = DIRECTION ( 'NONE',  ( 1.927470528863118802E-16, -1.000000000000000000, 0.000000000000000000 ) ) ;
#1220 = DIRECTION ( 'NONE',  ( 1.000000000000000000, 0.000000000000000000, 0.000000000000000000 ) ) ;
#1221 = EDGE_CURVE ( 'NONE', #158, #293, #2068, .T. ) ;
#1222 = VERTEX_POINT ( 'NONE', #1175 ) ;
#1223 = CARTESIAN_POINT ( 'NONE',  ( -13.36657973714213732, -22.57416235719585629, -19.43598884465242449 ) ) ;
#1224 = CARTESIAN_POINT ( 'NONE',  ( -9.165903932172151158, -10.28367234013760623, -15.43598884465242627 ) ) ;
#1225 = VERTEX_POINT ( 'NONE', #1154 ) ;
#1226 = ORIENTED_EDGE ( 'NONE', *, *, #417, .F. ) ;
#1227 = DIRECTION ( 'NONE',  ( 0.000000000000000000, 0.000000000000000000, 1.000000000000000000 ) ) ;
#1228 = ORIENTED_EDGE ( 'NONE', *, *, #1077, .F. ) ;
#1229 = DIRECTION ( 'NONE',  ( -1.000000000000000000, 0.000000000000000000, -0.000000000000000000 ) ) ;
#1230 = ADVANCED_FACE ( 'NONE', ( #323 ), #128, .F. ) ;
#1231 = CARTESIAN_POINT ( 'NONE',  ( 0.000000000000000000, 10.01618412157995941, -15.43598884465242627 ) ) ;
#1232 = ORIENTED_EDGE ( 'NONE', *, *, #1637, .T. ) ;
#1233 = EDGE_LOOP ( 'NONE', ( #904, #903, #1581, #207 ) ) ;
#1234 = LINE ( 'NONE', #2108, #2207 ) ;
#1235 = CARTESIAN_POINT ( 'NONE',  ( -9.768004336331001625, -1.145223534585383618, -14.43598884465242449 ) ) ;
#1236 = VERTEX_POINT ( 'NONE', #2164 ) ;
#1237 = CARTESIAN_POINT ( 'NONE',  ( -7.095124434835567762, -14.20494069501343226, -15.43598884465242627 ) ) ;
#1238 = FACE_OUTER_BOUND ( 'NONE', #1864, .T. ) ;
#1239 = LINE ( 'NONE', #585, #2203 ) ;
#1240 = VECTOR ( 'NONE', #322, 1000.000000000000000 ) ;
#1241 = EDGE_CURVE ( 'NONE', #274, #223, #1347, .T. ) ;
#1242 = EDGE_LOOP ( 'NONE', ( #78, #2188, #748, #1440 ) ) ;
#1243 = VECTOR ( 'NONE', #2058, 1000.000000000000000 ) ;
#1244 = AXIS2_PLACEMENT_3D ( 'NONE', #102, #994, #797 ) ;
#1245 = VECTOR ( 'NONE', #518, 1000.000000000000000 ) ;
#1246 = ADVANCED_FACE ( 'NONE', ( #984 ), #1006, .T. ) ;
#1247 = VECTOR ( 'NONE', #1186, 1000.000000000000000 ) ;
#1248 = EDGE_CURVE ( 'NONE', #953, #789, #973, .T. ) ;
#1249 = VECTOR ( 'NONE', #658, 1000.000000000000000 ) ;
#1250 = VECTOR ( 'NONE', #170, 1000.000000000000000 ) ;
#1251 = VERTEX_POINT ( 'NONE', #116 ) ;
#1252 = AXIS2_PLACEMENT_3D ( 'NONE', #594, #1286, #1968 ) ;
#1253 = CARTESIAN_POINT ( 'NONE',  ( -0.000000000000000000, -32.93981598067977501, -19.43598884465242449 ) ) ;
#1254 = LINE ( 'NONE', #1235, #30 ) ;
#1255 = ORIENTED_EDGE ( 'NONE', *, *, #1925, .T. ) ;
#1256 = CARTESIAN_POINT ( 'NONE',  ( 11.47785475656087506, 9.759534074731627484, -15.43598884465242627 ) ) ;
#1257 = CYLINDRICAL_SURFACE ( 'NONE', #951, 0.6999999999999992895 ) ;
#1258 = DIRECTION ( 'NONE',  ( 1.000000000000000000, -0.000000000000000000, -0.000000000000000000 ) ) ;
#1259 = ORIENTED_EDGE ( 'NONE', *, *, #1859, .T. ) ;
#1260 = FACE_OUTER_BOUND ( 'NONE', #924, .T. ) ;
#1261 = ADVANCED_FACE ( 'NONE', ( #1658 ), #1811, .F. ) ;
#1262 = CARTESIAN_POINT ( 'NONE',  ( 6.316012192033038097, -21.96904332546900562, -19.43598884465242449 ) ) ;
#1263 = PLANE ( 'NONE',  #1428 ) ;
#1264 = ORIENTED_EDGE ( 'NONE', *, *, #1802, .F. ) ;
#1265 = DIRECTION ( 'NONE',  ( 1.000000000000000000, 0.000000000000000000, 0.000000000000000000 ) ) ;
#1266 = LINE ( 'NONE', #1941, #1531 ) ;
#1267 = EDGE_LOOP ( 'NONE', ( #786, #493, #1073, #105 ) ) ;
#1268 = ORIENTED_EDGE ( 'NONE', *, *, #1178, .F. ) ;
#1269 = EDGE_CURVE ( 'NONE', #177, #507, #277, .T. ) ;
#1270 = LINE ( 'NONE', #757, #1034 ) ;
#1271 = CARTESIAN_POINT ( 'NONE',  ( 4.516012192033038275, -21.96904332546900562, -18.73598884465242520 ) ) ;
#1272 = ORIENTED_EDGE ( 'NONE', *, *, #686, .T. ) ;
#1273 = EDGE_CURVE ( 'NONE', #1133, #393, #788, .T. ) ;
#1274 = DIRECTION ( 'NONE',  ( 0.000000000000000000, 0.000000000000000000, 1.000000000000000000 ) ) ;
#1275 = DIRECTION ( 'NONE',  ( -1.000000000000000000, 0.000000000000000000, 0.000000000000000000 ) ) ;
#1276 = CARTESIAN_POINT ( 'NONE',  ( -12.12079964696077816, 1.848234117621118333, -14.43598884465242449 ) ) ;
#1277 = ORIENTED_EDGE ( 'NONE', *, *, #1697, .F. ) ;
#1278 = DIRECTION ( 'NONE',  ( -0.000000000000000000, -0.000000000000000000, -1.000000000000000000 ) ) ;
#1279 = VECTOR ( 'NONE', #1653, 1000.000000000000000 ) ;
#1280 = VECTOR ( 'NONE', #697, 1000.000000000000000 ) ;
#1281 = PLANE ( 'NONE',  #144 ) ;
#1282 = VECTOR ( 'NONE', #1755, 1000.000000000000000 ) ;
#1283 = DIRECTION ( 'NONE',  ( 0.000000000000000000, 0.000000000000000000, -1.000000000000000000 ) ) ;
#1284 = AXIS2_PLACEMENT_3D ( 'NONE', #888, #1227, #2054 ) ;
#1285 = VERTEX_POINT ( 'NONE', #2072 ) ;
#1286 = DIRECTION ( 'NONE',  ( 0.000000000000000000, 0.000000000000000000, 1.000000000000000000 ) ) ;
#1287 = CARTESIAN_POINT ( 'NONE',  ( -14.52746325139506212, -20.05527226580415601, -19.43598884465242449 ) ) ;
#1288 = EDGE_CURVE ( 'NONE', #1618, #1056, #276, .T. ) ;
#1289 = CARTESIAN_POINT ( 'NONE',  ( 11.47785475656087506, 5.629380556555489079, -15.43598884465242627 ) ) ;
#1290 = ORIENTED_EDGE ( 'NONE', *, *, #1301, .F. ) ;
#1291 = CARTESIAN_POINT ( 'NONE',  ( 6.917338698558759269, -20.25839905514475703, -15.43598884465242627 ) ) ;
#1292 = ORIENTED_EDGE ( 'NONE', *, *, #184, .F. ) ;
#1293 = CARTESIAN_POINT ( 'NONE',  ( 5.717338698558758203, -15.75839905514475703, -15.43598884465242627 ) ) ;
#1294 = ORIENTED_EDGE ( 'NONE', *, *, #1288, .F. ) ;
#1295 = CARTESIAN_POINT ( 'NONE',  ( -7.095124434835567762, -10.28367234013760623, -15.43598884465242627 ) ) ;
#1296 = LINE ( 'NONE', #2008, #671 ) ;
#1297 = LINE ( 'NONE', #980, #1947 ) ;
#1298 = ORIENTED_EDGE ( 'NONE', *, *, #1148, .F. ) ;
#1299 = EDGE_CURVE ( 'NONE', #304, #974, #344, .T. ) ;
#1300 = ORIENTED_EDGE ( 'NONE', *, *, #610, .F. ) ;
#1301 = EDGE_CURVE ( 'NONE', #177, #1856, #1608, .T. ) ;
#1302 = LINE ( 'NONE', #2003, #1496 ) ;
#1303 = CARTESIAN_POINT ( 'NONE',  ( -11.06657973714213661, -22.57416235719585629, -27.02385407479282975 ) ) ;
#1304 = VERTEX_POINT ( 'NONE', #869 ) ;
#1305 = DIRECTION ( 'NONE',  ( -1.000000000000000000, -0.000000000000000000, -0.000000000000000000 ) ) ;
#1306 = DIRECTION ( 'NONE',  ( 0.000000000000000000, 1.000000000000000000, 0.000000000000000000 ) ) ;
#1307 = DIRECTION ( 'NONE',  ( 0.000000000000000000, 0.000000000000000000, 1.000000000000000000 ) ) ;
#1308 = VERTEX_POINT ( 'NONE', #684 ) ;
#1309 = FACE_OUTER_BOUND ( 'NONE', #2094, .T. ) ;
#1310 = DIRECTION ( 'NONE',  ( -0.000000000000000000, -0.000000000000000000, -1.000000000000000000 ) ) ;
#1311 = EDGE_CURVE ( 'NONE', #290, #1585, #694, .T. ) ;
#1312 = ORIENTED_EDGE ( 'NONE', *, *, #801, .T. ) ;
#1313 = EDGE_CURVE ( 'NONE', #2115, #2119, #917, .T. ) ;
#1314 = VECTOR ( 'NONE', #2101, 1000.000000000000000 ) ;
#1315 = FACE_OUTER_BOUND ( 'NONE', #18, .T. ) ;
#1316 = ORIENTED_EDGE ( 'NONE', *, *, #340, .F. ) ;
#1317 = DIRECTION ( 'NONE',  ( 1.000000000000000000, 0.000000000000000000, 0.000000000000000000 ) ) ;
#1318 = DIRECTION ( 'NONE',  ( 1.000000000000000000, 0.000000000000000000, 0.000000000000000000 ) ) ;
#1319 = VECTOR ( 'NONE', #1537, 1000.000000000000000 ) ;
#1320 = DIRECTION ( 'NONE',  ( -0.000000000000000000, -0.000000000000000000, -1.000000000000000000 ) ) ;
#1321 = VERTEX_POINT ( 'NONE', #2048 ) ;
#1322 = LINE ( 'NONE', #474, #995 ) ;
#1323 = AXIS2_PLACEMENT_3D ( 'NONE', #2114, #940, #1098 ) ;
#1324 = CARTESIAN_POINT ( 'NONE',  ( -9.165903932172151158, -10.28367234013760623, -15.43598884465242627 ) ) ;
#1325 = ORIENTED_EDGE ( 'NONE', *, *, #2050, .T. ) ;
#1326 = DIRECTION ( 'NONE',  ( -0.000000000000000000, -0.000000000000000000, 1.000000000000000000 ) ) ;
#1327 = ADVANCED_FACE ( 'NONE', ( #37 ), #1393, .F. ) ;
#1328 = DIRECTION ( 'NONE',  ( -0.000000000000000000, -0.000000000000000000, -1.000000000000000000 ) ) ;
#1329 = ORIENTED_EDGE ( 'NONE', *, *, #1127, .F. ) ;
#1330 = FACE_OUTER_BOUND ( 'NONE', #1942, .T. ) ;
#1331 = FACE_OUTER_BOUND ( 'NONE', #244, .T. ) ;
#1332 = ORIENTED_EDGE ( 'NONE', *, *, #1846, .F. ) ;
#1333 = DIRECTION ( 'NONE',  ( 0.000000000000000000, 0.000000000000000000, 1.000000000000000000 ) ) ;
#1334 = DIRECTION ( 'NONE',  ( 0.000000000000000000, -1.000000000000000000, -0.000000000000000000 ) ) ;
#1335 = ORIENTED_EDGE ( 'NONE', *, *, #730, .T. ) ;
#1336 = LINE ( 'NONE', #280, #1631 ) ;
#1337 = DIRECTION ( 'NONE',  ( 1.000000000000000000, 0.000000000000000000, -0.000000000000000000 ) ) ;
#1338 = EDGE_CURVE ( 'NONE', #2012, #393, #509, .T. ) ;
#1339 = ORIENTED_EDGE ( 'NONE', *, *, #1668, .F. ) ;
#1340 = CARTESIAN_POINT ( 'NONE',  ( 6.316012192033038097, -21.96904332546900562, -17.23598884465242520 ) ) ;
#1341 = CARTESIAN_POINT ( 'NONE',  ( 16.95518281285451678, 5.629380556555489079, -15.43598884465242627 ) ) ;
#1342 = EDGE_CURVE ( 'NONE', #899, #5, #1197, .T. ) ;
#1343 = ORIENTED_EDGE ( 'NONE', *, *, #998, .F. ) ;
#1344 = LINE ( 'NONE', #2019, #672 ) ;
#1345 = CARTESIAN_POINT ( 'NONE',  ( -12.21657973714213696, -22.57416235719585629, -19.43598884465242449 ) ) ;
#1346 = ORIENTED_EDGE ( 'NONE', *, *, #938, .T. ) ;
#1347 = CIRCLE ( 'NONE', #664, 1.150000000000001688 ) ;
#1348 = FACE_OUTER_BOUND ( 'NONE', #701, .T. ) ;
#1349 = EDGE_LOOP ( 'NONE', ( #345, #115 ) ) ;
#1350 = CARTESIAN_POINT ( 'NONE',  ( 14.82291084582287866, 0.5470603067309620648, -15.43598884465242627 ) ) ;
#1351 = AXIS2_PLACEMENT_3D ( 'NONE', #555, #723, #80 ) ;
#1352 = VECTOR ( 'NONE', #245, 1000.000000000000000 ) ;
#1353 = CARTESIAN_POINT ( 'NONE',  ( -14.42982199563076051, -1.145223534585383618, -27.02385407479282975 ) ) ;
#1354 = AXIS2_PLACEMENT_3D ( 'NONE', #941, #1804, #131 ) ;
#1355 = VECTOR ( 'NONE', #819, 1000.000000000000000 ) ;
#1356 = ORIENTED_EDGE ( 'NONE', *, *, #1562, .T. ) ;
#1357 = CARTESIAN_POINT ( 'NONE',  ( -7.095124434835567762, -15.28367234013760800, -15.43598884465242627 ) ) ;
#1358 = EDGE_CURVE ( 'NONE', #1451, #1520, #193, .T. ) ;
#1359 = DIRECTION ( 'NONE',  ( 0.000000000000000000, 0.000000000000000000, 1.000000000000000000 ) ) ;
#1360 = AXIS2_PLACEMENT_3D ( 'NONE', #2085, #1546, #1048 ) ;
#1361 = ORIENTED_EDGE ( 'NONE', *, *, #734, .F. ) ;
#1362 = PRODUCT_DEFINITION_CONTEXT ( 'detailed design', #573, 'design' ) ;
#1363 = FACE_OUTER_BOUND ( 'NONE', #1172, .T. ) ;
#1364 = DIRECTION ( 'NONE',  ( 1.000000000000000000, 0.000000000000000000, 0.000000000000000000 ) ) ;
#1365 = ORIENTED_EDGE ( 'NONE', *, *, #247, .T. ) ;
#1366 = FACE_OUTER_BOUND ( 'NONE', #522, .T. ) ;
#1367 = LINE ( 'NONE', #363, #103 ) ;
#1368 = EDGE_LOOP ( 'NONE', ( #1444, #1268, #401, #217 ) ) ;
#1369 = DIRECTION ( 'NONE',  ( 0.000000000000000000, -1.000000000000000000, -0.000000000000000000 ) ) ;
#1370 = DIRECTION ( 'NONE',  ( -6.162975822039154730E-33, -1.232595164407830946E-32, -1.000000000000000000 ) ) ;
#1371 = EDGE_CURVE ( 'NONE', #586, #158, #1061, .T. ) ;
#1372 = EDGE_LOOP ( 'NONE', ( #2153, #1785, #2165, #2103 ) ) ;
#1373 = EDGE_CURVE ( 'NONE', #844, #886, #1716, .T. ) ;
#1374 = CARTESIAN_POINT ( 'NONE',  ( 5.290160205385380898, -32.93981598067977501, -19.43598884465242449 ) ) ;
#1375 = DIRECTION ( 'NONE',  ( 1.927470528863118802E-16, -1.000000000000000000, 0.000000000000000000 ) ) ;
#1376 = ORIENTED_EDGE ( 'NONE', *, *, #242, .F. ) ;
#1377 = CARTESIAN_POINT ( 'NONE',  ( 16.61803031926355700, 0.5470603067309622869, -19.43598884465242449 ) ) ;
#1378 = FACE_OUTER_BOUND ( 'NONE', #2096, .T. ) ;
#1379 = EDGE_LOOP ( 'NONE', ( #1776, #1967 ) ) ;
#1380 = DIRECTION ( 'NONE',  ( 0.000000000000000000, 0.000000000000000000, 1.000000000000000000 ) ) ;
#1381 = CARTESIAN_POINT ( 'NONE',  ( -9.536173069865316876, -33.10308351169126695, -15.43598884465242627 ) ) ;
#1382 = ORIENTED_EDGE ( 'NONE', *, *, #1077, .T. ) ;
#1383 = DIRECTION ( 'NONE',  ( 0.000000000000000000, 0.000000000000000000, 1.000000000000000000 ) ) ;
#1384 = EDGE_CURVE ( 'NONE', #815, #648, #22, .T. ) ;
#1385 = VERTEX_POINT ( 'NONE', #367 ) ;
#1386 = DIRECTION ( 'NONE',  ( 0.000000000000000000, 0.000000000000000000, 1.000000000000000000 ) ) ;
#1387 = CARTESIAN_POINT ( 'NONE',  ( -9.165903932172151158, -15.28367234013760800, -15.43598884465242627 ) ) ;
#1388 = ORIENTED_EDGE ( 'NONE', *, *, #712, .F. ) ;
#1389 = VECTOR ( 'NONE', #13, 1000.000000000000000 ) ;
#1390 = CARTESIAN_POINT ( 'NONE',  ( 6.316012192033038097, -21.96904332546900562, -15.43598884465242627 ) ) ;
#1391 = VECTOR ( 'NONE', #2190, 1000.000000000000000 ) ;
#1392 = AXIS2_PLACEMENT_3D ( 'NONE', #1293, #1965, #1815 ) ;
#1393 = PLANE ( 'NONE',  #1882 ) ;
#1394 = VERTEX_POINT ( 'NONE', #185 ) ;
#1395 = AXIS2_PLACEMENT_3D ( 'NONE', #1390, #47, #1743 ) ;
#1396 = CIRCLE ( 'NONE', #1818, 1.100000000000000311 ) ;
#1397 = ORIENTED_EDGE ( 'NONE', *, *, #1616, .F. ) ;
#1398 = EDGE_CURVE ( 'NONE', #1144, #877, #1052, .T. ) ;
#1399 = DIRECTION ( 'NONE',  ( 0.000000000000000000, -1.000000000000000000, 0.000000000000000000 ) ) ;
#1400 = FILL_AREA_STYLE_COLOUR ( '', #313 ) ;
#1401 = ORIENTED_EDGE ( 'NONE', *, *, #1248, .F. ) ;
#1402 = LINE ( 'NONE', #545, #1609 ) ;
#1403 = LINE ( 'NONE', #2082, #523 ) ;
#1404 = ORIENTED_EDGE ( 'NONE', *, *, #1829, .F. ) ;
#1405 =( NAMED_UNIT ( * ) SI_UNIT ( $, .STERADIAN. ) SOLID_ANGLE_UNIT ( ) );
#1406 = VERTEX_POINT ( 'NONE', #892 ) ;
#1407 = PLANE ( 'NONE',  #1071 ) ;
#1408 = EDGE_CURVE ( 'NONE', #1689, #370, #498, .T. ) ;
#1409 = EDGE_LOOP ( 'NONE', ( #1812, #364, #1464, #1365 ) ) ;
#1410 = CARTESIAN_POINT ( 'NONE',  ( 6.917338698558758381, -15.75839905514475703, -15.43598884465242627 ) ) ;
#1411 = EDGE_CURVE ( 'NONE', #909, #463, #333, .T. ) ;
#1412 = EDGE_CURVE ( 'NONE', #661, #151, #879, .T. ) ;
#1413 = CARTESIAN_POINT ( 'NONE',  ( -9.572122961288883403, -20.05527226580415601, -19.43598884465242449 ) ) ;
#1414 = ORIENTED_EDGE ( 'NONE', *, *, #1507, .F. ) ;
#1415 = DIRECTION ( 'NONE',  ( -1.000000000000000000, 0.000000000000000000, 0.000000000000000000 ) ) ;
#1416 = ORIENTED_EDGE ( 'NONE', *, *, #872, .T. ) ;
#1417 = CARTESIAN_POINT ( 'NONE',  ( 16.95518281285451678, 9.759534074731627484, -15.43598884465242627 ) ) ;
#1418 = CARTESIAN_POINT ( 'NONE',  ( 0.5234178088539507279, -15.28367234013760800, -15.43598884465242627 ) ) ;
#1419 = VERTEX_POINT ( 'NONE', #48 ) ;
#1420 = DIRECTION ( 'NONE',  ( -0.000000000000000000, -0.000000000000000000, 1.000000000000000000 ) ) ;
#1421 = DIRECTION ( 'NONE',  ( 1.000000000000000000, 0.000000000000000000, 0.000000000000000000 ) ) ;
#1422 = LINE ( 'NONE', #762, #881 ) ;
#1423 = VECTOR ( 'NONE', #2131, 1000.000000000000000 ) ;
#1424 = ORIENTED_EDGE ( 'NONE', *, *, #157, .F. ) ;
#1425 = ORIENTED_EDGE ( 'NONE', *, *, #1039, .F. ) ;
#1426 = EDGE_CURVE ( 'NONE', #1451, #1062, #1403, .T. ) ;
#1427 = AXIS2_PLACEMENT_3D ( 'NONE', #1768, #70, #746 ) ;
#1428 = AXIS2_PLACEMENT_3D ( 'NONE', #211, #2086, #1731 ) ;
#1429 = VECTOR ( 'NONE', #2169, 1000.000000000000000 ) ;
#1430 = AXIS2_PLACEMENT_3D ( 'NONE', #1217, #1055, #884 ) ;
#1431 = AXIS2_PLACEMENT_3D ( 'NONE', #1027, #35, #890 ) ;
#1432 = EDGE_LOOP ( 'NONE', ( #1729, #726 ) ) ;
#1433 = VECTOR ( 'NONE', #1943, 1000.000000000000000 ) ;
#1434 = CARTESIAN_POINT ( 'NONE',  ( -9.165903932172151158, -15.28367234013760800, -15.43598884465242627 ) ) ;
#1435 = ORIENTED_EDGE ( 'NONE', *, *, #1761, .F. ) ;
#1436 = CARTESIAN_POINT ( 'NONE',  ( 6.316012192033038097, -21.96904332546900562, -17.23598884465242520 ) ) ;
#1437 = DIRECTION ( 'NONE',  ( -1.000000000000000000, -0.000000000000000000, -0.000000000000000000 ) ) ;
#1438 = CARTESIAN_POINT ( 'NONE',  ( 5.717338698558758203, -19.23379378507761572, -18.73598884465242520 ) ) ;
#1439 = ORIENTED_EDGE ( 'NONE', *, *, #2061, .F. ) ;
#1440 = ORIENTED_EDGE ( 'NONE', *, *, #84, .F. ) ;
#1441 = ADVANCED_FACE ( 'NONE', ( #1868 ), #1017, .F. ) ;
#1442 = ADVANCED_FACE ( 'NONE', ( #425 ), #81, .F. ) ;
#1443 = CARTESIAN_POINT ( 'NONE',  ( -9.572122961288883403, -25.01208152476544910, -15.43598884465242627 ) ) ;
#1444 = ORIENTED_EDGE ( 'NONE', *, *, #1684, .F. ) ;
#1445 = CARTESIAN_POINT ( 'NONE',  ( -12.21657973714213696, -22.57416235719585629, -14.43598884465242449 ) ) ;
#1446 = CARTESIAN_POINT ( 'NONE',  ( 17.21639334891405326, -32.93981598067977501, 48.76401115534757480 ) ) ;
#1447 = EDGE_LOOP ( 'NONE', ( #2083, #1591, #429, #2175 ) ) ;
#1448 = PLANE ( 'NONE',  #1064 ) ;
#1449 = FACE_OUTER_BOUND ( 'NONE', #1372, .T. ) ;
#1450 = EDGE_CURVE ( 'NONE', #800, #1304, #737, .T. ) ;
#1451 = VERTEX_POINT ( 'NONE', #724 ) ;
#1452 = DIRECTION ( 'NONE',  ( 1.000000000000000000, 0.000000000000000000, 0.000000000000000000 ) ) ;
#1453 = FACE_OUTER_BOUND ( 'NONE', #1905, .T. ) ;
#1454 = DIRECTION ( 'NONE',  ( -0.000000000000000000, -0.000000000000000000, -1.000000000000000000 ) ) ;
#1455 = VERTEX_POINT ( 'NONE', #1112 ) ;
#1456 = CARTESIAN_POINT ( 'NONE',  ( 4.090160205385381609, -23.46164319608852011, -15.43598884465242627 ) ) ;
#1457 = AXIS2_PLACEMENT_3D ( 'NONE', #390, #546, #1767 ) ;
#1458 = MECHANICAL_DESIGN_GEOMETRIC_PRESENTATION_REPRESENTATION (  '', ( #1635 ), #1066 ) ;
#1459 = VECTOR ( 'NONE', #834, 1000.000000000000000 ) ;
#1460 = DIRECTION ( 'NONE',  ( 6.066201975167832168E-33, -1.234983694840812205E-32, 1.000000000000000000 ) ) ;
#1461 = CYLINDRICAL_SURFACE ( 'NONE', #1095, 1.799999999999998712 ) ;
#1462 = VECTOR ( 'NONE', #224, 1000.000000000000000 ) ;
#1463 = ADVANCED_FACE ( 'NONE', ( #1621 ), #753, .F. ) ;
#1464 = ORIENTED_EDGE ( 'NONE', *, *, #1538, .F. ) ;
#1465 = LINE ( 'NONE', #1256, #961 ) ;
#1466 = DIRECTION ( 'NONE',  ( 0.000000000000000000, 0.000000000000000000, -1.000000000000000000 ) ) ;
#1467 = CARTESIAN_POINT ( 'NONE',  ( 4.516012192033039163, -21.96904332546900562, -15.43598884465242627 ) ) ;
#1468 = EDGE_CURVE ( 'NONE', #946, #2149, #1629, .T. ) ;
#1469 = EDGE_LOOP ( 'NONE', ( #1382, #1985, #769, #725 ) ) ;
#1470 = ORIENTED_EDGE ( 'NONE', *, *, #2061, .T. ) ;
#1471 = CARTESIAN_POINT ( 'NONE',  ( -8.082623750455098843, 9.050557839930039705, -16.22598884465342906 ) ) ;
#1472 = ORIENTED_EDGE ( 'NONE', *, *, #1022, .T. ) ;
#1473 = FACE_BOUND ( 'NONE', #1568, .T. ) ;
#1474 = LINE ( 'NONE', #98, #593 ) ;
#1475 = EDGE_CURVE ( 'NONE', #877, #1222, #1075, .T. ) ;
#1476 = CARTESIAN_POINT ( 'NONE',  ( 17.21639334891405326, -32.93981598067977501, -14.43598884465242449 ) ) ;
#1477 = ORIENTED_EDGE ( 'NONE', *, *, #1590, .F. ) ;
#1478 = LINE ( 'NONE', #402, #382 ) ;
#1479 = EDGE_CURVE ( 'NONE', #1222, #1308, #1239, .T. ) ;
#1480 = CARTESIAN_POINT ( 'NONE',  ( 6.316012192033038097, -21.96904332546900562, -19.43598884465242449 ) ) ;
#1481 = EDGE_LOOP ( 'NONE', ( #839, #689, #2064, #755 ) ) ;
#1482 = DIRECTION ( 'NONE',  ( 0.000000000000000000, 0.000000000000000000, 1.000000000000000000 ) ) ;
#1483 = LINE ( 'NONE', #1303, #849 ) ;
#1484 = ORIENTED_EDGE ( 'NONE', *, *, #756, .F. ) ;
#1485 = CARTESIAN_POINT ( 'NONE',  ( 4.090160205385381609, -25.60308351169126695, -19.43598884465242449 ) ) ;
#1486 = DIRECTION ( 'NONE',  ( 0.000000000000000000, 1.000000000000000000, -1.232595164407830946E-32 ) ) ;
#1487 = CARTESIAN_POINT ( 'NONE',  ( 6.316012192033038097, -21.96904332546900562, -18.73598884465242520 ) ) ;
#1488 = ORIENTED_EDGE ( 'NONE', *, *, #166, .F. ) ;
#1489 = LINE ( 'NONE', #1836, #1247 ) ;
#1490 = DIRECTION ( 'NONE',  ( 0.000000000000000000, 0.000000000000000000, 1.000000000000000000 ) ) ;
#1491 = EDGE_CURVE ( 'NONE', #1385, #426, #1422, .T. ) ;
#1492 = EDGE_LOOP ( 'NONE', ( #410, #560, #1797, #779 ) ) ;
#1493 = VECTOR ( 'NONE', #945, 1000.000000000000000 ) ;
#1494 = CARTESIAN_POINT ( 'NONE',  ( 5.216012192033037564, -21.96904332546900562, -25.23598884465242520 ) ) ;
#1495 = VECTOR ( 'NONE', #1843, 1000.000000000000000 ) ;
#1496 = VECTOR ( 'NONE', #477, 1000.000000000000000 ) ;
#1497 = ORIENTED_EDGE ( 'NONE', *, *, #930, .T. ) ;
#1498 = FACE_OUTER_BOUND ( 'NONE', #318, .T. ) ;
#1499 = CARTESIAN_POINT ( 'NONE',  ( 5.290160205385380898, -25.60308351169126695, -15.43598884465242627 ) ) ;
#1500 = VECTOR ( 'NONE', #2098, 1000.000000000000000 ) ;
#1501 = CARTESIAN_POINT ( 'NONE',  ( 16.95518281285451678, 9.759534074731627484, -15.43598884465242627 ) ) ;
#1502 = VERTEX_POINT ( 'NONE', #1289 ) ;
#1503 = CARTESIAN_POINT ( 'NONE',  ( 6.316012192033038097, -21.96904332546900562, -18.73598884465242520 ) ) ;
#1504 = AXIS2_PLACEMENT_3D ( 'NONE', #866, #2065, #1898 ) ;
#1505 = DIRECTION ( 'NONE',  ( -0.003921783585402592587, -0.9999923097771847846, -1.232595164407830535E-32 ) ) ;
#1506 = ORIENTED_EDGE ( 'NONE', *, *, #1737, .F. ) ;
#1507 = EDGE_CURVE ( 'NONE', #507, #1225, #1063, .T. ) ;
#1508 = CYLINDRICAL_SURFACE ( 'NONE', #386, 1.795119473440676794 ) ;
#1509 = FACE_BOUND ( 'NONE', #1379, .T. ) ;
#1510 = EDGE_CURVE ( 'NONE', #1555, #1713, #1604, .T. ) ;
#1511 = ORIENTED_EDGE ( 'NONE', *, *, #817, .T. ) ;
#1512 = PLANE ( 'NONE',  #147 ) ;
#1513 = CARTESIAN_POINT ( 'NONE',  ( 3.947015436816473599, -23.46164319608852011, -17.67598695563342304 ) ) ;
#1514 = ORIENTED_EDGE ( 'NONE', *, *, #838, .F. ) ;
#1515 = DIRECTION ( 'NONE',  ( 1.000000000000000000, 0.000000000000000000, 0.000000000000000000 ) ) ;
#1516 = CARTESIAN_POINT ( 'NONE',  ( -8.082623750455098843, 9.050557839930039705, -16.22598884465342906 ) ) ;
#1517 = ORIENTED_EDGE ( 'NONE', *, *, #247, .F. ) ;
#1518 = CARTESIAN_POINT ( 'NONE',  ( 16.95518281285451678, 9.759534074731627484, -19.43598884465242449 ) ) ;
#1519 = DIRECTION ( 'NONE',  ( -0.000000000000000000, -0.000000000000000000, 1.000000000000000000 ) ) ;
#1520 = VERTEX_POINT ( 'NONE', #1413 ) ;
#1521 = ADVANCED_FACE ( 'NONE', ( #2091 ), #1921, .F. ) ;
#1522 = DIRECTION ( 'NONE',  ( -0.000000000000000000, -0.000000000000000000, -1.000000000000000000 ) ) ;
#1523 = DIRECTION ( 'NONE',  ( -6.162975822039154730E-33, -1.232595164407830946E-32, -1.000000000000000000 ) ) ;
#1524 = ORIENTED_EDGE ( 'NONE', *, *, #2090, .T. ) ;
#1525 = CARTESIAN_POINT ( 'NONE',  ( 14.12291084582287937, 0.5470603067309620648, -14.43598884465242449 ) ) ;
#1526 = CARTESIAN_POINT ( 'NONE',  ( -9.536173069865316876, -33.10308351169126695, -17.67598695563342304 ) ) ;
#1527 = EDGE_LOOP ( 'NONE', ( #659, #1182, #1497, #1869 ) ) ;
#1528 = PLANE ( 'NONE',  #1210 ) ;
#1529 = ORIENTED_EDGE ( 'NONE', *, *, #572, .T. ) ;
#1530 = CARTESIAN_POINT ( 'NONE',  ( 6.917338698558758381, -15.75839905514475703, -19.43598884465242449 ) ) ;
#1531 = VECTOR ( 'NONE', #409, 1000.000000000000000 ) ;
#1532 = VECTOR ( 'NONE', #982, 1000.000000000000000 ) ;
#1533 = ADVANCED_FACE ( 'NONE', ( #597 ), #1933, .F. ) ;
#1534 = VECTOR ( 'NONE', #285, 1000.000000000000000 ) ;
#1535 = VECTOR ( 'NONE', #1482, 1000.000000000000000 ) ;
#1536 = EDGE_LOOP ( 'NONE', ( #15, #1866, #350, #1938 ) ) ;
#1537 = DIRECTION ( 'NONE',  ( 0.000000000000000000, -1.000000000000000000, 0.000000000000000000 ) ) ;
#1538 = EDGE_CURVE ( 'NONE', #1502, #1612, #556, .T. ) ;
#1539 = DIRECTION ( 'NONE',  ( 0.000000000000000000, 0.000000000000000000, 1.000000000000000000 ) ) ;
#1540 = VECTOR ( 'NONE', #284, 1000.000000000000000 ) ;
#1541 = VERTEX_POINT ( 'NONE', #392 ) ;
#1542 = PRODUCT ( '0808 V2\X2\518558f3\X0\', '0808 V2\X2\518558f3\X0\', '', ( #1068 ) ) ;
#1543 = DIRECTION ( 'NONE',  ( 0.000000000000000000, 0.000000000000000000, 1.000000000000000000 ) ) ;
#1544 = DIRECTION ( 'NONE',  ( -0.000000000000000000, -0.000000000000000000, -1.000000000000000000 ) ) ;
#1545 = EDGE_LOOP ( 'NONE', ( #45, #1472, #1577, #2059, #1076 ) ) ;
#1546 = DIRECTION ( 'NONE',  ( 0.000000000000000000, 0.000000000000000000, 1.000000000000000000 ) ) ;
#1547 = DIRECTION ( 'NONE',  ( 0.000000000000000000, 1.000000000000000000, 0.000000000000000000 ) ) ;
#1548 = EDGE_LOOP ( 'NONE', ( #334, #2142, #1727, #678 ) ) ;
#1549 = LINE ( 'NONE', #357, #1462 ) ;
#1550 = DIRECTION ( 'NONE',  ( -1.000000000000000000, 0.000000000000000000, 0.000000000000000000 ) ) ;
#1551 = ORIENTED_EDGE ( 'NONE', *, *, #2093, .T. ) ;
#1552 = ADVANCED_FACE ( 'NONE', ( #1593 ), #731, .F. ) ;
#1553 = FACE_OUTER_BOUND ( 'NONE', #109, .T. ) ;
#1554 = CARTESIAN_POINT ( 'NONE',  ( 6.316012192033038097, -21.96904332546900562, -19.43598884465242449 ) ) ;
#1555 = VERTEX_POINT ( 'NONE', #1438 ) ;
#1556 = CARTESIAN_POINT ( 'NONE',  ( 5.290160205385380898, -25.60308351169126695, -15.43598884465242627 ) ) ;
#1557 = DIRECTION ( 'NONE',  ( 0.000000000000000000, -0.000000000000000000, -1.000000000000000000 ) ) ;
#1558 = ORIENTED_EDGE ( 'NONE', *, *, #1510, .T. ) ;
#1559 = DIRECTION ( 'NONE',  ( 0.000000000000000000, -1.000000000000000000, 0.000000000000000000 ) ) ;
#1560 = CARTESIAN_POINT ( 'NONE',  ( 5.755926323253249599, -20.25839905514475703, -15.43598884465242627 ) ) ;
#1561 = ORIENTED_EDGE ( 'NONE', *, *, #749, .T. ) ;
#1562 = EDGE_CURVE ( 'NONE', #376, #1251, #1266, .T. ) ;
#1563 = DIRECTION ( 'NONE',  ( 0.000000000000000000, 0.000000000000000000, 1.000000000000000000 ) ) ;
#1564 = CYLINDRICAL_SURFACE ( 'NONE', #1748, 1.100000000000000311 ) ;
#1565 = ORIENTED_EDGE ( 'NONE', *, *, #843, .F. ) ;
#1566 = CARTESIAN_POINT ( 'NONE',  ( 6.876098060812826596, -20.25839905514475703, -15.43598884465242627 ) ) ;
#1567 = LINE ( 'NONE', #614, #488 ) ;
#1568 = EDGE_LOOP ( 'NONE', ( #1226, #733 ) ) ;
#1569 = AXIS2_PLACEMENT_3D ( 'NONE', #1701, #1959, #89 ) ;
#1570 = CARTESIAN_POINT ( 'NONE',  ( 5.717338698558758203, -15.75839905514475703, -15.43598884465242627 ) ) ;
#1571 = VECTOR ( 'NONE', #1306, 1000.000000000000000 ) ;
#1572 = VECTOR ( 'NONE', #451, 1000.000000000000000 ) ;
#1573 = CARTESIAN_POINT ( 'NONE',  ( -7.095124434835567762, -15.28367234013760800, -19.43598884465242449 ) ) ;
#1574 = ORIENTED_EDGE ( 'NONE', *, *, #2195, .T. ) ;
#1575 = AXIS2_PLACEMENT_3D ( 'NONE', #1556, #1399, #339 ) ;
#1576 = ADVANCED_FACE ( 'NONE', ( #1090 ), #1775, .F. ) ;
#1577 = ORIENTED_EDGE ( 'NONE', *, *, #140, .T. ) ;
#1578 = DIRECTION ( 'NONE',  ( 1.000000000000000000, 0.000000000000000000, 0.000000000000000000 ) ) ;
#1579 = EDGE_CURVE ( 'NONE', #648, #1406, #1201, .T. ) ;
#1580 = EDGE_CURVE ( 'NONE', #709, #2178, #64, .T. ) ;
#1581 = ORIENTED_EDGE ( 'NONE', *, *, #938, .F. ) ;
#1582 = CARTESIAN_POINT ( 'NONE',  ( 17.21639334891405326, 10.01618412157995941, 48.76401115534757480 ) ) ;
#1583 = CYLINDRICAL_SURFACE ( 'NONE', #1351, 2.000000000000000000 ) ;
#1584 = DIRECTION ( 'NONE',  ( 1.000000000000000000, 0.000000000000000000, 0.000000000000000000 ) ) ;
#1585 = VERTEX_POINT ( 'NONE', #688 ) ;
#1586 = CARTESIAN_POINT ( 'NONE',  ( 6.316012192033038097, -21.96904332546900562, -25.23598884465242520 ) ) ;
#1587 = VERTEX_POINT ( 'NONE', #776 ) ;
#1588 = CARTESIAN_POINT ( 'NONE',  ( -9.768004336331001625, -25.01208152476544910, -14.43598884465242449 ) ) ;
#1589 = DIRECTION ( 'NONE',  ( 0.000000000000000000, 1.000000000000000000, 0.000000000000000000 ) ) ;
#1590 = EDGE_CURVE ( 'NONE', #2018, #293, #1883, .T. ) ;
#1591 = ORIENTED_EDGE ( 'NONE', *, *, #242, .T. ) ;
#1592 = PLANE ( 'NONE',  #2071 ) ;
#1593 = FACE_OUTER_BOUND ( 'NONE', #219, .T. ) ;
#1594 = ORIENTED_EDGE ( 'NONE', *, *, #1861, .T. ) ;
#1595 = VERTEX_POINT ( 'NONE', #1655 ) ;
#1596 = ORIENTED_EDGE ( 'NONE', *, *, #784, .T. ) ;
#1597 = CARTESIAN_POINT ( 'NONE',  ( 7.416012192033038630, -21.96904332546900562, -17.23598884465242520 ) ) ;
#1598 = SURFACE_STYLE_USAGE ( .BOTH. , #2078 ) ;
#1599 = ORIENTED_EDGE ( 'NONE', *, *, #325, .T. ) ;
#1600 = DIRECTION ( 'NONE',  ( 1.000000000000000000, 0.000000000000000000, -0.000000000000000000 ) ) ;
#1601 = LINE ( 'NONE', #68, #1918 ) ;
#1602 = EDGE_CURVE ( 'NONE', #388, #1078, #2141, .T. ) ;
#1603 = AXIS2_PLACEMENT_3D ( 'NONE', #854, #135, #445 ) ;
#1604 = LINE ( 'NONE', #254, #1314 ) ;
#1605 = EDGE_LOOP ( 'NONE', ( #1272, #1874, #49, #1195 ) ) ;
#1606 = VECTOR ( 'NONE', #1486, 1000.000000000000000 ) ;
#1607 = EDGE_CURVE ( 'NONE', #1695, #804, #559, .T. ) ;
#1608 = CIRCLE ( 'NONE', #920, 0.6999999999999992895 ) ;
#1609 = VECTOR ( 'NONE', #1229, 1000.000000000000000 ) ;
#1610 = AXIS2_PLACEMENT_3D ( 'NONE', #352, #43, #1908 ) ;
#1611 = LINE ( 'NONE', #739, #631 ) ;
#1612 = VERTEX_POINT ( 'NONE', #795 ) ;
#1613 = DIRECTION ( 'NONE',  ( 1.000000000000000000, 0.000000000000000000, -0.000000000000000000 ) ) ;
#1614 = CARTESIAN_POINT ( 'NONE',  ( -8.082623750455098843, 9.050557839930039705, -15.43598884465242627 ) ) ;
#1615 = DIRECTION ( 'NONE',  ( 0.000000000000000000, 0.000000000000000000, 1.000000000000000000 ) ) ;
#1616 = EDGE_CURVE ( 'NONE', #1406, #263, #1297, .T. ) ;
#1617 = FACE_OUTER_BOUND ( 'NONE', #1536, .T. ) ;
#1618 = VERTEX_POINT ( 'NONE', #349 ) ;
#1619 = CARTESIAN_POINT ( 'NONE',  ( 6.316012192033038097, -21.96904332546900562, -25.23598884465242520 ) ) ;
#1620 = DIRECTION ( 'NONE',  ( 0.000000000000000000, 1.000000000000000000, 0.000000000000000000 ) ) ;
#1621 = FACE_OUTER_BOUND ( 'NONE', #1368, .T. ) ;
#1622 = ORIENTED_EDGE ( 'NONE', *, *, #1737, .T. ) ;
#1623 = EDGE_CURVE ( 'NONE', #1520, #148, #434, .T. ) ;
#1624 = DIRECTION ( 'NONE',  ( 1.927470528863118802E-16, -1.000000000000000000, 0.000000000000000000 ) ) ;
#1625 = LINE ( 'NONE', #976, #2206 ) ;
#1626 = ORIENTED_EDGE ( 'NONE', *, *, #375, .T. ) ;
#1627 = DIRECTION ( 'NONE',  ( 1.000000000000000000, 0.000000000000000000, 0.000000000000000000 ) ) ;
#1628 = DIRECTION ( 'NONE',  ( 0.000000000000000000, 0.000000000000000000, 1.000000000000000000 ) ) ;
#1629 = LINE ( 'NONE', #262, #846 ) ;
#1630 = VERTEX_POINT ( 'NONE', #1833 ) ;
#1631 = VECTOR ( 'NONE', #1638, 1000.000000000000000 ) ;
#1632 = CYLINDRICAL_SURFACE ( 'NONE', #1244, 2.800000000000000266 ) ;
#1633 = ORIENTED_EDGE ( 'NONE', *, *, #1861, .F. ) ;
#1634 = VECTOR ( 'NONE', #861, 1000.000000000000000 ) ;
#1635 = STYLED_ITEM ( 'NONE', ( #63 ), #2045 ) ;
#1636 = AXIS2_PLACEMENT_3D ( 'NONE', #1850, #440, #1989 ) ;
#1637 = EDGE_CURVE ( 'NONE', #331, #804, #2160, .T. ) ;
#1638 = DIRECTION ( 'NONE',  ( 0.000000000000000000, 0.000000000000000000, 1.000000000000000000 ) ) ;
#1639 = VECTOR ( 'NONE', #2031, 1000.000000000000000 ) ;
#1640 = VERTEX_POINT ( 'NONE', #809 ) ;
#1641 = EDGE_CURVE ( 'NONE', #1915, #858, #2052, .T. ) ;
#1642 = ADVANCED_FACE ( 'NONE', ( #272 ), #958, .F. ) ;
#1643 = FACE_BOUND ( 'NONE', #544, .T. ) ;
#1644 = FACE_BOUND ( 'NONE', #1050, .T. ) ;
#1645 = CARTESIAN_POINT ( 'NONE',  ( 16.95518281285451678, 9.759534074731627484, -15.43598884465242627 ) ) ;
#1646 = ORIENTED_EDGE ( 'NONE', *, *, #2036, .F. ) ;
#1647 = CARTESIAN_POINT ( 'NONE',  ( -9.768004336331001625, -32.93981598067977501, 48.76401115534757480 ) ) ;
#1648 = DIRECTION ( 'NONE',  ( -0.000000000000000000, -0.000000000000000000, -1.000000000000000000 ) ) ;
#1649 = ORIENTED_EDGE ( 'NONE', *, *, #572, .F. ) ;
#1650 = LINE ( 'NONE', #1518, #2100 ) ;
#1651 = ORIENTED_EDGE ( 'NONE', *, *, #1580, .F. ) ;
#1652 = CARTESIAN_POINT ( 'NONE',  ( 4.090160205385381609, -32.93981598067977501, -15.43598884465242627 ) ) ;
#1653 = DIRECTION ( 'NONE',  ( -0.000000000000000000, -0.000000000000000000, -1.000000000000000000 ) ) ;
#1654 = ADVANCED_FACE ( 'NONE', ( #1665 ), #1980, .F. ) ;
#1655 = CARTESIAN_POINT ( 'NONE',  ( 3.947015436816473599, -23.46164319608852011, -15.43598884465242627 ) ) ;
#1656 = ORIENTED_EDGE ( 'NONE', *, *, #1706, .F. ) ;
#1657 = DIRECTION ( 'NONE',  ( 0.000000000000000000, 0.000000000000000000, 1.000000000000000000 ) ) ;
#1658 = FACE_OUTER_BOUND ( 'NONE', #1036, .T. ) ;
#1659 = ORIENTED_EDGE ( 'NONE', *, *, #1313, .F. ) ;
#1660 = DIRECTION ( 'NONE',  ( -1.000000000000000000, 0.000000000000000000, 0.000000000000000000 ) ) ;
#1661 = DIRECTION ( 'NONE',  ( -0.000000000000000000, -0.000000000000000000, 1.000000000000000000 ) ) ;
#1662 = EDGE_LOOP ( 'NONE', ( #1819, #999 ) ) ;
#1663 = CARTESIAN_POINT ( 'NONE',  ( -9.768004336331001625, 4.841691769827613179, -14.43598884465242449 ) ) ;
#1664 = DIRECTION ( 'NONE',  ( -0.000000000000000000, 0.000000000000000000, 1.000000000000000000 ) ) ;
#1665 = FACE_OUTER_BOUND ( 'NONE', #114, .T. ) ;
#1666 = VERTEX_POINT ( 'NONE', #297 ) ;
#1667 = FACE_OUTER_BOUND ( 'NONE', #1930, .T. ) ;
#1668 = EDGE_CURVE ( 'NONE', #51, #2012, #286, .T. ) ;
#1669 = CYLINDRICAL_SURFACE ( 'NONE', #883, 0.6999999999999992895 ) ;
#1670 = ORIENTED_EDGE ( 'NONE', *, *, #1384, .T. ) ;
#1671 = ADVANCED_FACE ( 'NONE', ( #1822 ), #969, .T. ) ;
#1672 = AXIS2_PLACEMENT_3D ( 'NONE', #630, #1320, #1998 ) ;
#1673 = CARTESIAN_POINT ( 'NONE',  ( 17.21639334891405326, 10.01618412157995941, -15.43598884465242982 ) ) ;
#1674 = AXIS2_PLACEMENT_3D ( 'NONE', #644, #1678, #1318 ) ;
#1675 = VECTOR ( 'NONE', #266, 1000.000000000000000 ) ;
#1676 = ORIENTED_EDGE ( 'NONE', *, *, #1958, .T. ) ;
#1677 = LINE ( 'NONE', #149, #178 ) ;
#1678 = DIRECTION ( 'NONE',  ( 0.000000000000000000, 0.000000000000000000, 1.000000000000000000 ) ) ;
#1679 = AXIS2_PLACEMENT_3D ( 'NONE', #1582, #1369, #1059 ) ;
#1680 = ORIENTED_EDGE ( 'NONE', *, *, #1962, .T. ) ;
#1681 = CARTESIAN_POINT ( 'NONE',  ( 7.718250638582002665, 9.050557839930039705, -16.22598884465342906 ) ) ;
#1682 = CARTESIAN_POINT ( 'NONE',  ( -9.536173069865316876, -23.46164319608852011, -34.36833040667511341 ) ) ;
#1683 = ORIENTED_EDGE ( 'NONE', *, *, #965, .F. ) ;
#1684 = EDGE_CURVE ( 'NONE', #273, #163, #462, .T. ) ;
#1685 = CARTESIAN_POINT ( 'NONE',  ( 4.090160205385381609, -25.60308351169126695, -15.43598884465242627 ) ) ;
#1686 = ORIENTED_EDGE ( 'NONE', *, *, #843, .T. ) ;
#1687 = DIRECTION ( 'NONE',  ( 0.000000000000000000, -0.000000000000000000, 1.000000000000000000 ) ) ;
#1688 = CARTESIAN_POINT ( 'NONE',  ( 4.090160205385381609, -25.60308351169126340, -15.43598884465242627 ) ) ;
#1689 = VERTEX_POINT ( 'NONE', #1501 ) ;
#1690 = CARTESIAN_POINT ( 'NONE',  ( -9.768004336331001625, 10.01618412157995941, -14.43598884465242449 ) ) ;
#1691 = CARTESIAN_POINT ( 'NONE',  ( 14.12291084582287937, 0.5470603067309620648, -14.43598884465242449 ) ) ;
#1692 = ORIENTED_EDGE ( 'NONE', *, *, #720, .T. ) ;
#1693 = CARTESIAN_POINT ( 'NONE',  ( -14.52746325139506212, -20.05527226580415601, -14.43598884465242449 ) ) ;
#1694 = EDGE_CURVE ( 'NONE', #1630, #844, #1704, .T. ) ;
#1695 = VERTEX_POINT ( 'NONE', #1873 ) ;
#1696 = CARTESIAN_POINT ( 'NONE',  ( 14.82291084582287866, 0.5470603067309620648, -14.43598884465242449 ) ) ;
#1697 = EDGE_CURVE ( 'NONE', #601, #388, #337, .T. ) ;
#1698 = DIRECTION ( 'NONE',  ( 0.000000000000000000, -1.000000000000000000, 0.000000000000000000 ) ) ;
#1699 = ORIENTED_EDGE ( 'NONE', *, *, #1925, .F. ) ;
#1700 = LINE ( 'NONE', #497, #446 ) ;
#1701 = CARTESIAN_POINT ( 'NONE',  ( 11.47785475656087506, 9.759534074731627484, -15.43598884465242627 ) ) ;
#1702 = ORIENTED_EDGE ( 'NONE', *, *, #1903, .F. ) ;
#1703 = LINE ( 'NONE', #2041, #741 ) ;
#1704 = CIRCLE ( 'NONE', #27, 1.100000000000000311 ) ;
#1705 = CARTESIAN_POINT ( 'NONE',  ( 5.717338698558758203, -15.75839905514475703, -19.43598884465242449 ) ) ;
#1706 = EDGE_CURVE ( 'NONE', #815, #255, #1756, .T. ) ;
#1707 = EDGE_LOOP ( 'NONE', ( #1649, #1945, #2074, #165 ) ) ;
#1708 = CARTESIAN_POINT ( 'NONE',  ( -14.52746325139506212, -25.01208152476544910, -19.43598884465242449 ) ) ;
#1709 = AXIS2_PLACEMENT_3D ( 'NONE', #1446, #2111, #2129 ) ;
#1710 = AXIS2_PLACEMENT_3D ( 'NONE', #1832, #957, #295 ) ;
#1711 = ADVANCED_FACE ( 'NONE', ( #57 ), #1932, .T. ) ;
#1712 = VECTOR ( 'NONE', #1326, 1000.000000000000000 ) ;
#1713 = VERTEX_POINT ( 'NONE', #577 ) ;
#1714 = DIRECTION ( 'NONE',  ( 1.000000000000000000, 0.000000000000000000, 0.000000000000000000 ) ) ;
#1715 = AXIS2_PLACEMENT_3D ( 'NONE', #988, #1853, #627 ) ;
#1716 = LINE ( 'NONE', #1029, #2163 ) ;
#1717 = VECTOR ( 'NONE', #1107, 1000.000000000000000 ) ;
#1718 = ORIENTED_EDGE ( 'NONE', *, *, #1199, .F. ) ;
#1719 = FACE_BOUND ( 'NONE', #2084, .T. ) ;
#1720 = VERTEX_POINT ( 'NONE', #1089 ) ;
#1721 = CARTESIAN_POINT ( 'NONE',  ( -10.50745196113811453, -1.145223534585383618, -19.43598884465242449 ) ) ;
#1722 = DIRECTION ( 'NONE',  ( 1.000000000000000000, 0.000000000000000000, 0.000000000000000000 ) ) ;
#1723 = ORIENTED_EDGE ( 'NONE', *, *, #222, .F. ) ;
#1724 = DIRECTION ( 'NONE',  ( -0.000000000000000000, 0.000000000000000000, 1.000000000000000000 ) ) ;
#1725 = ADVANCED_FACE ( 'NONE', ( #891 ), #1583, .F. ) ;
#1726 = DIRECTION ( 'NONE',  ( -0.000000000000000000, -0.000000000000000000, 1.000000000000000000 ) ) ;
#1727 = ORIENTED_EDGE ( 'NONE', *, *, #1450, .T. ) ;
#1728 = DIRECTION ( 'NONE',  ( 0.000000000000000000, 0.000000000000000000, 1.000000000000000000 ) ) ;
#1729 = ORIENTED_EDGE ( 'NONE', *, *, #265, .F. ) ;
#1730 = LINE ( 'NONE', #1708, #2033 ) ;
#1731 = DIRECTION ( 'NONE',  ( 0.000000000000000000, 0.000000000000000000, 1.000000000000000000 ) ) ;
#1732 = VERTEX_POINT ( 'NONE', #253 ) ;
#1733 = LINE ( 'NONE', #878, #1282 ) ;
#1734 = CARTESIAN_POINT ( 'NONE',  ( -14.42982199563076051, 4.841691769827613179, -19.43598884465242449 ) ) ;
#1735 = EDGE_CURVE ( 'NONE', #1894, #586, #2089, .T. ) ;
#1736 = VERTEX_POINT ( 'NONE', #584 ) ;
#1737 = EDGE_CURVE ( 'NONE', #1157, #1222, #2099, .T. ) ;
#1738 =( NAMED_UNIT ( * ) PLANE_ANGLE_UNIT ( ) SI_UNIT ( $, .RADIAN. ) );
#1739 = ORIENTED_EDGE ( 'NONE', *, *, #950, .F. ) ;
#1740 = CARTESIAN_POINT ( 'NONE',  ( -14.42982199563076051, 4.841691769827613179, -19.43598884465242449 ) ) ;
#1741 = ORIENTED_EDGE ( 'NONE', *, *, #1706, .T. ) ;
#1742 = VECTOR ( 'NONE', #1940, 1000.000000000000000 ) ;
#1743 = DIRECTION ( 'NONE',  ( 1.000000000000000000, 0.000000000000000000, 0.000000000000000000 ) ) ;
#1744 = AXIS2_PLACEMENT_3D ( 'NONE', #1118, #791, #1283 ) ;
#1745 = VECTOR ( 'NONE', #1128, 1000.000000000000000 ) ;
#1746 = CARTESIAN_POINT ( 'NONE',  ( 6.917338698558758381, -15.75839905514475703, -15.43598884465242627 ) ) ;
#1747 = ORIENTED_EDGE ( 'NONE', *, *, #1342, .F. ) ;
#1748 = AXIS2_PLACEMENT_3D ( 'NONE', #1586, #736, #369 ) ;
#1749 = VECTOR ( 'NONE', #1203, 1000.000000000000000 ) ;
#1750 = APPLICATION_PROTOCOL_DEFINITION ( 'draft international standard', 'automotive_design', 1998, #573 ) ;
#1751 = ADVANCED_FACE ( 'NONE', ( #1238 ), #1257, .F. ) ;
#1752 = ORIENTED_EDGE ( 'NONE', *, *, #230, .F. ) ;
#1753 = CARTESIAN_POINT ( 'NONE',  ( 7.718250638582002665, -9.055242563630706343, -40.25696135330794334 ) ) ;
#1754 = ORIENTED_EDGE ( 'NONE', *, *, #1373, .F. ) ;
#1755 = DIRECTION ( 'NONE',  ( 0.000000000000000000, 0.000000000000000000, 1.000000000000000000 ) ) ;
#1756 = LINE ( 'NONE', #214, #628 ) ;
#1757 = DIRECTION ( 'NONE',  ( 0.000000000000000000, 0.000000000000000000, 1.000000000000000000 ) ) ;
#1758 = ORIENTED_EDGE ( 'NONE', *, *, #1288, .T. ) ;
#1759 = ORIENTED_EDGE ( 'NONE', *, *, #1358, .F. ) ;
#1760 = ORIENTED_EDGE ( 'NONE', *, *, #1491, .F. ) ;
#1761 = EDGE_CURVE ( 'NONE', #1047, #738, #1601, .T. ) ;
#1762 = DIRECTION ( 'NONE',  ( 0.000000000000000000, 0.000000000000000000, 1.000000000000000000 ) ) ;
#1763 = CARTESIAN_POINT ( 'NONE',  ( -9.767229934837363459, -32.93981598067977501, -15.23598884465242520 ) ) ;
#1764 = ORIENTED_EDGE ( 'NONE', *, *, #2093, .F. ) ;
#1765 = EDGE_CURVE ( 'NONE', #1001, #1455, #1474, .T. ) ;
#1766 = DIRECTION ( 'NONE',  ( -0.000000000000000000, -0.000000000000000000, -1.000000000000000000 ) ) ;
#1767 = DIRECTION ( 'NONE',  ( -1.000000000000000000, 0.000000000000000000, 0.000000000000000000 ) ) ;
#1768 = CARTESIAN_POINT ( 'NONE',  ( 5.290160205385380898, -33.10308351169126695, -15.43598884465242627 ) ) ;
#1769 = ORIENTED_EDGE ( 'NONE', *, *, #772, .T. ) ;
#1770 = CARTESIAN_POINT ( 'NONE',  ( 17.21639334891405326, 10.01618412157995941, -14.43598884465242449 ) ) ;
#1771 =( LENGTH_UNIT ( ) NAMED_UNIT ( * ) SI_UNIT ( .MILLI., .METRE. ) );
#1772 = ORIENTED_EDGE ( 'NONE', *, *, #140, .F. ) ;
#1773 = CARTESIAN_POINT ( 'NONE',  ( 3.516012192033037831, -21.96904332546900562, -18.73598884465242520 ) ) ;
#1774 = ADVANCED_FACE ( 'NONE', ( #1331 ), #775, .F. ) ;
#1775 = PLANE ( 'NONE',  #768 ) ;
#1776 = ORIENTED_EDGE ( 'NONE', *, *, #734, .T. ) ;
#1777 = DIRECTION ( 'NONE',  ( -1.927470528863118802E-16, 1.000000000000000000, 0.000000000000000000 ) ) ;
#1778 = VECTOR ( 'NONE', #2123, 1000.000000000000000 ) ;
#1779 = CIRCLE ( 'NONE', #673, 2.800000000000000266 ) ;
#1780 = VECTOR ( 'NONE', #2088, 1000.000000000000000 ) ;
#1781 = VECTOR ( 'NONE', #2138, 1000.000000000000000 ) ;
#1782 = CIRCLE ( 'NONE', #1216, 2.000000000000000000 ) ;
#1783 = DIRECTION ( 'NONE',  ( 0.000000000000000000, 1.000000000000000000, 0.000000000000000000 ) ) ;
#1784 = CARTESIAN_POINT ( 'NONE',  ( 4.090160205385381609, -33.10308351169126695, -15.43598884465242627 ) ) ;
#1785 = ORIENTED_EDGE ( 'NONE', *, *, #1358, .T. ) ;
#1786 = LINE ( 'NONE', #79, #1781 ) ;
#1787 = DIRECTION ( 'NONE',  ( -1.000000000000000000, 0.000000000000000000, 0.000000000000000000 ) ) ;
#1788 = ORIENTED_EDGE ( 'NONE', *, *, #896, .T. ) ;
#1789 = LINE ( 'NONE', #256, #1094 ) ;
#1790 = EDGE_CURVE ( 'NONE', #1695, #2178, #794, .T. ) ;
#1791 = CARTESIAN_POINT ( 'NONE',  ( 6.316012192033038097, -21.96904332546900562, -18.73598884465242520 ) ) ;
#1792 = DIRECTION ( 'NONE',  ( -1.927470528863118802E-16, 1.000000000000000000, -0.000000000000000000 ) ) ;
#1793 = EDGE_LOOP ( 'NONE', ( #1167, #1680, #1470, #1758 ) ) ;
#1794 = LINE ( 'NONE', #1102, #1214 ) ;
#1795 = DIRECTION ( 'NONE',  ( -0.000000000000000000, -0.000000000000000000, -1.000000000000000000 ) ) ;
#1796 = DIRECTION ( 'NONE',  ( 1.000000000000000000, 0.000000000000000000, 0.000000000000000000 ) ) ;
#1797 = ORIENTED_EDGE ( 'NONE', *, *, #885, .F. ) ;
#1798 = DIRECTION ( 'NONE',  ( -1.000000000000000000, 0.000000000000000000, 0.000000000000000000 ) ) ;
#1799 = EDGE_CURVE ( 'NONE', #154, #601, #1296, .T. ) ;
#1800 = ORIENTED_EDGE ( 'NONE', *, *, #1817, .T. ) ;
#1801 = ADVANCED_FACE ( 'NONE', ( #1137 ), #1807, .F. ) ;
#1802 = EDGE_CURVE ( 'NONE', #1964, #1133, #1821, .T. ) ;
#1803 = CARTESIAN_POINT ( 'NONE',  ( -7.095124434835567762, -10.28367234013760623, -15.43598884465242627 ) ) ;
#1804 = DIRECTION ( 'NONE',  ( 0.000000000000000000, 0.000000000000000000, 1.000000000000000000 ) ) ;
#1805 = ORIENTED_EDGE ( 'NONE', *, *, #230, .T. ) ;
#1806 = DIRECTION ( 'NONE',  ( 0.9999923097771847846, -0.003921783585402592587, 0.000000000000000000 ) ) ;
#1807 = PLANE ( 'NONE',  #1920 ) ;
#1808 = DIRECTION ( 'NONE',  ( 0.000000000000000000, 1.000000000000000000, 0.000000000000000000 ) ) ;
#1809 = ORIENTED_EDGE ( 'NONE', *, *, #417, .T. ) ;
#1810 = EDGE_LOOP ( 'NONE', ( #1877, #117, #1977, #553 ) ) ;
#1811 = PLANE ( 'NONE',  #1171 ) ;
#1812 = ORIENTED_EDGE ( 'NONE', *, *, #428, .T. ) ;
#1813 = AXIS2_PLACEMENT_3D ( 'NONE', #876, #405, #397 ) ;
#1814 = AXIS2_PLACEMENT_3D ( 'NONE', #873, #326, #1143 ) ;
#1815 = DIRECTION ( 'NONE',  ( 0.000000000000000000, -0.000000000000000000, -1.000000000000000000 ) ) ;
#1816 = AXIS2_PLACEMENT_3D ( 'NONE', #1357, #633, #2000 ) ;
#1817 = EDGE_CURVE ( 'NONE', #8, #154, #433, .T. ) ;
#1818 = AXIS2_PLACEMENT_3D ( 'NONE', #1340, #443, #159 ) ;
#1819 = ORIENTED_EDGE ( 'NONE', *, *, #1179, .T. ) ;
#1820 = CARTESIAN_POINT ( 'NONE',  ( -14.52746325139506212, -20.05527226580415601, -27.02385407479282975 ) ) ;
#1821 = LINE ( 'NONE', #1159, #1534 ) ;
#1822 = FACE_OUTER_BOUND ( 'NONE', #718, .T. ) ;
#1823 = ORIENTED_EDGE ( 'NONE', *, *, #1065, .T. ) ;
#1824 = DIRECTION ( 'NONE',  ( 1.000000000000000000, -0.000000000000000000, 0.000000000000000000 ) ) ;
#1825 = CARTESIAN_POINT ( 'NONE',  ( 4.090160205385381609, -23.46164319608852011, -34.36833040667511341 ) ) ;
#1826 = ORIENTED_EDGE ( 'NONE', *, *, #1371, .F. ) ;
#1827 = CARTESIAN_POINT ( 'NONE',  ( -7.095124434835567762, -10.28367234013760623, -19.43598884465242449 ) ) ;
#1828 = FACE_OUTER_BOUND ( 'NONE', #2080, .T. ) ;
#1829 = EDGE_CURVE ( 'NONE', #370, #273, #968, .T. ) ;
#1830 = EDGE_LOOP ( 'NONE', ( #479, #1558, #2200, #681, #541, #874 ) ) ;
#1831 = CARTESIAN_POINT ( 'NONE',  ( -14.52746325139506212, -25.01208152476544910, -14.43598884465242449 ) ) ;
#1832 = CARTESIAN_POINT ( 'NONE',  ( -12.12079964696077816, 1.848234117621118333, -27.02385407479282975 ) ) ;
#1833 = CARTESIAN_POINT ( 'NONE',  ( 5.216012192033037564, -21.96904332546900562, -19.43598884465242449 ) ) ;
#1834 = EDGE_CURVE ( 'NONE', #1394, #1451, #617, .T. ) ;
#1835 = ORIENTED_EDGE ( 'NONE', *, *, #222, .T. ) ;
#1836 = CARTESIAN_POINT ( 'NONE',  ( -9.165903932172151158, -10.28367234013760623, -15.43598884465242627 ) ) ;
#1837 = DIRECTION ( 'NONE',  ( 0.000000000000000000, 0.000000000000000000, -1.000000000000000000 ) ) ;
#1838 = ORIENTED_EDGE ( 'NONE', *, *, #2125, .F. ) ;
#1839 = DIRECTION ( 'NONE',  ( 0.000000000000000000, 0.000000000000000000, -1.000000000000000000 ) ) ;
#1840 = DIRECTION ( 'NONE',  ( 1.000000000000000000, 0.000000000000000000, -0.000000000000000000 ) ) ;
#1841 = VERTEX_POINT ( 'NONE', #606 ) ;
#1842 = DIRECTION ( 'NONE',  ( 0.000000000000000000, 0.000000000000000000, 1.000000000000000000 ) ) ;
#1843 = DIRECTION ( 'NONE',  ( 0.000000000000000000, 0.000000000000000000, -1.000000000000000000 ) ) ;
#1844 = EDGE_LOOP ( 'NONE', ( #1092, #959, #298, #1826 ) ) ;
#1845 = DIRECTION ( 'NONE',  ( -0.000000000000000000, -0.000000000000000000, -1.000000000000000000 ) ) ;
#1846 = EDGE_CURVE ( 'NONE', #368, #65, #807, .T. ) ;
#1847 = DIRECTION ( 'NONE',  ( 1.000000000000000000, 0.000000000000000000, 0.000000000000000000 ) ) ;
#1848 = ORIENTED_EDGE ( 'NONE', *, *, #1269, .F. ) ;
#1849 = VECTOR ( 'NONE', #2042, 1000.000000000000000 ) ;
#1850 = CARTESIAN_POINT ( 'NONE',  ( -8.082623750455098843, 9.050557839930039705, -40.25696135330794334 ) ) ;
#1851 = VECTOR ( 'NONE', #196, 1000.000000000000000 ) ;
#1852 = ORIENTED_EDGE ( 'NONE', *, *, #379, .T. ) ;
#1853 = DIRECTION ( 'NONE',  ( 0.000000000000000000, 1.000000000000000000, 0.000000000000000000 ) ) ;
#1854 = CARTESIAN_POINT ( 'NONE',  ( 6.316012192033038097, -21.96904332546900562, -18.73598884465242520 ) ) ;
#1855 = CIRCLE ( 'NONE', #887, 1.149999999999999689 ) ;
#1856 = VERTEX_POINT ( 'NONE', #461 ) ;
#1857 = CARTESIAN_POINT ( 'NONE',  ( 5.755926323253249599, -20.25839905514475703, -19.43598884465242449 ) ) ;
#1858 = CARTESIAN_POINT ( 'NONE',  ( -14.52746325139506212, -20.05527226580415601, -14.43598884465242449 ) ) ;
#1859 = EDGE_CURVE ( 'NONE', #1955, #1732, #2159, .T. ) ;
#1860 = ORIENTED_EDGE ( 'NONE', *, *, #1668, .T. ) ;
#1861 = EDGE_CURVE ( 'NONE', #1304, #800, #770, .T. ) ;
#1862 = PLANE ( 'NONE',  #2021 ) ;
#1863 = CARTESIAN_POINT ( 'NONE',  ( 8.116012192033037920, -21.96904332546900562, -15.43598884465242627 ) ) ;
#1864 = EDGE_LOOP ( 'NONE', ( #1960, #699, #1910, #865 ) ) ;
#1865 = LINE ( 'NONE', #517, #1749 ) ;
#1866 = ORIENTED_EDGE ( 'NONE', *, *, #1607, .T. ) ;
#1867 = DIRECTION ( 'NONE',  ( 0.000000000000000000, 1.000000000000000000, -0.000000000000000000 ) ) ;
#1868 = FACE_OUTER_BOUND ( 'NONE', #38, .T. ) ;
#1869 = ORIENTED_EDGE ( 'NONE', *, *, #2196, .F. ) ;
#1870 = ADVANCED_FACE ( 'NONE', ( #1150 ), #1121, .F. ) ;
#1871 = DIRECTION ( 'NONE',  ( -1.000000000000000000, 0.000000000000000000, 0.000000000000000000 ) ) ;
#1872 = ADVANCED_FACE ( 'NONE', ( #1979, #1453, #979, #424, #1644 ), #111, .F. ) ;
#1873 = CARTESIAN_POINT ( 'NONE',  ( 9.116012192033037920, -21.96904332546900562, -18.73598884465242520 ) ) ;
#1874 = ORIENTED_EDGE ( 'NONE', *, *, #1411, .T. ) ;
#1875 = FACE_OUTER_BOUND ( 'NONE', #2130, .T. ) ;
#1876 = CARTESIAN_POINT ( 'NONE',  ( -9.768004336331001625, 0.000000000000000000, -15.43598884465242627 ) ) ;
#1877 = ORIENTED_EDGE ( 'NONE', *, *, #58, .T. ) ;
#1878 = CARTESIAN_POINT ( 'NONE',  ( -9.768004336331001625, 10.01618412157995941, 48.76401115534757480 ) ) ;
#1879 = CARTESIAN_POINT ( 'NONE',  ( -12.21657973714213696, -22.57416235719585629, -14.43598884465242449 ) ) ;
#1880 = ORIENTED_EDGE ( 'NONE', *, *, #1973, .F. ) ;
#1881 = CARTESIAN_POINT ( 'NONE',  ( 4.090160205385381609, -33.10308351169126695, -19.43598884465242449 ) ) ;
#1882 = AXIS2_PLACEMENT_3D ( 'NONE', #1211, #847, #538 ) ;
#1883 = LINE ( 'NONE', #1467, #806 ) ;
#1884 = VERTEX_POINT ( 'NONE', #1499 ) ;
#1885 = EDGE_CURVE ( 'NONE', #1897, #1047, #2147, .T. ) ;
#1886 = PLANE ( 'NONE',  #1284 ) ;
#1887 = VECTOR ( 'NONE', #831, 1000.000000000000000 ) ;
#1888 = VECTOR ( 'NONE', #827, 1000.000000000000000 ) ;
#1889 = EDGE_LOOP ( 'NONE', ( #500, #1517, #90, #971 ) ) ;
#1890 = CARTESIAN_POINT ( 'NONE',  ( -9.768004336331001625, -32.93981598067977501, -14.43598884465242449 ) ) ;
#1891 = VECTOR ( 'NONE', #2047, 1000.000000000000000 ) ;
#1892 = CARTESIAN_POINT ( 'NONE',  ( 11.47785475656087506, 9.759534074731627484, -15.43598884465242627 ) ) ;
#1893 = CIRCLE ( 'NONE', #1504, 1.100000000000000311 ) ;
#1894 = VERTEX_POINT ( 'NONE', #306 ) ;
#1895 = CARTESIAN_POINT ( 'NONE',  ( 4.090160205385381609, -32.93981598067977501, -17.67598695563342304 ) ) ;
#1896 = LINE ( 'NONE', #227, #1923 ) ;
#1897 = VERTEX_POINT ( 'NONE', #596 ) ;
#1898 = DIRECTION ( 'NONE',  ( 1.000000000000000000, 0.000000000000000000, 0.000000000000000000 ) ) ;
#1899 = LINE ( 'NONE', #1205, #2132 ) ;
#1900 = EDGE_CURVE ( 'NONE', #1612, #1285, #990, .T. ) ;
#1901 = ORIENTED_EDGE ( 'NONE', *, *, #113, .T. ) ;
#1902 = FACE_OUTER_BOUND ( 'NONE', #2161, .T. ) ;
#1903 = EDGE_CURVE ( 'NONE', #1585, #661, #353, .T. ) ;
#1904 = CARTESIAN_POINT ( 'NONE',  ( 14.82291084582287866, 0.5470603067309620648, -14.43598884465242449 ) ) ;
#1905 = EDGE_LOOP ( 'NONE', ( #312, #251, #2087, #1599, #87, #1800, #160, #598, #2056, #826, #1101, #438, #2053, #1012, #1416, #411, #1741, #1152, #1805, #324, #1917, #2034, #1484 ) ) ;
#1906 =( LENGTH_UNIT ( ) NAMED_UNIT ( * ) SI_UNIT ( .MILLI., .METRE. ) );
#1907 = ORIENTED_EDGE ( 'NONE', *, *, #2121, .T. ) ;
#1908 = DIRECTION ( 'NONE',  ( 1.000000000000000000, 0.000000000000000000, 0.000000000000000000 ) ) ;
#1909 = DIRECTION ( 'NONE',  ( 0.000000000000000000, -0.000000000000000000, 1.000000000000000000 ) ) ;
#1910 = ORIENTED_EDGE ( 'NONE', *, *, #1269, .T. ) ;
#1911 = FACE_OUTER_BOUND ( 'NONE', #264, .T. ) ;
#1912 = DIRECTION ( 'NONE',  ( 1.000000000000000000, 0.000000000000000000, 0.000000000000000000 ) ) ;
#1913 = EDGE_LOOP ( 'NONE', ( #2124, #564, #1277, #993, #41 ) ) ;
#1914 = ADVANCED_FACE ( 'NONE', ( #2211 ), #506, .F. ) ;
#1915 = VERTEX_POINT ( 'NONE', #481 ) ;
#1916 = DIRECTION ( 'NONE',  ( -1.000000000000000000, 0.000000000000000000, 0.000000000000000000 ) ) ;
#1917 = ORIENTED_EDGE ( 'NONE', *, *, #58, .F. ) ;
#1918 = VECTOR ( 'NONE', #1620, 1000.000000000000000 ) ;
#1919 = CARTESIAN_POINT ( 'NONE',  ( 14.82291084582287866, 0.5470603067309620648, -15.43598884465242627 ) ) ;
#1920 = AXIS2_PLACEMENT_3D ( 'NONE', #270, #1957, #1466 ) ;
#1921 = PLANE ( 'NONE',  #2023 ) ;
#1922 = ORIENTED_EDGE ( 'NONE', *, *, #1475, .T. ) ;
#1923 = VECTOR ( 'NONE', #717, 1000.000000000000000 ) ;
#1924 = CIRCLE ( 'NONE', #351, 1.795119473440676794 ) ;
#1925 = EDGE_CURVE ( 'NONE', #2018, #1321, #239, .T. ) ;
#1926 = EDGE_CURVE ( 'NONE', #2112, #201, #320, .T. ) ;
#1927 = ORIENTED_EDGE ( 'NONE', *, *, #1926, .T. ) ;
#1928 = CARTESIAN_POINT ( 'NONE',  ( -8.082623750455098843, -9.055242563630706343, -15.43598884465242627 ) ) ;
#1929 = FACE_OUTER_BOUND ( 'NONE', #615, .T. ) ;
#1930 = EDGE_LOOP ( 'NONE', ( #1202, #1356, #1752, #469 ) ) ;
#1931 = FACE_OUTER_BOUND ( 'NONE', #1889, .T. ) ;
#1932 = CYLINDRICAL_SURFACE ( 'NONE', #1457, 1.799999999999998712 ) ;
#1933 = CYLINDRICAL_SURFACE ( 'NONE', #138, 1.149999999999999911 ) ;
#1934 = ORIENTED_EDGE ( 'NONE', *, *, #1199, .T. ) ;
#1935 = DIRECTION ( 'NONE',  ( 1.000000000000000000, 0.000000000000000000, 0.000000000000000000 ) ) ;
#1936 = EDGE_CURVE ( 'NONE', #789, #1736, #180, .T. ) ;
#1937 = EDGE_CURVE ( 'NONE', #1078, #1720, #1899, .T. ) ;
#1938 = ORIENTED_EDGE ( 'NONE', *, *, #872, .F. ) ;
#1939 = DIRECTION ( 'NONE',  ( -0.000000000000000000, -0.000000000000000000, 1.000000000000000000 ) ) ;
#1940 = DIRECTION ( 'NONE',  ( -0.000000000000000000, -0.000000000000000000, 1.000000000000000000 ) ) ;
#1941 = CARTESIAN_POINT ( 'NONE',  ( 3.516012192033037831, -21.96904332546900562, -18.73598884465242520 ) ) ;
#1942 = EDGE_LOOP ( 'NONE', ( #977, #301, #169, #716, #1070, #20, #2076, #1198, #2015, #721, #287, #832 ) ) ;
#1943 = DIRECTION ( 'NONE',  ( -0.000000000000000000, -0.000000000000000000, 1.000000000000000000 ) ) ;
#1944 = EDGE_CURVE ( 'NONE', #867, #1161, #1367, .T. ) ;
#1945 = ORIENTED_EDGE ( 'NONE', *, *, #1468, .T. ) ;
#1946 = CARTESIAN_POINT ( 'NONE',  ( 5.290160205385380898, -33.10308351169126695, -15.43598884465242627 ) ) ;
#1947 = VECTOR ( 'NONE', #1375, 1000.000000000000000 ) ;
#1948 = CARTESIAN_POINT ( 'NONE',  ( 14.82291084582287866, 0.5470603067309620648, -19.43598884465242449 ) ) ;
#1949 = ORIENTED_EDGE ( 'NONE', *, *, #696, .F. ) ;
#1950 = DIRECTION ( 'NONE',  ( 1.927470528863118802E-16, -1.000000000000000000, 0.000000000000000000 ) ) ;
#1951 = VECTOR ( 'NONE', #822, 1000.000000000000000 ) ;
#1952 = VECTOR ( 'NONE', #1728, 1000.000000000000000 ) ;
#1953 = AXIS2_PLACEMENT_3D ( 'NONE', #269, #1842, #1317 ) ;
#1954 = CARTESIAN_POINT ( 'NONE',  ( 4.090160205385381609, -33.10308351169126695, -17.67598695563342304 ) ) ;
#1955 = VERTEX_POINT ( 'NONE', #1688 ) ;
#1956 = DIRECTION ( 'NONE',  ( 0.000000000000000000, 1.000000000000000000, 0.000000000000000000 ) ) ;
#1957 = DIRECTION ( 'NONE',  ( 1.000000000000000000, 0.000000000000000000, 0.000000000000000000 ) ) ;
#1958 = EDGE_CURVE ( 'NONE', #238, #886, #740, .T. ) ;
#1959 = DIRECTION ( 'NONE',  ( 0.000000000000000000, -1.000000000000000000, 0.000000000000000000 ) ) ;
#1960 = ORIENTED_EDGE ( 'NONE', *, *, #42, .F. ) ;
#1961 = CARTESIAN_POINT ( 'NONE',  ( -14.52746325139506212, -20.05527226580415601, -27.02385407479282975 ) ) ;
#1962 = EDGE_CURVE ( 'NONE', #223, #274, #706, .T. ) ;
#1963 = EDGE_CURVE ( 'NONE', #1666, #1078, #663, .T. ) ;
#1964 = VERTEX_POINT ( 'NONE', #1513 ) ;
#1965 = DIRECTION ( 'NONE',  ( 0.000000000000000000, -1.000000000000000000, 0.000000000000000000 ) ) ;
#1966 = FACE_OUTER_BOUND ( 'NONE', #835, .T. ) ;
#1967 = ORIENTED_EDGE ( 'NONE', *, *, #1694, .T. ) ;
#1968 = DIRECTION ( 'NONE',  ( 1.000000000000000000, 0.000000000000000000, 0.000000000000000000 ) ) ;
#1969 = CARTESIAN_POINT ( 'NONE',  ( 0.5234178088539507279, -15.28367234013760800, -15.43598884465242627 ) ) ;
#1970 = CARTESIAN_POINT ( 'NONE',  ( -9.572122961288883403, -20.05527226580415601, -19.43598884465242449 ) ) ;
#1971 = ORIENTED_EDGE ( 'NONE', *, *, #558, .F. ) ;
#1972 = DIRECTION ( 'NONE',  ( 1.000000000000000000, 0.000000000000000000, 0.000000000000000000 ) ) ;
#1973 = EDGE_CURVE ( 'NONE', #1640, #947, #857, .T. ) ;
#1974 = EDGE_LOOP ( 'NONE', ( #1477, #504, #651, #2043 ) ) ;
#1975 = LINE ( 'NONE', #1803, #1097 ) ;
#1976 = DIRECTION ( 'NONE',  ( -1.000000000000000000, 0.000000000000000000, 0.000000000000000000 ) ) ;
#1977 = ORIENTED_EDGE ( 'NONE', *, *, #1802, .T. ) ;
#1978 = CARTESIAN_POINT ( 'NONE',  ( 0.000000000000000000, 0.000000000000000000, -14.43598884465242449 ) ) ;
#1979 = FACE_BOUND ( 'NONE', #1044, .T. ) ;
#1980 = PLANE ( 'NONE',  #1603 ) ;
#1981 = ORIENTED_EDGE ( 'NONE', *, *, #1859, .F. ) ;
#1982 = CARTESIAN_POINT ( 'NONE',  ( -9.768004336331001625, -32.93981598067977501, 48.76401115534757480 ) ) ;
#1983 = VECTOR ( 'NONE', #1020, 1000.000000000000000 ) ;
#1984 = FACE_BOUND ( 'NONE', #623, .T. ) ;
#1985 = ORIENTED_EDGE ( 'NONE', *, *, #501, .T. ) ;
#1986 = AXIS2_PLACEMENT_3D ( 'NONE', #2127, #1664, #783 ) ;
#1987 = VECTOR ( 'NONE', #308, 1000.000000000000000 ) ;
#1988 = EDGE_CURVE ( 'NONE', #154, #304, #190, .T. ) ;
#1989 = DIRECTION ( 'NONE',  ( 0.000000000000000000, 0.000000000000000000, -1.000000000000000000 ) ) ;
#1990 = PRODUCT_DEFINITION_FORMATION_WITH_SPECIFIED_SOURCE ( 'ä»', '', #1542, .NOT_KNOWN. ) ;
#1991 = CIRCLE ( 'NONE', #1032, 1.795119473440676794 ) ;
#1992 = CARTESIAN_POINT ( 'NONE',  ( 6.316012192033038097, -21.96904332546900562, -18.73598884465242520 ) ) ;
#1993 = ADVANCED_FACE ( 'NONE', ( #2184 ), #655, .T. ) ;
#1994 = AXIS2_PLACEMENT_3D ( 'NONE', #1696, #9, #700 ) ;
#1995 = ORIENTED_EDGE ( 'NONE', *, *, #355, .T. ) ;
#1996 = CARTESIAN_POINT ( 'NONE',  ( 14.12291084582287937, 0.5470603067309620648, -19.43598884465242449 ) ) ;
#1997 = CARTESIAN_POINT ( 'NONE',  ( 4.090160205385381609, -25.60308351169126695, -15.43598884465242627 ) ) ;
#1998 = DIRECTION ( 'NONE',  ( -1.000000000000000000, 0.000000000000000000, 0.000000000000000000 ) ) ;
#1999 = VERTEX_POINT ( 'NONE', #10 ) ;
#2000 = DIRECTION ( 'NONE',  ( 0.000000000000000000, -0.000000000000000000, 1.000000000000000000 ) ) ;
#2001 = FACE_OUTER_BOUND ( 'NONE', #985, .T. ) ;
#2002 = VERTEX_POINT ( 'NONE', #691 ) ;
#2003 = CARTESIAN_POINT ( 'NONE',  ( -7.095124434835567762, -14.20494069501343226, -15.43598884465242627 ) ) ;
#2004 = CARTESIAN_POINT ( 'NONE',  ( -10.97079964696077781, 1.848234117621118333, -19.43598884465242449 ) ) ;
#2005 = ORIENTED_EDGE ( 'NONE', *, *, #1022, .F. ) ;
#2006 = ADVANCED_FACE ( 'NONE', ( #1378 ), #2055, .F. ) ;
#2007 = DIRECTION ( 'NONE',  ( -1.000000000000000000, 0.000000000000000000, 0.000000000000000000 ) ) ;
#2008 = CARTESIAN_POINT ( 'NONE',  ( -9.768004336331001625, 4.841691769827613179, -27.02385407479282975 ) ) ;
#2009 = ORIENTED_EDGE ( 'NONE', *, *, #1958, .F. ) ;
#2010 = DIRECTION ( 'NONE',  ( 1.000000000000000000, 0.000000000000000000, 0.000000000000000000 ) ) ;
#2011 = DIRECTION ( 'NONE',  ( -1.000000000000000000, 0.000000000000000000, 0.000000000000000000 ) ) ;
#2012 = VERTEX_POINT ( 'NONE', #387 ) ;
#2013 = LINE ( 'NONE', #2144, #1675 ) ;
#2014 = DIRECTION ( 'NONE',  ( -0.000000000000000000, 0.000000000000000000, -1.000000000000000000 ) ) ;
#2015 = ORIENTED_EDGE ( 'NONE', *, *, #1602, .T. ) ;
#2016 = LINE ( 'NONE', #480, #853 ) ;
#2017 = ADVANCED_FACE ( 'NONE', ( #53 ), #1263, .F. ) ;
#2018 = VERTEX_POINT ( 'NONE', #1271 ) ;
#2019 = CARTESIAN_POINT ( 'NONE',  ( 5.290160205385380898, -25.60308351169126695, -15.43598884465242627 ) ) ;
#2020 = DIRECTION ( 'NONE',  ( 0.000000000000000000, -0.000000000000000000, -1.000000000000000000 ) ) ;
#2021 = AXIS2_PLACEMENT_3D ( 'NONE', #187, #1383, #2060 ) ;
#2022 = ORIENTED_EDGE ( 'NONE', *, *, #1988, .F. ) ;
#2023 = AXIS2_PLACEMENT_3D ( 'NONE', #59, #234, #914 ) ;
#2024 = CLOSED_SHELL ( 'NONE', ( #1774, #591, #1204, #378, #1725, #218, #74, #913, #1711, #2113, #205, #279, #765, #1246, #2191, #1872, #1801, #2151, #195, #607, #1914, #2017, #1261, #2040, #2006, #1552, #622, #1521, #437, #1069, #1642, #1441, #1463, #1671, #1132, #3, #668, #908, #2154, #1654, #970, #1576, #257, #468, #2168, #1230, #1086, #611, #2102, #842, #472, #2079, #2180, #1751, #1442, #314, #1327, #2067, #309, #571, #1080, #1870, #1160, #1993, #407, #543, #46, #1533, #860, #484 ) ) ;
#2025 = DIRECTION ( 'NONE',  ( 0.000000000000000000, 0.000000000000000000, -1.000000000000000000 ) ) ;
#2026 = FACE_OUTER_BOUND ( 'NONE', #435, .T. ) ;
#2027 = AXIS2_PLACEMENT_3D ( 'NONE', #495, #1698, #168 ) ;
#2028 = VECTOR ( 'NONE', #146, 1000.000000000000000 ) ;
#2029 = ORIENTED_EDGE ( 'NONE', *, *, #155, .T. ) ;
#2030 = AXIS2_PLACEMENT_3D ( 'NONE', #1554, #698, #1840 ) ;
#2031 = DIRECTION ( 'NONE',  ( 0.000000000000000000, 0.000000000000000000, 1.000000000000000000 ) ) ;
#2032 = DIRECTION ( 'NONE',  ( -0.000000000000000000, -0.000000000000000000, -1.000000000000000000 ) ) ;
#2033 = VECTOR ( 'NONE', #179, 1000.000000000000000 ) ;
#2034 = ORIENTED_EDGE ( 'NONE', *, *, #1338, .F. ) ;
#2035 = DIRECTION ( 'NONE',  ( -0.000000000000000000, -0.000000000000000000, -1.000000000000000000 ) ) ;
#2036 = EDGE_CURVE ( 'NONE', #1720, #5, #1254, .T. ) ;
#2037 = DIRECTION ( 'NONE',  ( -0.000000000000000000, -0.000000000000000000, -1.000000000000000000 ) ) ;
#2038 = ORIENTED_EDGE ( 'NONE', *, *, #818, .T. ) ;
#2039 = EDGE_CURVE ( 'NONE', #368, #151, #898, .T. ) ;
#2040 = ADVANCED_FACE ( 'NONE', ( #1929 ), #200, .F. ) ;
#2041 = CARTESIAN_POINT ( 'NONE',  ( -14.52746325139506212, -25.01208152476544910, -14.43598884465242449 ) ) ;
#2042 = DIRECTION ( 'NONE',  ( 0.000000000000000000, -1.000000000000000000, 0.000000000000000000 ) ) ;
#2043 = ORIENTED_EDGE ( 'NONE', *, *, #1221, .T. ) ;
#2044 = DIRECTION ( 'NONE',  ( 0.000000000000000000, -1.000000000000000000, 0.000000000000000000 ) ) ;
#2045 = MANIFOLD_SOLID_BREP ( 'Í¹Ì¨-À­Éì20', #2024 ) ;
#2046 = ORIENTED_EDGE ( 'NONE', *, *, #1408, .F. ) ;
#2047 = DIRECTION ( 'NONE',  ( -1.927470528863118802E-16, 1.000000000000000000, -0.000000000000000000 ) ) ;
#2048 = CARTESIAN_POINT ( 'NONE',  ( 8.116012192033037920, -21.96904332546900562, -18.73598884465242520 ) ) ;
#2049 = ORIENTED_EDGE ( 'NONE', *, *, #1765, .T. ) ;
#2050 = EDGE_CURVE ( 'NONE', #738, #582, #1567, .T. ) ;
#2051 = DIRECTION ( 'NONE',  ( 0.000000000000000000, -0.000000000000000000, 1.000000000000000000 ) ) ;
#2052 = LINE ( 'NONE', #1476, #2062 ) ;
#2053 = ORIENTED_EDGE ( 'NONE', *, *, #2121, .F. ) ;
#2054 = DIRECTION ( 'NONE',  ( -0.9999923097771847846, 0.003921783585402592587, 0.000000000000000000 ) ) ;
#2055 = PLANE ( 'NONE',  #174 ) ;
#2056 = ORIENTED_EDGE ( 'NONE', *, *, #2196, .T. ) ;
#2057 = PLANE ( 'NONE',  #215 ) ;
#2058 = DIRECTION ( 'NONE',  ( 1.000000000000000000, 0.000000000000000000, -6.162975822039154730E-33 ) ) ;
#2059 = ORIENTED_EDGE ( 'NONE', *, *, #1937, .F. ) ;
#2060 = DIRECTION ( 'NONE',  ( 1.000000000000000000, 0.000000000000000000, -0.000000000000000000 ) ) ;
#2061 = EDGE_CURVE ( 'NONE', #274, #1618, #1483, .T. ) ;
#2062 = VECTOR ( 'NONE', #1808, 1000.000000000000000 ) ;
#2063 = VECTOR ( 'NONE', #72, 1000.000000000000000 ) ;
#2064 = ORIENTED_EDGE ( 'NONE', *, *, #838, .T. ) ;
#2065 = DIRECTION ( 'NONE',  ( 0.000000000000000000, 0.000000000000000000, 1.000000000000000000 ) ) ;
#2066 = VECTOR ( 'NONE', #341, 1000.000000000000000 ) ;
#2067 = ADVANCED_FACE ( 'NONE', ( #1966 ), #1108, .T. ) ;
#2068 = CIRCLE ( 'NONE', #489, 1.799999999999999600 ) ;
#2069 = ORIENTED_EDGE ( 'NONE', *, *, #1241, .T. ) ;
#2070 = CARTESIAN_POINT ( 'NONE',  ( 11.47785475656087506, 9.759534074731627484, -19.43598884465242449 ) ) ;
#2071 = AXIS2_PLACEMENT_3D ( 'NONE', #67, #1120, #1806 ) ;
#2072 = CARTESIAN_POINT ( 'NONE',  ( 16.95518281285451678, 5.629380556555489079, -19.43598884465242449 ) ) ;
#2073 = VECTOR ( 'NONE', #1916, 1000.000000000000000 ) ;
#2074 = ORIENTED_EDGE ( 'NONE', *, *, #798, .T. ) ;
#2075 = LINE ( 'NONE', #25, #922 ) ;
#2076 = ORIENTED_EDGE ( 'NONE', *, *, #93, .T. ) ;
#2077 = CARTESIAN_POINT ( 'NONE',  ( -9.767229934837363459, -32.93981598067977501, -15.43598884465242627 ) ) ;
#2078 = SURFACE_SIDE_STYLE ('',( #32 ) ) ;
#2079 = ADVANCED_FACE ( 'NONE', ( #86, #640 ), #1129, .T. ) ;
#2080 = EDGE_LOOP ( 'NONE', ( #966, #1699, #132, #862 ) ) ;
#2081 = LINE ( 'NONE', #1890, #635 ) ;
#2082 = CARTESIAN_POINT ( 'NONE',  ( -14.52746325139506212, -20.05527226580415601, -27.02385407479282975 ) ) ;
#2083 = ORIENTED_EDGE ( 'NONE', *, *, #1834, .F. ) ;
#2084 = EDGE_LOOP ( 'NONE', ( #1414, #172 ) ) ;
#2085 = CARTESIAN_POINT ( 'NONE',  ( 6.316012192033038097, -21.96904332546900562, -18.73598884465242520 ) ) ;
#2086 = DIRECTION ( 'NONE',  ( -1.000000000000000000, 0.000000000000000000, 0.000000000000000000 ) ) ;
#2087 = ORIENTED_EDGE ( 'NONE', *, *, #1936, .T. ) ;
#2088 = DIRECTION ( 'NONE',  ( 0.000000000000000000, 0.000000000000000000, 1.000000000000000000 ) ) ;
#2089 = LINE ( 'NONE', #2117, #381 ) ;
#2090 = EDGE_CURVE ( 'NONE', #201, #648, #281, .T. ) ;
#2091 = FACE_OUTER_BOUND ( 'NONE', #516, .T. ) ;
#2092 = ORIENTED_EDGE ( 'NONE', *, *, #14, .F. ) ;
#2093 = EDGE_CURVE ( 'NONE', #666, #1040, #1625, .T. ) ;
#2094 = EDGE_LOOP ( 'NONE', ( #361, #1113, #1188, #1683 ) ) ;
#2095 = DIRECTION ( 'NONE',  ( 1.000000000000000000, 0.000000000000000000, 0.000000000000000000 ) ) ;
#2096 = EDGE_LOOP ( 'NONE', ( #1823, #592, #136, #125, #60, #1339, #342, #612, #732, #259 ) ) ;
#2097 = VECTOR ( 'NONE', #358, 1000.000000000000000 ) ;
#2098 = DIRECTION ( 'NONE',  ( -0.000000000000000000, -0.000000000000000000, -1.000000000000000000 ) ) ;
#2099 = LINE ( 'NONE', #566, #1742 ) ;
#2100 = VECTOR ( 'NONE', #1000, 1000.000000000000000 ) ;
#2101 = DIRECTION ( 'NONE',  ( 0.000000000000000000, 0.000000000000000000, 1.000000000000000000 ) ) ;
#2102 = ADVANCED_FACE ( 'NONE', ( #625 ), #2156, .F. ) ;
#2103 = ORIENTED_EDGE ( 'NONE', *, *, #665, .T. ) ;
#2104 = VECTOR ( 'NONE', #192, 1000.000000000000000 ) ;
#2105 = VECTOR ( 'NONE', #793, 1000.000000000000000 ) ;
#2106 = EDGE_CURVE ( 'NONE', #1321, #454, #385, .T. ) ;
#2107 = ORIENTED_EDGE ( 'NONE', *, *, #127, .T. ) ;
#2108 = CARTESIAN_POINT ( 'NONE',  ( -13.27079964696077852, 1.848234117621118555, -27.02385407479282975 ) ) ;
#2109 = ORIENTED_EDGE ( 'NONE', *, *, #828, .F. ) ;
#2110 = FACE_OUTER_BOUND ( 'NONE', #226, .T. ) ;
#2111 = DIRECTION ( 'NONE',  ( -1.000000000000000000, 0.000000000000000000, 0.000000000000000000 ) ) ;
#2112 = VERTEX_POINT ( 'NONE', #767 ) ;
#2113 = ADVANCED_FACE ( 'NONE', ( #1828 ), #1461, .T. ) ;
#2114 = CARTESIAN_POINT ( 'NONE',  ( 5.717338698558759091, -20.25839905514475703, -15.43598884465242627 ) ) ;
#2115 = VERTEX_POINT ( 'NONE', #292 ) ;
#2116 = CARTESIAN_POINT ( 'NONE',  ( -14.42982199563076051, 4.841691769827613179, -14.43598884465242449 ) ) ;
#2117 = CARTESIAN_POINT ( 'NONE',  ( 5.717338698558759091, -20.25839905514475703, -18.73598884465242520 ) ) ;
#2118 = DIRECTION ( 'NONE',  ( 1.000000000000000000, 0.000000000000000000, 0.000000000000000000 ) ) ;
#2119 = VERTEX_POINT ( 'NONE', #2004 ) ;
#2120 = CARTESIAN_POINT ( 'NONE',  ( 5.717338698558758203, -15.75839905514475703, -15.43598884465242627 ) ) ;
#2121 = EDGE_CURVE ( 'NONE', #709, #1955, #1099, .T. ) ;
#2122 = CARTESIAN_POINT ( 'NONE',  ( 7.416012192033038630, -21.96904332546900562, -19.43598884465242449 ) ) ;
#2123 = DIRECTION ( 'NONE',  ( -0.000000000000000000, -1.000000000000000000, -0.000000000000000000 ) ) ;
#2124 = ORIENTED_EDGE ( 'NONE', *, *, #1411, .F. ) ;
#2125 = EDGE_CURVE ( 'NONE', #487, #1308, #250, .T. ) ;
#2126 = LINE ( 'NONE', #240, #491 ) ;
#2127 = CARTESIAN_POINT ( 'NONE',  ( 0.000000000000000000, 0.000000000000000000, -15.43598884465242627 ) ) ;
#2128 = AXIS2_PLACEMENT_3D ( 'NONE', #1487, #112, #1122 ) ;
#2129 = DIRECTION ( 'NONE',  ( 0.000000000000000000, 0.000000000000000000, 1.000000000000000000 ) ) ;
#2130 = EDGE_LOOP ( 'NONE', ( #2185, #1574, #848, #1264, #1934, #466 ) ) ;
#2131 = DIRECTION ( 'NONE',  ( 1.000000000000000000, -0.000000000000000000, -0.000000000000000000 ) ) ;
#2132 = VECTOR ( 'NONE', #1722, 1000.000000000000000 ) ;
#2133 = AXIS2_PLACEMENT_3D ( 'NONE', #540, #550, #918 ) ;
#2134 = CIRCLE ( 'NONE', #1176, 1.795119473440676794 ) ;
#2135 = DIRECTION ( 'NONE',  ( -0.003921783585402592587, -0.9999923097771847846, -1.232595164407830535E-32 ) ) ;
#2136 = CARTESIAN_POINT ( 'NONE',  ( 6.316012192033038097, -21.96904332546900562, -15.43598884465242627 ) ) ;
#2137 = ORIENTED_EDGE ( 'NONE', *, *, #638, .T. ) ;
#2138 = DIRECTION ( 'NONE',  ( 1.000000000000000000, 0.000000000000000000, 0.000000000000000000 ) ) ;
#2139 = CARTESIAN_POINT ( 'NONE',  ( 11.47785475656087506, 9.759534074731627484, -15.43598884465242627 ) ) ;
#2140 = EDGE_CURVE ( 'NONE', #1321, #1091, #513, .T. ) ;
#2141 = LINE ( 'NONE', #608, #1849 ) ;
#2142 = ORIENTED_EDGE ( 'NONE', *, *, #870, .T. ) ;
#2143 = ORIENTED_EDGE ( 'NONE', *, *, #939, .F. ) ;
#2144 = CARTESIAN_POINT ( 'NONE',  ( -9.768004336331001625, 0.000000000000000000, -15.43598884465242627 ) ) ;
#2145 = EDGE_LOOP ( 'NONE', ( #893, #928, #751, #1760 ) ) ;
#2146 = CARTESIAN_POINT ( 'NONE',  ( 5.717338698558758203, -15.75839905514475703, -15.43598884465242627 ) ) ;
#2147 = LINE ( 'NONE', #2174, #1495 ) ;
#2148 = DIRECTION ( 'NONE',  ( -1.000000000000000000, 0.000000000000000000, 0.000000000000000000 ) ) ;
#2149 = VERTEX_POINT ( 'NONE', #1200 ) ;
#2150 = CARTESIAN_POINT ( 'NONE',  ( 5.717338698558759091, -20.25839905514475703, -15.43598884465242627 ) ) ;
#2151 = ADVANCED_FACE ( 'NONE', ( #327 ), #864, .F. ) ;
#2152 = LINE ( 'NONE', #139, #1459 ) ;
#2153 = ORIENTED_EDGE ( 'NONE', *, *, #1834, .T. ) ;
#2154 = ADVANCED_FACE ( 'NONE', ( #1509, #2181 ), #478, .F. ) ;
#2155 = LINE ( 'NONE', #1494, #1712 ) ;
#2156 = PLANE ( 'NONE',  #1031 ) ;
#2157 = ORIENTED_EDGE ( 'NONE', *, *, #1761, .T. ) ;
#2158 = CYLINDRICAL_SURFACE ( 'NONE', #1953, 1.149999999999999911 ) ;
#2159 = LINE ( 'NONE', #1997, #1134 ) ;
#2160 = LINE ( 'NONE', #176, #1026 ) ;
#2161 = EDGE_LOOP ( 'NONE', ( #2109, #829, #1646, #1772 ) ) ;
#2162 = LINE ( 'NONE', #667, #1250 ) ;
#2163 = VECTOR ( 'NONE', #1726, 1000.000000000000000 ) ;
#2164 = CARTESIAN_POINT ( 'NONE',  ( 4.090160205385381609, -23.66774369149495172, -17.67598695563342304 ) ) ;
#2165 = ORIENTED_EDGE ( 'NONE', *, *, #1623, .T. ) ;
#2166 = AXIS2_PLACEMENT_3D ( 'NONE', #620, #1657, #1515 ) ;
#2167 = VECTOR ( 'NONE', #1543, 1000.000000000000000 ) ;
#2168 = ADVANCED_FACE ( 'NONE', ( #2026 ), #303, .F. ) ;
#2169 = DIRECTION ( 'NONE',  ( 0.000000000000000000, -1.000000000000000000, 0.000000000000000000 ) ) ;
#2170 = VECTOR ( 'NONE', #1766, 1000.000000000000000 ) ;
#2171 = AXIS2_PLACEMENT_3D ( 'NONE', #76, #931, #396 ) ;
#2172 = VERTEX_POINT ( 'NONE', #39 ) ;
#2173 = CARTESIAN_POINT ( 'NONE',  ( 0.5234178088539507279, -15.28367234013760800, -15.43598884465242627 ) ) ;
#2174 = CARTESIAN_POINT ( 'NONE',  ( 5.290160205385380898, -32.93981598067977501, -15.43598884465242627 ) ) ;
#2175 = ORIENTED_EDGE ( 'NONE', *, *, #1426, .F. ) ;
#2176 = PLANE ( 'NONE',  #1816 ) ;
#2177 = CARTESIAN_POINT ( 'NONE',  ( 6.316012192033038097, -21.96904332546900562, -17.23598884465242520 ) ) ;
#2178 = VERTEX_POINT ( 'NONE', #894 ) ;
#2179 = CARTESIAN_POINT ( 'NONE',  ( -14.42982199563076051, 4.841691769827613179, -19.43598884465242449 ) ) ;
#2180 = ADVANCED_FACE ( 'NONE', ( #1260 ), #1564, .F. ) ;
#2181 = FACE_OUTER_BOUND ( 'NONE', #820, .T. ) ;
#2182 = ORIENTED_EDGE ( 'NONE', *, *, #641, .F. ) ;
#2183 = DIRECTION ( 'NONE',  ( 0.000000000000000000, 0.000000000000000000, 1.000000000000000000 ) ) ;
#2184 = FACE_OUTER_BOUND ( 'NONE', #1126, .T. ) ;
#2185 = ORIENTED_EDGE ( 'NONE', *, *, #181, .F. ) ;
#2186 = CARTESIAN_POINT ( 'NONE',  ( -9.768004336331001625, 4.841691769827613179, -15.43598884465242627 ) ) ;
#2187 = LINE ( 'NONE', #1526, #1572 ) ;
#2188 = ORIENTED_EDGE ( 'NONE', *, *, #1008, .F. ) ;
#2189 = DIRECTION ( 'NONE',  ( 1.000000000000000000, -0.000000000000000000, 0.000000000000000000 ) ) ;
#2190 = DIRECTION ( 'NONE',  ( -0.000000000000000000, -0.000000000000000000, -1.000000000000000000 ) ) ;
#2191 = ADVANCED_FACE ( 'NONE', ( #206 ), #528, .F. ) ;
#2192 = ORIENTED_EDGE ( 'NONE', *, *, #1735, .T. ) ;
#2193 = CARTESIAN_POINT ( 'NONE',  ( 5.755926323253249599, -20.25839905514475703, -18.73598884465242520 ) ) ;
#2194 = DIRECTION ( 'NONE',  ( 0.000000000000000000, -1.000000000000000000, 0.000000000000000000 ) ) ;
#2195 = EDGE_CURVE ( 'NONE', #1140, #51, #2075, .T. ) ;
#2196 = EDGE_CURVE ( 'NONE', #974, #1419, #1896, .T. ) ;
#2197 = ORIENTED_EDGE ( 'NONE', *, *, #532, .F. ) ;
#2198 = FACE_OUTER_BOUND ( 'NONE', #1267, .T. ) ;
#2199 = CARTESIAN_POINT ( 'NONE',  ( 6.316012192033038097, -21.96904332546900562, -17.67598695563342304 ) ) ;
#2200 = ORIENTED_EDGE ( 'NONE', *, *, #16, .F. ) ;
#2201 = VECTOR ( 'NONE', #152, 1000.000000000000000 ) ;
#2202 = UNCERTAINTY_MEASURE_WITH_UNIT (LENGTH_MEASURE( 1.000000000000000082E-05 ), #1906, 'distance_accuracy_value', 'NONE');
#2203 = VECTOR ( 'NONE', #1258, 1000.000000000000000 ) ;
#2204 = VECTOR ( 'NONE', #2035, 1000.000000000000000 ) ;
#2205 = CARTESIAN_POINT ( 'NONE',  ( 11.47785475656087506, 5.629380556555489079, -15.43598884465242627 ) ) ;
#2206 = VECTOR ( 'NONE', #1661, 1000.000000000000000 ) ;
#2207 = VECTOR ( 'NONE', #1072, 1000.000000000000000 ) ;
#2208 = CARTESIAN_POINT ( 'NONE',  ( 6.316012192033038097, -21.96904332546900562, -19.43598884465242449 ) ) ;
#2209 = ORIENTED_EDGE ( 'NONE', *, *, #83, .F. ) ;
#2210 = DIRECTION ( 'NONE',  ( 1.000000000000000000, 0.000000000000000000, 0.000000000000000000 ) ) ;
#2211 = FACE_OUTER_BOUND ( 'NONE', #356, .T. ) ;
ENDSEC;
END-ISO-10303-21;
